10.072,18.132,1027.8,2.6356,346.2,1.2,3.0,1024.7,24.7,1027.3,100.02
10.386,19.48,1006.5,3.6384,33.8,0.1,0.0,1017.7,24.2,1028.0,100.03
9.9408,17.982,1037.5,2.5758,761.2,2.7,8.0,1013.5,43.4,1017.8,100.04
10.093,18.091,1028.7,2.6372,543.4,2.0,5.0,1023.3,27.8,1027.1,100.07
10.072,18.232,1026.9,3.8423,0.0,0.0,0.0,1013.7,45.0,1021.9,100.14
9.9813,17.761,1038.7,2.7893,706.2,2.5,7.0,1014.4,48.2,1016.7,100.2
9.9399,17.719,1031.5,2.6382,0.0,0.0,0.0,1010.6,0.0,1013.9,100.2
9.8518,17.939,1033.0,2.9383,0.0,0.0,0.0,1008.0,46.0,1012.1,100.22
10.071,18.039,1030.6,2.6063,487.6,1.8,5.0,1023.9,24.0,1027.2,100.36
10.214,18.011,1022.6,2.5765,30.5,0.1,0.0,1021.3,89.1,1009.2,100.38
10.0,17.698,1033.6,2.6684,0.0,0.0,0.0,1011.0,60.0,1013.9,100.41
10.116,17.972,1040.3,2.7959,337.5,1.2,3.0,1018.2,0.0,1020.7,100.47
10.177,18.215,1025.8,2.6549,170.1,0.6,2.0,1026.5,9.0,1025.2,100.5
10.009,18.108,1026.1,2.5644,0.0,0.0,0.0,1015.9,0.0,1020.2,100.51
10.099,18.411,1036.6,2.7446,0.0,0.0,0.0,1013.5,0.0,1011.0,100.57
10.269,18.003,1026.7,2.6331,0.0,0.0,0.0,1032.9,47.6,1023.2,100.57
9.9178,17.741,1033.6,2.6533,0.0,0.0,0.0,1010.8,60.0,1013.1,100.57
10.178,23.257,1018.0,2.6452,344.7,1.2,3.0,1024.4,51.3,1021.2,100.58
10.104,18.029,1028.8,2.605,0.0,0.0,0.0,1016.4,77.9,1017.9,100.59
10.003,18.153,1040.0,2.8203,750.8,2.7,8.0,1014.3,46.6,1017.6,100.59
10.055,18.152,1037.9,3.0217,110.0,0.4,1.0,1018.0,8.7,1014.9,100.59
10.087,17.92,1040.0,2.901,389.4,1.4,4.0,1022.1,81.0,1024.9,100.6
9.9595,17.857,1035.4,2.6549,0.0,0.0,0.0,1011.0,0.0,1013.8,100.6
10.205,18.05,1025.0,2.617,0.0,0.0,0.0,1033.3,24.6,1023.2,100.63
10.181,18.518,1042.2,2.9388,831.3,3.0,8.0,1017.9,0.0,1021.0,100.64
10.179,18.571,1016.7,2.8485,256.6,0.9,3.0,1029.5,4.5,1032.4,100.64
10.078,18.333,1041.3,2.9243,751.5,2.7,8.0,1017.2,0.0,1021.0,100.66
10.008,18.037,1029.4,2.6075,0.0,0.0,0.0,1016.2,77.9,1017.9,100.67
10.13,18.312,1041.2,2.8983,819.7,3.0,8.0,1017.4,0.0,1020.9,100.71
10.148,17.984,1030.5,2.568,0.0,0.0,0.0,1022.5,0.0,1028.3,100.71
9.9358,18.044,1038.8,2.6029,61.2,0.2,1.0,1010.1,90.0,1010.8,100.72
10.081,18.0,1038.1,3.0645,0.0,0.0,0.0,1017.0,48.2,1017.0,100.74
9.9239,17.826,1035.0,2.6295,0.0,0.0,0.0,1010.9,0.0,1013.9,100.74
10.081,18.303,1040.4,2.8625,0.0,0.0,0.0,1010.7,8.8,1014.1,100.74
10.102,17.984,1035.1,2.6241,434.1,1.6,4.0,1026.1,25.0,1027.2,100.74
9.9892,18.443,1030.9,2.9146,0.0,0.0,0.0,1003.2,89.0,1010.3,100.75
9.9836,17.862,1034.3,2.5364,0.0,0.0,0.0,1015.2,0.0,1014.8,100.78
10.225,18.676,1019.0,2.6568,190.0,0.7,2.0,1016.1,0.0,1020.1,100.83
9.9995,18.031,1030.2,2.5991,6.1,0.0,0.0,1016.1,84.3,1017.9,100.85
9.8708,17.738,1036.5,2.5376,0.0,0.0,0.0,1015.1,0.0,1014.8,100.85
10.118,18.0,1036.2,2.6216,326.0,1.2,3.0,1025.9,12.7,1027.2,100.87
9.9825,17.994,1032.6,2.2209,123.3,0.4,1.0,1011.1,87.9,1013.0,100.88
10.428,19.603,1009.0,3.6567,0.0,0.0,0.0,1017.7,24.0,1028.1,100.9
9.9358,17.998,1027.0,2.6318,0.0,0.0,0.0,1011.4,43.3,1023.0,100.94
10.053,17.94,1038.1,2.6289,2.8,0.0,0.0,1017.0,83.1,1016.9,100.94
10.104,18.15,1029.9,2.5995,533.9,1.9,5.0,1023.1,27.7,1026.2,100.95
10.007,18.14,1040.0,2.8394,764.8,2.8,8.0,1014.7,48.2,1016.9,100.97
10.179,18.182,1041.7,2.9666,399.4,1.4,4.0,1019.2,48.3,1023.1,101.02
10.237,18.047,1020.6,2.5639,6.3,0.0,0.0,1021.2,89.4,1009.2,101.04
10.058,17.953,1027.5,2.5559,174.4,0.6,2.0,1021.2,89.1,1010.0,101.05
10.023,19.562,1028.2,2.546,0.0,0.0,0.0,1009.5,0.0,1018.0,101.09
10.151,18.02,1039.0,2.6423,44.2,0.2,0.0,1025.8,14.8,1026.3,101.1
10.067,18.029,1039.6,2.5565,0.0,0.0,0.0,1012.2,5.2,1015.1,101.12
10.186,18.175,1023.2,2.6125,389.4,1.4,4.0,1033.0,33.5,1023.3,101.18
10.11,20.56,1020.2,2.4888,0.0,0.0,0.0,1014.2,56.9,1019.3,101.19
10.112,18.174,1031.4,2.6098,409.4,1.5,4.0,1026.8,23.9,1025.4,101.21
10.134,18.005,1038.8,2.6269,178.1,0.6,2.0,1025.8,21.2,1027.2,101.24
10.315,18.602,1007.9,2.2648,0.0,0.0,0.0,1024.7,90.3,1022.1,101.26
10.185,18.168,1024.6,2.6005,303.9,1.1,3.0,1033.1,48.8,1022.1,101.27
10.096,17.94,1027.0,2.5894,67.4,0.2,1.0,1020.3,89.1,1018.3,101.29
10.259,18.036,1019.8,2.5895,0.1,0.0,0.0,1021.1,89.4,1009.3,101.3
10.014,17.99,1029.3,2.8111,0.0,0.0,0.0,1011.2,8.7,1023.0,101.32
10.167,18.07,1038.9,2.6632,0.0,0.0,0.0,1025.8,13.3,1026.1,101.32
10.136,18.134,1041.6,2.9491,393.5,1.4,4.0,1022.0,51.2,1025.1,101.34
10.157,18.502,1022.9,3.1211,0.0,0.0,0.0,1012.5,52.3,1017.0,101.34
10.116,18.309,1024.6,2.5923,49.7,0.2,0.0,1022.9,0.0,1025.1,101.35
9.9723,17.962,1031.2,2.8691,0.0,0.0,0.0,1006.3,49.4,1016.0,101.37
10.14,18.144,1025.7,2.6041,0.0,0.0,0.0,1022.2,0.0,1025.1,101.39
10.281,18.045,1020.1,2.615,0.0,0.0,0.0,1021.1,89.4,1010.1,101.39
10.076,18.432,1022.9,3.1919,0.0,0.0,0.0,1011.6,83.1,1013.9,101.43
10.146,18.063,1029.0,2.5805,0.0,0.0,0.0,1019.1,77.0,1012.5,101.43
9.9046,18.601,1037.2,2.9728,0.0,0.0,0.0,1006.7,0.0,1016.9,101.46
10.088,17.913,1033.0,2.6667,175.2,0.6,2.0,1015.2,5.3,1019.0,101.46
10.14,18.297,1023.4,2.593,0.0,0.0,0.0,1022.7,0.0,1025.2,101.47
10.042,18.103,1027.7,2.5601,45.9,0.2,0.0,1016.3,0.0,1020.1,101.48
10.041,23.436,1026.6,2.5095,0.0,0.0,0.0,1013.3,89.1,1019.3,101.49
10.087,18.027,1035.8,2.5942,470.5,1.7,5.0,1026.4,25.0,1027.1,101.5
10.216,18.26,1023.9,2.6259,0.0,0.0,0.0,1021.2,82.0,1023.2,101.53
10.161,18.256,1029.4,2.6436,303.9,1.1,3.0,1026.7,1.4,1025.2,101.54
10.128,18.316,1024.2,2.5849,0.0,0.0,0.0,1022.9,0.0,1025.2,101.57
10.065,18.043,1032.6,2.5879,0.0,0.0,0.0,1022.7,0.0,1029.1,101.6
10.072,18.21,1030.7,2.647,224.5,0.8,2.0,1024.9,8.8,1028.1,101.61
10.084,18.029,1032.0,2.5793,0.0,0.0,0.0,1023.0,0.0,1029.2,101.62
10.124,18.558,1033.2,2.2346,451.0,1.6,5.0,1014.2,55.4,1011.2,101.63
10.03,17.929,1034.7,2.5943,0.0,0.0,0.0,1005.9,25.6,1007.9,101.64
10.016,18.119,1028.6,2.5612,0.0,0.0,0.0,1016.2,0.0,1020.1,101.65
10.034,18.151,1028.6,2.5956,0.0,0.0,0.0,1015.7,0.0,1020.1,101.65
10.063,20.523,1024.3,2.7855,0.0,0.0,0.0,1004.7,89.1,1009.3,101.66
9.9695,18.011,1033.3,2.599,0.0,0.0,0.0,1016.1,83.1,1018.0,101.72
10.104,18.284,1028.1,2.6011,197.5,0.7,2.0,1023.0,0.0,1025.2,101.76
10.221,18.096,1029.0,2.5762,0.0,0.0,0.0,1022.7,0.0,1030.3,101.78
10.47,19.727,1011.4,3.675,0.0,0.0,0.0,1017.7,24.0,1028.8,101.78
10.183,18.15,1037.9,2.6758,0.0,0.0,0.0,1025.5,4.3,1026.1,101.78
10.136,18.031,1030.3,2.5563,70.5,0.3,1.0,1024.1,47.1,1021.0,101.81
9.9511,17.857,1035.6,2.6272,0.0,0.0,0.0,1010.7,0.0,1013.8,101.83
10.091,18.029,1034.5,2.5775,0.0,0.0,0.0,1022.4,0.0,1029.1,101.83
9.9605,18.065,1030.0,2.6577,0.0,0.0,0.0,1011.3,8.7,1023.1,101.85
10.186,18.189,1026.1,2.602,381.1,1.4,4.0,1032.9,45.2,1023.1,101.85
10.137,18.131,1029.8,2.6356,0.0,0.0,0.0,1015.5,0.0,1020.1,101.86
9.9843,18.295,1029.7,3.7589,0.0,0.0,0.0,1013.3,20.9,1021.9,101.88
10.314,18.069,1030.7,2.6249,5.0,0.0,0.0,1032.6,0.0,1024.0,101.88
10.187,18.301,1025.6,2.5977,0.0,0.0,0.0,1020.9,83.1,1023.2,101.89
10.093,17.878,1040.6,2.5824,0.0,0.0,0.0,1016.0,89.1,1011.9,101.91
10.244,18.225,1026.4,2.6099,312.3,1.1,3.0,1033.0,47.6,1022.0,101.91
10.106,18.237,1030.0,2.5954,349.9,1.3,3.0,1023.0,0.0,1025.3,101.98
10.121,18.24,1041.3,2.8495,347.8,1.3,3.0,1018.2,0.0,1019.9,101.98
10.219,18.469,1042.6,2.9017,829.8,3.0,8.0,1017.6,0.0,1020.9,101.99
10.033,18.207,1040.7,2.8015,0.0,0.0,0.0,1010.7,8.8,1014.1,102.0
10.236,18.134,1026.5,2.6003,0.0,0.0,0.0,1020.2,83.1,1020.3,102.01
10.171,18.542,1038.8,2.7695,0.0,0.0,0.0,1013.6,0.0,1011.1,102.06
10.116,18.265,1030.7,2.5962,466.6,1.7,5.0,1023.3,0.0,1025.3,102.07
10.245,18.296,1026.6,2.654,0.0,0.0,0.0,1021.6,83.1,1024.0,102.08
10.061,18.086,1038.2,2.9767,0.0,0.0,0.0,1011.1,44.0,1013.1,102.14
10.196,18.106,1030.1,2.6158,0.0,0.0,0.0,1033.0,44.0,1024.0,102.15
10.129,18.292,1028.4,2.592,0.0,0.0,0.0,1020.3,78.2,1023.0,102.18
10.186,18.436,1027.6,2.6121,0.0,0.0,0.0,1020.0,89.1,1022.1,102.19
10.128,18.247,1033.8,3.4929,0.0,0.0,0.0,1013.0,26.3,1022.1,102.21
10.126,18.14,1033.6,2.5818,0.0,0.0,0.0,1022.9,0.0,1030.1,102.23
9.9863,18.177,1037.2,2.6638,0.0,0.0,0.0,1015.1,24.6,1018.1,102.23
10.228,18.03,1026.7,2.5865,0.3,0.0,0.0,1020.3,87.9,1020.1,102.24
10.065,18.0,1029.9,2.5636,0.0,0.0,0.0,1019.0,8.8,1022.2,102.24
10.206,18.054,1034.9,2.5904,0.0,0.0,0.0,1022.5,3.9,1028.0,102.29
10.12,21.124,1028.6,2.426,218.2,0.8,2.0,1005.7,89.4,1024.2,102.3
10.179,18.157,1029.7,2.5998,0.0,0.0,0.0,1031.7,8.8,1024.1,102.34
10.066,18.214,1041.0,2.8092,0.0,0.0,0.0,1012.9,0.0,1016.0,102.36
10.123,23.806,1036.1,2.651,697.7,2.5,7.0,1020.8,50.0,1023.1,102.4
10.052,18.448,1035.4,2.8414,47.8,0.2,0.0,1011.6,83.4,1020.0,102.43
10.099,18.512,1041.4,2.7436,226.3,0.8,2.0,1013.0,50.0,1019.8,102.44
10.23,18.153,1030.2,2.6001,0.0,0.0,0.0,1031.9,57.0,1023.3,102.45
10.153,18.734,1034.7,2.6628,0.0,0.0,0.0,1013.7,87.8,1011.7,102.47
9.8806,18.321,1036.0,3.6755,0.0,0.0,0.0,1012.9,17.9,1022.0,102.47
10.225,19.236,1040.4,3.2273,0.0,0.0,0.0,1007.2,50.0,1010.9,102.47
10.159,18.372,1041.9,2.8339,527.6,1.9,5.0,1018.2,0.0,1019.9,102.48
10.258,19.059,1023.5,3.5002,0.0,0.0,0.0,1024.1,0.0,1018.9,102.48
9.9857,18.165,1038.3,2.83,761.4,2.7,8.0,1006.7,87.9,1014.9,102.49
10.184,18.085,1026.8,2.5875,18.0,0.1,0.0,1020.3,87.9,1019.3,102.52
10.174,18.648,1038.2,2.6137,2.3,0.0,0.0,1015.2,0.0,1014.0,102.52
10.187,19.125,1042.6,3.1032,623.9,2.2,6.0,1013.4,25.8,1017.9,102.57
10.088,23.143,1028.4,2.4903,0.0,0.0,0.0,1013.7,89.1,1020.0,102.57
9.9466,18.106,1040.0,2.601,77.9,0.3,1.0,1016.1,89.1,1017.0,102.61
10.096,18.152,1037.2,2.598,457.0,1.6,5.0,1026.6,2.3,1026.3,102.66
10.512,19.85,1013.9,3.6933,0.0,0.0,0.0,1017.7,8.9,1028.8,102.66
10.121,18.796,1026.8,2.6421,54.6,0.2,1.0,1019.0,0.0,1024.1,102.67
9.9521,18.214,1040.0,2.6399,0.0,0.0,0.0,1011.7,0.0,1009.8,102.68
10.195,18.166,1030.8,2.6107,169.8,0.6,2.0,1032.3,85.9,1022.9,102.76
10.337,19.388,1025.7,3.5586,0.0,0.0,0.0,1023.9,0.0,1018.1,102.77
10.185,19.879,1018.8,2.7025,0.0,0.0,0.0,1007.6,0.0,1015.1,102.79
10.204,18.202,1031.0,2.5918,0.0,0.0,0.0,1031.8,57.0,1024.0,102.82
10.278,18.88,1044.9,3.0213,627.3,2.3,6.0,1017.3,0.0,1021.0,102.88
10.292,18.381,1028.9,2.688,0.0,0.0,0.0,1022.1,83.1,1023.3,102.9
10.181,18.93,1041.5,3.1901,0.0,0.0,0.0,1005.1,50.0,1010.8,102.9
10.222,18.309,1030.5,2.6186,350.8,1.3,4.0,1032.5,44.0,1023.2,102.9
10.14,18.036,1030.6,2.5885,52.2,0.2,1.0,1020.3,89.1,1019.1,102.92
10.158,18.338,1030.2,2.5852,0.0,0.0,0.0,1020.6,78.2,1023.1,102.93
10.268,18.261,1035.4,2.5981,5.3,0.0,0.0,1029.5,48.8,1022.2,102.98
10.156,18.452,1042.7,2.9146,676.8,2.4,7.0,1018.1,0.0,1020.7,102.99
10.031,20.063,1035.8,2.2512,1.3,0.0,0.0,1017.4,0.0,1022.0,103.02
10.014,18.119,1033.8,2.6108,0.0,0.0,0.0,1014.6,24.6,1018.9,103.02
10.16,18.256,1042.0,2.8438,162.1,0.6,2.0,1018.0,0.0,1019.9,103.03
9.9893,18.243,1034.0,3.4319,0.0,0.0,0.0,1014.4,52.2,1022.8,103.06
10.252,19.17,1031.3,3.09,0.0,0.0,0.0,1018.2,30.0,1013.9,103.07
10.058,18.74,1028.9,2.6397,298.1,1.1,3.0,1017.4,0.0,1023.0,103.07
10.132,18.142,1040.8,2.6271,8.3,0.0,0.0,1016.1,89.1,1017.0,103.07
10.111,19.328,1037.0,2.2535,174.3,0.6,2.0,1017.2,41.4,1022.3,103.11
10.2,18.142,1032.8,2.6099,0.0,0.0,0.0,1031.9,20.8,1024.1,103.13
10.152,18.318,1041.7,2.7586,0.0,0.0,0.0,1010.5,0.0,1021.1,103.13
10.068,19.987,1035.9,2.2351,67.9,0.2,1.0,1017.4,41.4,1022.1,103.14
10.081,22.3,1025.9,2.5621,153.8,0.6,2.0,1021.0,48.6,1027.2,103.18
10.344,19.222,1046.7,3.0933,97.7,0.4,1.0,1018.9,24.7,1020.8,103.19
9.9479,18.284,1038.3,2.8197,479.3,1.7,5.0,1006.8,88.1,1014.0,103.2
10.111,18.964,1016.7,3.0128,0.0,0.0,0.0,1017.9,0.0,1023.0,103.2
10.104,18.027,1039.6,2.6288,0.0,0.0,0.0,1010.3,48.2,1014.8,103.21
10.185,19.191,1032.2,3.149,0.0,0.0,0.0,1014.0,48.7,1015.0,103.24
10.012,18.165,1031.7,2.6027,0.0,0.0,0.0,1014.3,24.6,1019.0,103.29
10.206,18.195,1033.3,2.6042,0.0,0.0,0.0,1032.4,45.0,1024.1,103.3
10.221,18.967,1045.1,2.9839,779.1,2.8,8.0,1017.9,0.0,1020.9,103.36
10.088,19.132,1035.4,2.216,0.0,0.0,0.0,1017.0,0.0,1021.3,103.37
10.13,18.305,1042.0,2.9838,0.0,0.0,0.0,1021.4,8.8,1023.9,103.4
9.9636,18.831,1025.7,2.653,4.4,0.0,0.0,1018.7,0.0,1023.1,103.41
10.236,18.497,1043.2,2.8886,517.9,1.9,5.0,1018.1,0.0,1020.7,103.42
10.293,19.036,1045.7,3.0264,821.8,3.0,8.0,1017.9,0.0,1021.7,103.42
10.167,18.8,1030.1,2.6313,114.3,0.4,1.0,1018.8,12.8,1024.1,103.44
10.129,18.542,1042.1,3.4085,0.0,0.0,0.0,1020.3,78.2,1024.1,103.47
10.276,18.224,1032.3,2.6064,369.6,1.3,4.0,1031.9,85.9,1022.9,103.47
10.087,18.537,1041.1,3.4907,0.0,0.0,0.0,1013.4,20.9,1022.1,103.49
10.164,18.906,1024.6,2.2674,0.0,0.0,0.0,1009.6,89.1,1014.4,103.51
10.292,18.365,1031.1,2.6202,325.6,1.2,3.0,1031.6,83.4,1023.1,103.52
10.191,20.917,1035.0,2.2409,0.0,0.0,0.0,1016.6,0.0,1021.2,103.52
10.554,19.973,1016.4,3.7116,0.0,0.0,0.0,1017.7,5.3,1028.1,103.54
9.9999,18.182,1032.6,2.595,8.0,0.0,0.0,1013.9,48.8,1018.0,103.54
10.117,18.871,1031.5,2.8805,11.3,0.0,0.0,1008.3,11.5,1013.2,103.57
10.196,19.106,1042.9,3.2247,0.0,0.0,0.0,1005.3,40.0,1010.1,103.58
10.182,18.562,1030.0,2.8913,0.0,0.0,0.0,1012.8,0.0,1013.8,103.6
9.9528,18.809,1030.0,2.7097,40.0,0.1,0.0,1017.6,0.0,1022.2,103.61
10.144,18.678,1039.1,2.9511,214.5,0.8,2.0,1009.3,89.1,1013.9,103.61
10.233,18.863,1018.9,2.7071,52.7,0.2,1.0,1019.2,90.3,1006.1,103.63
10.255,18.709,1043.3,2.7898,721.7,2.6,7.0,1013.5,38.3,1019.9,103.64
10.216,18.136,1035.5,2.6293,0.0,0.0,0.0,1033.2,24.6,1023.2,103.65
10.199,18.342,1037.5,2.6845,0.0,0.0,0.0,1025.1,4.3,1026.0,103.7
10.308,19.115,1046.2,3.078,750.6,2.7,8.0,1018.3,24.7,1020.0,103.72
10.359,18.166,1036.5,2.6251,87.9,0.3,1.0,1032.3,25.2,1023.3,103.72
10.126,18.441,1041.8,2.6221,92.8,0.3,1.0,1009.8,86.9,1021.0,103.73
10.255,18.221,1034.3,2.5997,50.6,0.2,1.0,1032.2,84.5,1023.1,103.74
10.229,18.89,1030.9,2.9156,0.0,0.0,0.0,1007.9,100.0,1014.9,103.75
10.181,18.816,1031.2,2.6465,0.0,0.0,0.0,1016.8,99.4,1019.2,103.75
10.172,18.861,1032.4,2.8981,0.0,0.0,0.0,1008.1,40.0,1014.1,103.76
10.286,18.444,1029.6,2.7344,0.0,0.0,0.0,1025.3,83.0,1033.2,103.8
10.088,24.202,1038.9,2.6481,0.0,0.0,0.0,1006.8,50.0,1023.2,103.85
10.26,18.814,1043.4,2.7715,390.0,1.4,4.0,1013.2,8.7,1019.9,103.87
10.138,18.776,1031.5,2.6964,0.0,0.0,0.0,1014.6,86.9,1015.0,103.89
10.204,18.918,1020.1,2.6934,59.6,0.2,1.0,1019.3,90.3,1006.1,103.9
10.102,18.847,1034.6,2.863,122.6,0.4,1.0,1008.5,80.0,1013.1,103.9
10.048,18.434,1039.5,2.8575,405.3,1.5,4.0,1006.8,88.1,1013.9,103.92
10.155,22.6,1040.2,2.607,0.0,0.0,0.0,1009.9,0.0,1017.9,103.92
10.153,20.463,1039.8,2.2571,240.3,0.9,2.0,1017.2,43.6,1023.1,103.94
10.108,18.409,1042.2,2.592,0.0,0.0,0.0,1011.8,8.7,1014.0,103.95
10.165,19.16,1018.6,2.6952,0.0,0.0,0.0,1018.0,29.5,1019.2,103.99
10.131,18.219,1041.0,2.6615,0.0,0.0,0.0,1010.5,8.7,1014.9,103.99
10.19,24.664,1028.0,2.5556,0.0,0.0,0.0,1010.6,0.0,1023.1,104.0
10.383,19.025,1016.0,2.7448,0.0,0.0,0.0,1018.7,87.9,1005.8,104.04
10.173,19.228,1020.6,2.6168,0.0,0.0,0.0,1012.5,54.9,1017.0,104.04
10.071,23.394,1038.0,2.6171,0.0,0.0,0.0,1007.3,98.9,1023.1,104.04
9.96,18.408,1039.1,2.8487,544.0,2.0,5.0,1006.5,86.9,1013.3,104.05
10.218,19.593,1023.5,2.6,0.0,0.0,0.0,1012.0,65.3,1016.1,104.07
10.203,18.768,1030.8,2.8898,0.0,0.0,0.0,1009.3,89.1,1007.2,104.1
9.9244,18.413,1040.2,2.8474,719.6,2.6,7.0,1006.9,88.1,1014.2,104.1
10.31,18.232,1035.4,2.5957,396.6,1.4,4.0,1032.0,85.9,1022.9,104.11
10.268,19.174,1019.8,2.6702,0.0,0.0,0.0,1020.6,51.2,1022.1,104.11
10.22,18.365,1038.4,2.6094,0.0,0.0,0.0,1013.7,0.0,1015.0,104.17
10.016,18.818,1031.7,2.6747,163.6,0.6,2.0,1017.5,0.0,1023.0,104.19
10.154,18.974,1039.8,2.2355,390.0,1.4,4.0,1017.3,77.6,1023.1,104.21
10.211,18.961,1031.1,2.6554,322.4,1.2,3.0,1017.4,0.0,1022.2,104.22
10.199,18.498,1038.5,3.5789,0.0,0.0,0.0,1014.4,44.0,1022.7,104.28
10.375,18.676,1027.7,2.7372,0.0,0.0,0.0,1025.0,0.0,1033.2,104.32
10.362,20.104,1017.2,2.963,0.0,0.0,0.0,1007.5,89.4,1018.3,104.33
10.088,18.705,1031.7,3.1246,0.0,0.0,0.0,1016.8,89.4,1022.2,104.33
10.197,18.573,1042.8,2.6468,210.4,0.8,2.0,1010.1,53.6,1020.9,104.35
10.041,18.743,1036.2,2.6948,377.5,1.4,4.0,1000.7,57.0,1019.0,104.36
10.161,18.916,1036.8,2.8506,295.5,1.1,3.0,1009.0,80.0,1013.0,104.39
10.088,18.506,1043.2,2.5383,77.9,0.3,1.0,1017.6,88.2,1020.0,104.4
10.596,20.097,1018.9,3.7299,0.0,0.0,0.0,1017.7,5.3,1028.0,104.42
10.276,19.283,1025.9,2.8959,0.0,0.0,0.0,1022.2,89.0,1006.1,104.42
10.008,18.762,1032.2,2.6345,0.0,0.0,0.0,1015.4,0.0,1022.1,104.44
10.178,21.758,1042.0,2.6243,0.0,0.0,0.0,1009.0,8.7,1017.1,104.45
10.229,18.157,1039.0,2.6489,0.0,0.0,0.0,1033.1,43.8,1023.2,104.47
10.225,18.696,1043.5,3.4273,0.0,0.0,0.0,1020.3,45.0,1024.9,104.48
10.241,18.793,1043.2,3.1063,13.8,0.0,0.0,1017.7,43.8,1015.8,104.49
10.234,19.147,1037.2,2.6938,0.0,0.0,0.0,1005.8,86.9,1010.9,104.52
9.9763,18.718,1034.5,3.0626,0.0,0.0,0.0,1016.7,83.7,1022.2,104.54
10.208,19.506,1020.9,2.6037,0.0,0.0,0.0,1013.9,48.8,1017.1,104.55
10.134,20.864,1035.0,2.3885,107.3,0.4,1.0,1005.0,89.4,1023.5,104.55
10.17,18.889,1023.3,2.7356,42.5,0.2,0.0,1022.5,89.1,1003.2,104.58
10.309,19.27,1024.8,2.583,0.0,0.0,0.0,1012.0,68.9,1013.1,104.71
10.109,19.827,1034.4,2.633,0.0,0.0,0.0,1007.7,0.0,1015.2,104.73
10.097,18.892,1030.2,3.1455,0.0,0.0,0.0,1017.4,41.4,1023.1,104.73
10.211,19.183,1024.4,2.6537,23.9,0.1,0.0,1020.5,51.1,1022.1,104.76
10.159,18.703,1042.7,2.9059,0.0,0.0,0.0,1009.2,0.0,1013.9,104.81
10.145,18.737,1037.0,2.6914,0.0,0.0,0.0,1017.1,86.7,1023.1,104.84
10.44,19.407,1048.1,3.119,429.6,1.5,4.0,1018.9,47.1,1020.8,104.85
10.206,18.187,1039.2,2.5741,226.3,0.8,2.0,1023.8,48.3,1021.0,104.87
10.248,18.262,1039.2,2.5808,0.0,0.0,0.0,1019.1,8.8,1022.2,104.93
10.299,18.614,1025.2,2.2203,0.0,0.0,0.0,1019.1,90.3,1025.4,104.97
10.166,20.185,1040.6,2.5884,0.0,0.0,0.0,1009.8,0.0,1018.0,105.0
10.101,19.805,1037.9,2.4759,38.3,0.1,0.0,1004.4,89.4,1023.5,105.01
10.304,19.059,1030.1,2.8534,0.0,0.0,0.0,1018.5,87.8,1026.1,105.02
10.153,18.903,1037.4,2.9496,0.0,0.0,0.0,1011.5,1.0,1018.1,105.03
10.311,18.691,1027.3,2.6058,0.0,0.0,0.0,1021.7,0.0,1022.0,105.04
10.158,18.344,1033.4,2.6995,0.0,0.0,0.0,1012.6,89.1,1011.1,105.06
10.23,18.791,1035.6,3.1738,0.0,0.0,0.0,1017.2,47.1,1023.1,105.12
10.173,18.282,1035.1,2.9068,0.0,0.0,0.0,1013.3,0.0,1013.8,105.14
10.121,18.657,1042.8,3.7048,0.0,0.0,0.0,1012.9,25.6,1022.1,105.18
10.153,18.492,1042.4,2.6309,0.0,0.0,0.0,1007.8,0.0,1018.9,105.19
10.065,18.4,1039.3,2.6706,0.0,0.0,0.0,1014.5,0.0,1015.0,105.2
10.144,19.908,1034.8,2.4141,0.0,0.0,0.0,1005.6,89.1,1013.9,105.22
10.638,20.22,1021.3,3.7482,0.0,0.0,0.0,1017.7,5.3,1027.9,105.3
10.194,19.124,1025.2,2.7154,0.0,0.0,0.0,1017.9,43.6,1018.0,105.31
10.238,18.65,1026.7,2.2102,0.0,0.0,0.0,1018.9,90.3,1025.4,105.36
10.08,21.214,1040.0,2.294,118.8,0.4,1.0,1013.6,90.3,1025.1,105.39
10.139,18.544,1033.9,2.9825,0.0,0.0,0.0,1015.4,87.8,1007.1,105.4
10.189,19.973,1040.9,2.6187,0.0,0.0,0.0,1009.1,0.0,1018.8,105.42
10.266,18.675,1027.2,2.2086,0.0,0.0,0.0,1018.7,90.3,1025.3,105.43
10.418,24.314,1024.8,2.9314,283.4,1.0,3.0,990.17,89.1,1008.1,105.48
10.199,18.816,1034.4,3.1864,0.0,0.0,0.0,1017.0,73.6,1023.1,105.49
10.114,21.836,1037.2,2.3046,0.0,0.0,0.0,1014.7,86.3,1024.1,105.54
10.68,19.696,1025.5,2.7975,187.6,0.7,2.0,1032.7,47.8,1022.1,105.57
10.168,19.018,1045.1,2.9988,539.7,1.9,5.0,1011.0,83.3,1016.9,105.6
10.096,20.94,1038.6,2.296,6.8,0.0,0.0,1014.2,88.0,1025.0,105.6
10.355,18.835,1042.1,3.0708,0.0,0.0,0.0,1021.2,8.8,1024.0,105.61
10.282,18.879,1036.2,3.2148,0.0,0.0,0.0,1017.3,47.1,1023.1,105.62
10.334,19.565,1035.6,2.3418,0.0,0.0,0.0,1016.4,0.0,1021.3,105.65
10.163,19.187,1030.8,2.6354,212.6,0.8,2.0,1020.0,31.8,1022.0,105.7
10.251,18.408,1038.2,2.5795,0.0,0.0,0.0,1014.1,0.0,1019.0,105.73
10.352,18.973,1045.4,2.6384,181.2,0.7,2.0,1017.2,84.3,1019.3,105.76
10.18,18.876,1044.3,3.1857,0.0,0.0,0.0,1017.0,53.2,1017.1,105.8
10.218,22.56,1044.6,2.7082,586.6,2.1,6.0,1021.5,49.8,1023.1,105.83
10.2,18.821,1045.6,2.8894,0.0,0.0,0.0,1008.3,100.0,1014.2,105.83
10.177,18.651,1045.4,2.5827,0.0,0.0,0.0,1016.2,89.1,1010.4,105.84
10.16,19.042,1035.5,2.4651,0.0,0.0,0.0,1018.7,0.0,1010.0,105.84
10.264,19.519,1030.9,2.5883,0.0,0.0,0.0,1011.9,83.0,1014.2,105.97
10.111,19.007,1032.6,3.095,0.0,0.0,0.0,1017.8,0.0,1023.0,105.99
10.153,20.44,1036.4,2.6033,0.0,0.0,0.0,1012.4,29.6,1030.3,105.99
10.302,21.596,1044.5,2.6849,414.4,1.5,4.0,1021.8,50.8,1023.0,105.99
10.333,20.196,1043.6,2.6766,0.0,0.0,0.0,1021.9,70.1,1021.3,106.05
10.285,21.047,1034.9,2.6221,0.0,0.0,0.0,1016.5,97.2,1006.2,106.06
10.307,21.368,1034.7,2.5964,0.0,0.0,0.0,1012.6,52.2,1031.4,106.08
10.279,21.359,1041.4,2.5837,316.3,1.1,3.0,1013.0,89.1,1015.0,106.09
10.298,19.009,1038.4,2.9391,0.0,0.0,0.0,1007.7,100.0,1014.9,106.13
10.257,18.324,1043.7,2.5972,0.0,0.0,0.0,1019.5,8.8,1022.1,106.13
10.078,18.847,1040.5,2.706,0.0,0.0,0.0,1016.9,85.2,1023.0,106.17
10.328,21.468,1032.0,2.6302,0.0,0.0,0.0,1017.3,89.1,1006.2,106.17
10.68,20.344,1023.8,3.7666,0.0,0.0,0.0,1017.8,0.0,1027.2,106.18
10.324,19.1,1045.9,3.4933,0.0,0.0,0.0,1020.1,25.2,1026.0,106.27
10.306,19.126,1028.1,2.7534,0.0,0.0,0.0,1023.5,97.2,1025.2,106.3
10.242,18.416,1042.9,2.6273,0.0,0.0,0.0,1013.6,0.0,1016.1,106.33
10.255,20.017,1035.5,2.3157,21.8,0.1,0.0,1022.1,85.5,1023.4,106.34
10.237,19.212,1038.5,3.0794,0.0,0.0,0.0,1005.7,49.4,1016.0,106.35
10.378,19.331,1025.5,2.7586,4.0,0.0,0.0,1019.4,89.1,1005.2,106.36
10.382,19.709,1047.9,3.2109,527.2,1.9,5.0,1016.9,83.3,1018.0,106.37
10.579,20.776,1011.7,3.1051,0.0,0.0,0.0,1007.7,98.5,1017.3,106.39
10.238,18.958,1044.8,2.7889,0.0,0.0,0.0,1007.5,78.2,1006.0,106.39
10.235,21.814,1039.7,2.4952,0.7,0.0,0.0,1007.1,89.1,1013.0,106.4
10.23,20.971,1044.6,2.6815,265.4,1.0,3.0,1022.0,95.8,1022.2,106.41
10.32,18.898,1045.6,2.7319,214.1,0.8,2.0,1016.3,87.9,1016.9,106.42
10.232,20.408,1042.2,2.6396,2.1,0.0,0.0,1009.0,30.0,1017.9,106.43
10.248,18.886,1044.2,2.6209,588.2,2.1,6.0,1009.2,89.1,1018.1,106.54
10.354,19.359,1036.2,2.7161,235.9,0.8,2.0,1018.2,0.0,1024.1,106.55
10.332,18.633,1036.2,2.626,0.0,0.0,0.0,1016.9,82.8,1020.0,106.59
10.256,18.932,1040.6,2.718,0.0,0.0,0.0,1014.6,87.9,1015.0,106.62
10.193,19.966,1043.0,2.2746,204.6,0.7,2.0,1013.8,89.3,1012.1,106.64
10.307,18.514,1045.6,2.9973,0.0,0.0,0.0,1023.7,87.1,1026.1,106.65
10.408,19.285,1046.8,2.9247,228.5,0.8,2.0,1004.9,84.0,1022.4,106.71
10.566,19.761,1050.5,3.1611,634.0,2.3,6.0,1018.3,0.0,1021.0,106.71
10.25,18.971,1045.4,2.9741,0.0,0.0,0.0,1010.4,0.0,1012.8,106.71
10.187,18.735,1039.0,2.5831,10.6,0.0,0.0,1004.1,89.6,1023.5,106.74
10.246,18.83,1044.5,2.692,0.0,0.0,0.0,1007.8,0.0,1018.8,106.74
10.415,22.469,1047.0,2.739,0.0,0.0,0.0,1014.3,89.1,1011.1,106.8
10.312,19.343,1047.8,3.0012,841.3,3.0,8.0,1015.0,47.0,1018.9,106.8
10.211,18.205,1042.5,2.5539,29.6,0.1,0.0,1012.9,54.7,1020.2,106.81
10.231,18.832,1039.4,2.6095,0.0,0.0,0.0,1012.4,49.8,1031.3,106.83
10.283,18.602,1044.0,2.6093,0.7,0.0,0.0,1014.0,0.0,1015.9,106.84
10.159,20.543,1039.8,2.5955,0.0,0.0,0.0,1012.1,30.1,1030.3,106.84
10.169,20.578,1043.5,2.2862,149.6,0.5,1.0,1014.0,90.3,1012.1,106.84
10.26,19.185,1045.8,3.1415,0.0,0.0,0.0,1017.3,48.8,1016.9,106.85
10.322,19.071,1046.5,2.9185,0.0,0.0,0.0,1011.5,55.7,1012.9,106.85
10.269,21.134,1044.5,2.7328,0.0,0.0,0.0,1009.0,0.0,1017.0,106.86
10.211,23.245,1045.2,2.634,641.8,2.3,6.0,1020.7,48.8,1021.3,106.87
10.255,22.355,1041.5,2.5971,138.1,0.5,1.0,1016.4,89.1,1024.0,106.89
10.229,18.482,1044.0,2.6018,73.9,0.3,1.0,1019.6,89.4,1013.1,106.9
10.272,19.074,1040.9,2.7371,195.4,0.7,2.0,1018.2,88.1,1026.1,106.91
10.49,18.859,1025.9,2.8121,0.0,0.0,0.0,1026.0,74.7,1025.4,106.91
10.337,18.038,1039.3,2.3872,0.0,0.0,0.0,1007.6,83.1,1019.4,106.91
10.295,19.004,1045.2,2.7452,0.0,0.0,0.0,1010.7,5.2,1014.9,106.92
10.439,20.704,1047.7,2.6953,2.6,0.0,0.0,1016.2,0.0,1009.8,106.94
10.207,20.055,1043.3,2.3453,104.8,0.4,1.0,1013.2,89.3,1012.9,106.95
10.195,20.125,1039.7,2.5914,0.0,0.0,0.0,1012.4,31.1,1031.0,106.95
10.156,18.238,1042.4,2.6244,0.0,0.0,0.0,1014.2,55.9,1021.1,106.96
10.25,18.679,1037.3,2.6406,0.0,0.0,0.0,1019.0,0.0,1021.3,106.97
10.264,18.525,1042.1,2.5787,64.5,0.2,1.0,1019.8,89.4,1013.1,107.0
10.363,18.952,1047.1,2.6395,0.0,0.0,0.0,1016.9,0.0,1009.1,107.01
10.506,19.838,1050.9,3.1607,754.1,2.7,8.0,1018.1,0.0,1021.0,107.02
10.408,19.48,1047.7,2.9025,784.7,2.8,8.0,1013.4,38.3,1019.9,107.02
10.186,18.763,1043.2,2.2459,0.0,0.0,0.0,1011.7,89.0,1017.9,107.03
10.392,19.508,1047.4,2.7631,581.1,2.1,6.0,1010.3,52.2,1013.8,107.05
10.282,25.335,1026.5,2.6111,0.0,0.0,0.0,1014.7,0.2,1024.0,107.06
10.723,20.467,1026.3,3.7849,0.0,0.0,0.0,1017.8,5.3,1027.0,107.06
10.266,19.963,1039.3,2.6149,0.0,0.0,0.0,1012.3,52.2,1032.1,107.06
10.37,19.67,1047.5,3.4562,392.0,1.4,4.0,1018.0,5.3,1020.0,107.06
10.27,22.055,1043.5,2.488,176.1,0.6,2.0,1009.4,89.4,1012.1,107.09
10.336,19.082,1045.1,2.6512,703.8,2.5,7.0,1009.3,85.5,1017.4,107.11
10.463,19.541,1024.0,2.7831,0.0,0.0,0.0,1019.7,10.9,1021.1,107.11
10.418,19.308,1047.6,3.5441,206.6,0.7,2.0,1021.3,53.3,1021.9,107.13
10.242,19.355,1040.2,2.5596,0.0,0.0,0.0,1006.6,90.6,1025.5,107.16
10.257,18.638,1044.4,2.6371,309.8,1.1,3.0,1008.9,85.5,1019.1,107.16
10.223,18.929,1037.8,3.43,0.0,0.0,0.0,1012.7,49.8,1017.0,107.17
10.269,19.093,1028.8,2.7296,3.2,0.0,0.0,1023.0,89.1,1002.2,107.17
10.457,25.723,1049.4,2.7594,362.2,1.3,4.0,1016.4,68.8,1009.8,107.17
10.943,21.75,1002.9,2.5955,514.8,1.9,5.0,1016.7,82.2,1013.8,107.18
10.263,19.241,1032.1,2.8309,0.0,0.0,0.0,1019.1,86.8,1026.1,107.19
10.369,18.998,1031.4,2.3809,0.0,0.0,0.0,1019.3,90.3,1021.0,107.2
10.214,18.863,1038.1,2.7202,95.6,0.3,1.0,1022.1,89.4,1003.3,107.24
10.293,24.488,1037.4,2.6077,0.0,0.0,0.0,1023.0,2.3,1014.2,107.26
10.222,21.776,1044.6,2.6569,0.0,0.0,0.0,1021.7,60.1,1021.2,107.26
10.358,18.227,1040.6,2.5831,0.0,0.0,0.0,1016.8,3.5,1023.2,107.27
10.339,19.064,1030.8,2.7544,14.6,0.1,0.0,1021.0,0.0,1014.0,107.28
10.427,19.593,1048.2,3.0076,383.4,1.4,4.0,1005.1,86.8,1022.4,107.29
10.384,19.01,1047.0,3.025,271.6,1.0,3.0,1022.3,29.6,1024.1,107.33
10.232,19.469,1038.5,2.5922,19.9,0.1,0.0,1013.5,30.0,1021.9,107.34
10.136,21.468,1040.5,2.3454,0.0,0.0,0.0,1015.1,87.8,1024.1,107.35
10.197,18.184,1043.2,2.6317,189.1,0.7,2.0,1015.1,47.5,1023.1,107.35
10.325,18.995,1034.4,2.8233,0.0,0.0,0.0,1021.3,0.0,1014.0,107.35
10.378,19.75,1047.4,3.2776,0.0,0.0,0.0,1009.4,0.0,1010.7,107.37
10.282,24.195,1036.4,2.6052,0.0,0.0,0.0,1022.6,2.3,1013.1,107.37
10.287,23.894,1045.4,2.8593,356.6,1.3,4.0,990.3,83.3,1017.3,107.39
10.425,19.707,1048.6,2.7866,139.5,0.5,1.0,1006.5,85.5,1006.8,107.39
10.366,25.156,1049.4,2.7858,210.0,0.8,2.0,1016.1,0.0,1009.7,107.4
10.183,18.27,1039.9,2.2368,0.0,0.0,0.0,1009.1,87.8,1019.2,107.4
10.293,19.112,1042.3,3.0209,0.0,0.0,0.0,1006.7,50.6,1016.1,107.4
10.23,20.509,1043.9,2.7364,0.0,0.0,0.0,1005.6,89.1,1011.3,107.4
10.33,18.36,1042.0,2.6363,0.0,0.0,0.0,1019.8,32.1,1021.3,107.41
10.324,18.396,1041.9,2.6071,0.0,0.0,0.0,1019.3,87.9,1012.1,107.41
10.284,23.882,1044.8,2.6628,230.7,0.8,2.0,1012.8,89.1,1015.3,107.42
10.512,26.122,1049.7,2.8377,899.8,3.2,9.0,1017.5,0.0,1010.9,107.45
10.32,18.576,1044.9,2.6428,0.0,0.0,0.0,1016.9,0.0,1021.1,107.46
10.25,19.513,1044.0,2.2861,0.0,0.0,0.0,1011.7,89.0,1017.9,107.47
10.254,18.525,1035.4,2.5391,0.0,0.0,0.0,1016.2,78.2,1030.5,107.47
10.27,20.001,1044.0,2.3201,144.4,0.5,1.0,1013.3,89.3,1012.9,107.48
10.234,20.456,1045.5,2.3059,0.0,0.0,0.0,1016.0,0.0,1022.0,107.48
10.361,18.447,1044.0,2.6287,0.0,0.0,0.0,1019.0,26.8,1021.3,107.5
10.277,18.49,1036.6,2.5576,0.0,0.0,0.0,1016.1,46.0,1030.4,107.5
10.226,21.76,1043.3,2.4802,223.1,0.8,2.0,1005.9,89.1,1019.1,107.5
10.226,20.646,1043.7,2.4441,408.7,1.5,4.0,1002.0,0.0,1024.1,107.5
10.127,18.23,1040.7,2.255,0.0,0.0,0.0,1009.6,87.8,1019.2,107.5
10.221,21.015,1042.6,2.5093,0.0,0.0,0.0,1002.3,23.3,1015.1,107.5
10.205,19.621,1040.5,2.6269,0.0,0.0,0.0,1021.5,89.1,1021.3,107.51
10.27,21.089,1044.3,2.3407,72.8,0.3,1.0,1012.9,90.6,1012.5,107.51
10.384,23.714,1049.2,2.7837,71.7,0.3,1.0,1016.1,0.0,1009.0,107.51
10.451,19.163,1028.4,2.705,0.0,0.0,0.0,1018.7,0.0,1018.0,107.52
10.298,18.399,1036.4,2.2699,0.0,0.0,0.0,1021.1,89.0,1022.0,107.52
10.159,19.664,1041.5,2.6255,0.0,0.0,0.0,1012.5,24.7,1030.3,107.52
10.308,18.464,1035.0,2.2667,13.3,0.0,0.0,1021.6,85.5,1022.4,107.53
10.42,24.383,1038.1,2.5898,0.0,0.0,0.0,1023.2,43.8,1016.0,107.53
10.389,19.652,1049.5,3.0383,814.1,2.9,8.0,1014.7,48.8,1019.0,107.53
10.142,18.157,1041.4,2.231,0.0,0.0,0.0,1010.2,1.5,1019.0,107.55
10.345,18.786,1046.5,2.7129,0.0,0.0,0.0,1016.0,0.0,1014.0,107.56
10.246,18.375,1039.2,2.2404,0.0,0.0,0.0,1008.8,51.2,1019.2,107.56
10.269,19.827,1044.0,2.746,0.0,0.0,0.0,1001.8,77.6,1009.3,107.56
10.254,19.184,1041.9,2.7387,218.2,0.8,2.0,1017.4,88.1,1026.2,107.57
10.414,19.49,1047.6,2.759,65.9,0.2,1.0,1009.3,5.2,1009.0,107.57
10.211,19.816,1042.2,2.5027,0.0,0.0,0.0,1012.8,89.1,1021.0,107.57
10.525,23.253,1049.8,2.7744,606.8,2.2,6.0,1015.3,87.1,1009.2,107.58
10.282,18.61,1035.6,2.2258,0.0,0.0,0.0,1022.9,90.3,1018.2,107.59
10.112,18.853,1043.9,2.6638,0.0,0.0,0.0,1001.3,77.6,1010.0,107.59
10.524,26.508,1050.2,2.8545,841.2,3.0,8.0,1017.3,23.9,1010.8,107.59
10.388,19.335,1048.4,3.1117,30.2,0.1,0.0,1021.4,0.0,1023.9,107.6
10.358,18.205,1041.4,2.5759,347.9,1.3,3.0,1016.9,92.7,1020.0,107.6
10.298,20.578,1044.6,2.3055,256.4,0.9,3.0,1017.9,77.0,1016.2,107.6
10.321,19.065,1040.9,2.5852,0.0,0.0,0.0,1008.4,66.0,1013.2,107.6
10.381,19.135,1031.1,2.7506,0.0,0.0,0.0,1023.5,89.1,1001.3,107.61
10.26,18.31,1041.2,2.5959,177.4,0.6,2.0,1016.8,84.6,1019.2,107.61
10.227,22.154,1043.1,2.5964,246.0,0.9,2.0,1016.2,89.1,1023.3,107.61
10.318,19.841,1042.5,2.5319,0.0,0.0,0.0,1013.3,89.1,1020.2,107.61
10.273,19.672,1046.3,2.6715,0.0,0.0,0.0,1009.7,74.7,1019.1,107.61
10.179,20.763,1044.6,2.2925,115.5,0.4,1.0,1017.2,88.1,1017.0,107.62
10.317,18.322,1043.4,2.5688,0.0,0.0,0.0,1018.8,15.8,1021.3,107.64
10.344,18.228,1043.2,2.6222,36.9,0.1,0.0,1015.8,30.0,1023.1,107.66
10.312,18.57,1043.0,2.6354,0.0,0.0,0.0,1020.1,30.9,1021.3,107.67
10.264,18.425,1036.7,2.293,0.0,0.0,0.0,1020.8,52.3,1021.1,107.67
10.255,21.704,1038.5,2.4363,0.0,0.0,0.0,1019.4,87.9,1011.1,107.67
10.273,18.645,1043.5,2.6985,0.0,0.0,0.0,1009.9,0.0,1016.1,107.67
10.254,18.59,1040.6,2.608,0.0,0.0,0.0,1017.1,40.0,1020.0,107.69
10.345,20.66,1039.3,2.6045,0.0,0.0,0.0,1023.6,48.8,1016.3,107.7
10.29,20.325,1043.5,2.6641,0.0,0.0,0.0,1007.8,0.0,1015.3,107.7
10.261,19.085,1045.1,2.743,548.5,2.0,5.0,1004.0,87.9,1009.2,107.7
10.462,19.389,1048.4,3.228,197.8,0.7,2.0,1011.6,0.0,1015.1,107.72
10.345,19.456,1042.0,2.5997,0.0,0.0,0.0,1016.3,8.9,1015.2,107.73
10.21,18.553,1044.8,2.6555,0.0,0.0,0.0,1011.4,27.9,1012.1,107.73
10.364,18.68,1042.2,2.728,0.0,0.0,0.0,1028.9,0.0,1033.3,107.74
10.227,19.72,1043.7,2.3205,0.0,0.0,0.0,1011.5,87.8,1017.3,107.74
10.14,21.484,1042.6,2.5451,0.0,0.0,0.0,1002.1,30.0,1015.2,107.74
10.227,22.829,1041.8,2.6239,0.0,0.0,0.0,1019.6,8.8,1028.2,107.76
10.355,21.351,1036.2,2.5919,33.0,0.1,0.0,1015.9,54.9,1018.2,107.77
10.423,25.74,1047.1,2.7287,509.7,1.8,5.0,1009.9,89.1,1016.1,107.77
10.39,19.834,1037.7,2.6118,0.0,0.0,0.0,1015.5,74.2,1019.2,107.78
10.271,18.615,1036.8,2.2943,0.0,0.0,0.0,1020.8,52.3,1021.0,107.78
10.42,24.528,1038.5,2.5954,0.0,0.0,0.0,1023.2,42.7,1015.2,107.79
10.426,23.169,1042.1,2.5502,510.8,1.8,5.0,1025.0,50.0,1024.4,107.79
10.187,21.019,1044.1,2.8249,267.1,1.0,3.0,1004.2,84.5,1006.1,107.79
10.211,20.602,1040.9,2.5548,0.0,0.0,0.0,1002.8,44.0,1013.1,107.8
10.262,18.839,1044.9,2.1517,0.0,0.0,0.0,1015.6,89.1,1008.0,107.81
10.201,18.733,1044.0,2.2937,0.0,0.0,0.0,1011.3,89.0,1016.9,107.81
10.462,18.857,1038.0,3.3128,0.0,0.0,0.0,1028.5,46.0,1028.7,107.81
10.356,18.475,1043.2,2.6244,0.0,0.0,0.0,1019.3,77.9,1011.1,107.82
10.284,19.222,1042.5,2.7175,53.5,0.2,1.0,1014.1,85.5,1016.0,107.82
10.1,21.353,1043.9,2.5684,231.4,0.8,2.0,996.72,0.0,1022.1,107.83
10.378,26.226,1049.8,2.7637,581.1,2.1,6.0,1014.9,84.5,1009.0,107.83
10.312,18.953,1045.9,2.6398,495.7,1.8,5.0,1009.1,89.1,1018.3,107.83
10.408,23.696,1046.8,2.6695,0.4,0.0,0.0,1009.0,11.9,1017.0,107.83
10.221,18.647,1044.6,2.621,0.0,0.0,0.0,1022.0,0.0,1025.1,107.84
10.208,18.748,1045.8,2.7177,0.0,0.0,0.0,1014.7,0.0,1014.9,107.85
10.378,25.825,1047.1,2.6765,628.4,2.3,6.0,1008.8,56.9,1016.9,107.86
10.321,22.912,1045.3,2.6644,178.2,0.6,2.0,1012.5,89.1,1016.2,107.86
10.28,19.43,1047.2,2.9992,0.0,0.0,0.0,1002.8,78.2,1020.2,107.87
10.417,21.755,1049.0,2.7404,47.3,0.2,0.0,1015.5,89.1,1009.3,107.87
10.311,19.174,1045.0,2.9313,0.0,0.0,0.0,1011.8,76.2,1020.1,107.88
10.296,19.312,1047.8,2.7544,505.1,1.8,5.0,1017.3,49.8,1012.1,107.88
10.226,19.0,1045.4,2.659,0.0,0.0,0.0,1005.9,25.6,1006.8,107.88
10.323,19.648,1047.1,3.2821,0.0,0.0,0.0,1009.3,51.2,1014.1,107.88
10.192,20.739,1044.5,2.8407,0.0,0.0,0.0,1004.4,89.1,1008.3,107.89
10.27,18.726,1045.6,2.6542,0.0,0.0,0.0,1010.1,8.7,1020.0,107.9
10.278,22.472,1044.5,2.4941,233.9,0.8,2.0,1009.5,89.4,1012.4,107.9
10.445,18.486,1042.2,2.5854,0.0,0.0,0.0,1031.7,24.0,1022.3,107.9
10.358,19.547,1037.9,2.6447,0.0,0.0,0.0,1029.6,23.9,1024.2,107.91
10.397,20.19,1046.7,2.6417,0.0,0.0,0.0,1009.5,88.0,1019.0,107.91
10.313,19.388,1031.4,2.701,0.0,0.0,0.0,1019.7,9.7,1021.2,107.91
10.205,21.058,1044.4,2.4818,40.1,0.1,0.0,1009.8,89.1,1011.1,107.92
10.315,19.219,1047.1,3.1478,0.0,0.0,0.0,1012.3,0.0,1013.8,107.92
10.266,21.651,1044.9,2.3211,352.9,1.3,4.0,1015.4,48.8,1024.9,107.92
10.259,21.775,1044.6,2.7342,575.5,2.1,6.0,1003.9,82.9,1007.0,107.93
10.441,26.114,1048.4,2.7926,527.0,1.9,5.0,1007.7,52.2,1017.1,107.93
10.244,21.781,1044.6,2.4898,105.6,0.4,1.0,1009.5,89.1,1011.2,107.93
10.301,18.775,1029.5,2.5604,0.0,0.0,0.0,1012.5,90.3,1022.2,107.93
10.311,18.607,1036.8,2.2324,0.0,0.0,0.0,1024.1,90.3,1022.2,107.94
10.765,20.59,1028.7,3.8032,0.0,0.0,0.0,1017.8,8.9,1026.1,107.94
10.215,20.756,1045.0,2.2666,301.3,1.1,3.0,1017.2,23.9,1022.2,107.95
10.304,19.003,1035.3,2.7905,0.0,0.0,0.0,1021.2,0.0,1014.0,107.95
10.365,18.681,1045.7,2.6592,0.0,0.0,0.0,1018.9,0.0,1023.1,107.96
10.265,21.306,1044.4,2.7555,403.7,1.5,4.0,1004.1,52.2,1006.2,107.96
10.154,21.612,1043.5,2.5429,0.0,0.0,0.0,1002.1,23.3,1015.2,107.96
10.185,18.403,1042.8,2.7576,0.0,0.0,0.0,1012.7,87.9,1011.1,107.96
10.195,20.103,1041.7,2.3212,0.0,0.0,0.0,1022.0,83.3,1022.5,107.97
10.28,21.158,1044.4,2.8371,103.9,0.4,1.0,1004.2,84.5,1006.1,107.97
10.615,19.992,1051.5,3.0327,849.4,3.1,8.0,1017.2,0.0,1016.7,107.98
10.46,26.227,1048.7,2.7873,662.8,2.4,7.0,1007.8,56.9,1016.4,107.98
10.36,18.462,1041.0,2.6004,0.0,0.0,0.0,1019.2,89.1,1006.0,107.98
10.32,18.699,1046.3,2.5862,0.0,0.0,0.0,1019.9,26.8,1008.0,107.99
10.449,23.617,1049.6,2.7868,162.8,0.6,2.0,1013.8,87.9,1012.9,107.99
10.305,19.784,1041.4,2.5984,0.0,0.0,0.0,1008.0,24.8,1013.3,108.0
10.355,23.5,1046.1,2.693,686.0,2.5,7.0,1016.6,80.0,1019.2,108.0
10.305,18.951,1043.6,2.3925,0.0,0.0,0.0,1015.0,89.1,1013.1,108.0
10.349,18.397,1042.6,2.6102,0.0,0.0,0.0,1016.3,1.2,1023.1,108.01
10.334,18.701,1045.9,2.6618,0.0,0.0,0.0,1017.9,0.0,1022.0,108.01
10.324,18.659,1041.6,2.3439,0.0,0.0,0.0,1015.2,89.1,1013.1,108.02
10.389,19.331,1046.7,2.6966,533.5,1.9,5.0,1007.6,32.0,1007.9,108.02
10.426,19.609,1032.0,3.1877,0.0,0.0,0.0,1017.9,43.4,1025.1,108.02
10.388,23.362,1048.9,2.7761,0.7,0.0,0.0,1014.2,89.1,1012.1,108.03
10.269,18.675,1044.4,2.3157,0.0,0.0,0.0,1010.9,89.0,1017.1,108.03
10.422,19.054,1036.0,2.7953,0.0,0.0,0.0,1021.3,0.0,1013.9,108.03
10.278,20.152,1044.3,2.4717,51.2,0.2,1.0,1012.1,89.1,1010.4,108.04
10.333,19.18,1033.3,2.6787,0.0,0.0,0.0,1020.5,89.1,1010.2,108.04
10.483,19.618,1044.1,3.1884,0.0,0.0,0.0,1011.0,77.9,1013.1,108.04
10.377,18.995,1046.2,2.7694,0.0,0.0,0.0,1011.3,11.9,1017.0,108.04
10.458,19.603,1048.7,2.7512,0.0,0.0,0.0,1016.4,0.0,1009.9,108.04
10.289,18.288,1041.7,2.5042,0.0,0.0,0.0,1005.2,89.1,995.3,108.06
10.439,18.932,1047.7,3.0217,0.0,0.0,0.0,1023.2,63.0,1025.9,108.07
10.456,19.798,1049.9,3.1654,0.0,0.0,0.0,1013.0,86.4,1015.1,108.07
10.252,22.427,1044.5,2.6116,134.1,0.5,1.0,998.13,0.0,1023.2,108.07
10.293,18.599,1041.9,2.5773,0.0,0.0,0.0,1008.4,80.0,1013.0,108.09
10.39,18.867,1043.6,2.8532,0.0,0.0,0.0,1022.1,2.4,1006.2,108.1
10.498,18.852,1031.5,2.7717,0.0,0.0,0.0,1025.0,5.3,1025.4,108.1
10.423,18.882,1037.7,2.9068,348.1,1.3,3.0,1029.9,44.5,1029.4,108.1
10.354,20.71,1041.6,2.5142,0.0,0.0,0.0,1016.0,8.7,1015.2,108.1
10.374,18.991,1046.2,2.7608,0.0,0.0,0.0,1007.7,50.0,1015.9,108.11
10.377,19.544,1047.2,3.445,0.0,0.0,0.0,1013.8,0.0,1017.9,108.11
10.445,19.679,1047.1,3.2774,0.0,0.0,0.0,1009.0,87.8,1014.0,108.12
10.21,19.255,1045.4,2.7286,571.3,2.1,6.0,1003.9,87.9,1009.2,108.12
10.332,18.8,1044.4,2.821,0.2,0.0,0.0,1012.9,89.1,1012.0,108.13
10.357,18.938,1046.2,2.679,31.9,0.1,0.0,1012.1,0.8,1011.2,108.13
10.296,18.628,1037.7,2.2286,0.0,0.0,0.0,1022.7,90.3,1018.1,108.13
10.253,18.846,1045.7,2.8198,197.7,0.7,2.0,1004.4,87.9,1019.0,108.13
10.34,18.913,1041.9,2.3327,0.0,0.0,0.0,1016.7,89.0,1012.0,108.14
10.417,25.311,1047.4,2.7052,589.4,2.1,6.0,1009.4,89.1,1016.9,108.14
10.397,19.404,1046.6,2.3832,0.4,0.0,0.0,1009.9,89.1,1014.0,108.14
10.301,21.171,1045.2,2.3719,116.8,0.4,1.0,1013.2,89.6,1013.2,108.16
10.272,18.561,1040.5,2.3201,0.0,0.0,0.0,1015.4,97.2,1014.0,108.16
10.358,19.412,1048.6,3.2496,46.7,0.2,0.0,1011.2,0.0,1015.0,108.16
10.254,19.051,1046.2,2.702,2.2,0.0,0.0,1005.5,48.7,1016.9,108.17
10.369,19.805,1048.9,2.803,0.0,0.0,0.0,1006.7,32.0,1007.0,108.17
10.403,19.917,1049.9,2.8383,695.8,2.5,7.0,1007.9,48.2,1009.1,108.17
10.444,19.235,1047.8,2.7701,0.0,0.0,0.0,1015.2,0.0,1012.9,108.18
10.397,24.401,1049.9,2.7258,292.7,1.1,3.0,1015.2,89.1,1009.5,108.18
10.391,19.507,1029.2,2.7421,0.0,0.0,0.0,1019.7,9.7,1021.2,108.18
10.225,20.512,1042.6,2.5626,0.0,0.0,0.0,1015.9,2.4,1015.2,108.18
10.306,19.198,1044.3,2.5246,1.0,0.0,0.0,1013.0,89.1,1012.1,108.19
10.503,23.336,1050.3,2.7749,726.2,2.6,7.0,1015.1,87.1,1009.2,108.19
10.357,19.331,1046.6,2.743,0.0,0.0,0.0,1006.3,25.6,1007.0,108.19
10.456,18.882,1047.7,3.032,0.0,0.0,0.0,1023.1,49.8,1025.9,108.19
10.393,22.466,1047.5,2.856,0.0,0.0,0.0,1010.8,0.0,1016.9,108.2
10.49,20.003,1051.6,3.0323,728.3,2.6,7.0,1017.4,0.0,1016.7,108.2
10.265,19.159,1046.7,2.7994,0.0,0.0,0.0,1005.3,0.0,1015.2,108.2
10.266,20.635,1045.2,2.7628,6.3,0.0,0.0,1002.5,75.7,1009.3,108.21
10.346,18.75,1046.0,2.6415,0.0,0.0,0.0,1019.6,0.0,1023.1,108.21
10.414,18.501,1044.0,2.6544,0.0,0.0,0.0,1019.2,77.9,1011.9,108.22
10.396,22.176,1047.1,2.6988,0.0,0.0,0.0,1008.9,14.9,1017.8,108.22
10.323,19.977,1044.7,2.5115,154.5,0.6,2.0,1012.5,89.1,1010.2,108.22
10.291,23.237,1045.1,2.5691,606.7,2.2,6.0,1023.6,83.4,1026.2,108.23
10.324,19.096,1047.0,2.6995,0.0,0.0,0.0,1012.5,85.5,1019.8,108.23
10.3,20.757,1045.0,2.3797,13.2,0.0,0.0,1013.0,90.6,1012.5,108.23
10.506,19.883,1050.0,2.8326,460.7,1.7,5.0,1005.8,89.1,1006.0,108.24
10.4,23.549,1047.7,2.7397,362.6,1.3,4.0,1007.5,34.9,1017.2,108.24
10.424,19.772,1049.1,3.0551,109.6,0.4,1.0,1004.5,84.5,1022.4,108.24
10.358,19.021,1046.3,2.7913,0.0,0.0,0.0,1011.0,8.8,1017.1,108.24
10.122,19.72,1044.3,2.2883,0.0,0.0,0.0,1004.1,52.3,1018.1,108.24
10.458,26.488,1051.4,2.8759,522.4,1.9,5.0,1016.6,0.0,1009.9,108.24
10.363,19.706,1029.0,2.3472,0.0,0.0,0.0,1025.2,89.1,1007.9,108.25
10.231,18.36,1043.4,2.6158,36.3,0.1,0.0,1016.9,50.0,1019.2,108.25
10.244,18.581,1044.6,2.5552,160.9,0.6,2.0,1011.8,82.1,1019.3,108.25
10.29,19.219,1047.0,2.8438,0.0,0.0,0.0,1004.8,4.1,1015.1,108.25
10.218,18.314,1042.5,2.2695,0.0,0.0,0.0,1011.0,1.5,1019.0,108.25
10.35,20.766,1045.8,2.8051,205.4,0.7,2.0,1002.9,83.1,1009.1,108.26
10.318,19.051,1046.0,2.8717,0.0,0.0,0.0,998.87,21.4,1010.0,108.26
10.296,19.064,1046.6,2.7557,0.0,0.0,0.0,1011.1,8.8,1017.9,108.26
10.398,19.998,1050.1,2.8464,652.9,2.4,7.0,1007.6,43.6,1009.1,108.27
10.266,19.865,1040.4,2.6457,0.0,0.0,0.0,1019.5,0.0,1021.3,108.28
10.511,20.387,1051.7,3.2927,299.0,1.1,3.0,1012.8,24.0,1020.8,108.28
10.384,18.446,1045.2,2.6316,0.0,0.0,0.0,1019.0,43.8,1011.1,108.28
10.245,22.509,1046.3,2.6713,562.4,2.0,6.0,1012.9,87.8,1011.1,108.28
10.313,21.826,1044.8,2.5234,361.1,1.3,4.0,1000.9,0.0,1023.2,108.28
10.431,19.489,1048.5,2.7633,604.1,2.2,6.0,1016.9,48.8,1013.0,108.28
10.461,21.238,1032.3,2.5353,0.0,0.0,0.0,1016.1,89.1,1022.2,108.29
10.314,23.877,1045.0,2.6083,9.7,0.0,0.0,1012.9,89.1,1019.3,108.3
10.163,19.257,1038.6,2.6372,103.1,0.4,1.0,1020.2,30.6,1022.1,108.3
10.276,18.787,1046.3,2.727,0.0,0.0,0.0,1014.2,0.0,1015.0,108.3
10.311,19.718,1045.1,2.7352,0.0,0.0,0.0,1001.7,78.2,1010.0,108.3
10.362,18.77,1045.3,2.7689,0.0,0.0,0.0,1017.1,0.0,1027.2,108.31
10.408,24.605,1047.6,2.7932,0.0,0.0,0.0,1010.6,0.0,1016.9,108.31
10.359,24.196,1041.3,2.6004,0.0,0.0,0.0,1023.5,43.3,1016.1,108.32
10.408,23.289,1044.0,2.5807,516.6,1.9,5.0,1024.3,83.4,1025.1,108.33
10.553,19.617,1049.8,2.8538,812.8,2.9,8.0,1015.8,53.3,1019.0,108.33
10.383,19.177,1047.5,2.7261,0.0,0.0,0.0,1012.9,84.5,1018.2,108.34
10.377,19.237,1047.1,2.8463,0.0,0.0,0.0,1004.6,66.0,1014.2,108.34
10.283,19.428,1042.4,2.3411,0.0,0.0,0.0,1016.3,89.1,1012.2,108.34
10.285,21.289,1044.9,2.8578,7.5,0.0,0.0,1004.1,85.5,1006.1,108.34
10.447,19.365,1049.1,2.7117,0.0,0.0,0.0,1016.6,0.0,1009.9,108.34
10.145,22.205,1044.7,2.5749,100.4,0.4,1.0,996.99,0.0,1022.0,108.34
10.225,19.379,1043.8,2.7584,0.0,0.0,0.0,1009.1,45.2,1020.0,108.35
10.382,19.589,1047.2,2.728,496.7,1.8,5.0,1012.7,28.8,1012.2,108.35
10.554,19.822,1050.0,2.9731,543.1,2.0,5.0,1013.3,46.5,1019.9,108.35
10.38,19.267,1047.9,2.7512,0.0,0.0,0.0,1014.4,60.0,1013.2,108.35
10.345,18.989,1041.0,2.7488,0.0,0.0,0.0,1019.8,45.0,1018.0,108.35
10.34,22.22,1046.3,2.687,396.9,1.4,4.0,1013.2,50.0,1010.9,108.35
10.374,18.669,1035.0,2.5439,0.0,0.0,0.0,1010.4,88.1,999.1,108.35
10.33,18.76,1035.8,2.6985,0.0,0.0,0.0,1025.6,89.1,1028.1,108.36
10.369,19.168,1047.1,2.7909,0.0,0.0,0.0,1006.3,0.0,1016.2,108.36
10.27,18.764,1045.6,2.6605,0.0,0.0,0.0,1011.7,3.7,1012.1,108.36
10.453,18.842,1047.8,3.0103,0.0,0.0,0.0,1023.4,47.0,1026.0,108.36
10.264,23.015,1044.0,2.6069,0.0,0.0,0.0,1020.5,45.0,1027.2,108.36
10.373,18.841,1046.7,2.9529,253.1,0.9,3.0,1017.7,87.9,1022.1,108.36
10.545,20.002,1049.9,2.829,0.0,0.0,0.0,1006.8,52.3,1006.9,108.37
10.418,19.354,1036.2,2.4152,141.6,0.5,1.0,1019.4,97.4,1024.1,108.38
10.557,19.281,1037.5,2.4483,0.0,0.0,0.0,1020.0,90.3,1027.3,108.38
10.334,18.702,1044.4,2.7396,54.2,0.2,1.0,1014.0,50.0,1013.9,108.38
10.347,20.262,1045.9,2.8368,406.2,1.5,4.0,1003.3,87.9,1009.1,108.38
10.371,18.962,1046.4,2.7142,62.9,0.2,1.0,1016.2,85.5,1017.8,108.38
10.368,19.072,1045.6,2.2579,0.0,0.0,0.0,1015.6,89.1,1007.9,108.38
10.311,21.602,1045.7,2.3552,0.0,0.0,0.0,1017.1,86.9,1024.1,108.38
10.28,23.408,1046.4,2.6937,589.0,2.1,6.0,1016.1,60.0,1018.3,108.39
10.425,20.139,1044.0,2.6363,212.6,0.8,2.0,1022.6,90.3,1019.2,108.39
10.331,19.119,1045.7,2.9369,0.0,0.0,0.0,1015.0,95.3,1013.9,108.39
10.403,18.68,1044.9,2.7184,0.0,0.0,0.0,1029.6,0.0,1034.2,108.39
10.333,18.719,1044.2,2.7285,0.0,0.0,0.0,1028.8,75.6,1033.4,108.4
10.377,19.111,1046.8,2.7843,0.0,0.0,0.0,1011.4,45.7,1018.8,108.4
10.331,21.812,1028.6,2.3701,0.0,0.0,0.0,1013.2,43.3,1027.4,108.41
10.228,20.695,1046.1,2.6492,126.8,0.5,1.0,1012.3,89.1,1016.4,108.41
10.244,18.701,1044.8,2.259,0.0,0.0,0.0,1010.7,87.8,1016.9,108.41
10.322,18.79,1045.4,2.6446,0.0,0.0,0.0,1010.7,89.1,1022.4,108.42
10.326,21.006,1045.8,2.6544,267.0,1.0,3.0,1013.1,89.1,1014.2,108.42
10.317,18.77,1046.2,2.6714,0.0,0.0,0.0,1018.4,0.0,1022.1,108.42
10.237,19.922,1042.0,2.4315,0.0,0.0,0.0,1015.8,90.3,1018.6,108.42
10.69,20.16,1052.4,3.0289,940.2,3.4,9.0,1016.8,0.0,1015.8,108.43
10.462,20.482,1049.4,2.7356,0.0,0.0,0.0,1015.7,89.1,1010.1,108.43
10.418,18.913,1047.2,2.6546,0.0,0.0,0.0,1019.9,20.9,1007.9,108.43
10.262,23.323,1046.7,2.7087,0.0,0.0,0.0,1010.3,0.0,1017.0,108.43
10.336,23.062,1041.8,2.5946,0.0,0.0,0.0,1023.6,43.8,1016.3,108.44
10.332,19.768,1048.7,2.7884,0.0,0.0,0.0,1006.6,29.5,1007.0,108.44
10.425,18.666,1037.5,2.2708,0.0,0.0,0.0,1023.9,90.3,1023.0,108.44
10.381,19.037,1046.1,2.6688,65.5,0.2,1.0,1014.6,0.0,1015.8,108.44
10.305,21.749,1043.0,2.5695,227.9,0.8,2.0,1026.4,48.8,1024.1,108.44
10.322,18.509,1045.4,2.6173,0.0,0.0,0.0,1019.4,32.1,1021.3,108.44
10.464,19.803,1048.9,3.1173,12.0,0.0,0.0,1018.1,0.0,1013.0,108.44
10.301,18.591,1041.7,2.3242,0.0,0.0,0.0,1015.4,97.2,1013.9,108.45
10.277,18.994,1046.0,2.6984,89.5,0.3,1.0,1010.8,29.0,1008.0,108.45
10.549,20.01,1050.2,2.8339,251.6,0.9,3.0,1006.0,87.9,1006.9,108.45
10.306,19.057,1046.8,2.7508,0.0,0.0,0.0,1012.7,43.6,1011.0,108.45
10.403,19.419,1046.3,3.1941,0.0,0.0,0.0,1012.7,96.0,1017.9,108.45
10.33,19.206,1046.4,2.7434,0.0,0.0,0.0,1007.3,53.3,1007.0,108.46
10.473,19.548,1034.1,2.4281,3.4,0.0,0.0,1019.1,89.3,1023.2,108.46
10.287,18.76,1039.8,2.6133,299.0,1.1,3.0,1022.6,0.0,1023.4,108.46
10.369,22.968,1041.4,2.5981,0.0,0.0,0.0,1020.8,87.9,1015.1,108.46
10.343,19.179,1046.0,2.7537,0.0,0.0,0.0,1000.1,0.0,1010.2,108.47
10.494,18.843,1033.2,2.7997,0.0,0.0,0.0,1025.5,38.2,1025.4,108.47
10.442,24.641,1047.9,2.8214,0.0,0.0,0.0,1010.8,0.0,1016.9,108.48
10.424,19.083,1047.2,3.4981,138.0,0.5,1.0,1018.0,24.2,1028.0,108.48
10.555,19.299,1037.6,2.4144,0.0,0.0,0.0,1019.3,90.3,1022.2,108.48
10.341,18.328,1043.9,2.6306,0.0,0.0,0.0,1019.3,89.1,1004.9,108.49
10.364,20.233,1041.6,2.6452,0.0,0.0,0.0,1021.5,89.1,1023.1,108.49
10.17,19.154,1045.2,2.6899,0.0,0.0,0.0,1001.6,78.2,1010.0,108.49
10.198,19.105,1044.8,2.633,8.8,0.0,0.0,996.76,89.4,1022.4,108.49
10.595,20.044,1050.6,2.8515,345.5,1.2,3.0,1006.0,87.9,1006.1,108.5
10.382,18.717,1045.4,2.7354,0.0,0.0,0.0,1029.4,0.0,1033.4,108.5
10.327,19.039,1043.8,2.507,285.6,1.0,3.0,1009.1,89.1,1013.3,108.5
10.507,25.15,1050.9,2.8697,836.3,3.0,8.0,1017.7,48.7,1011.1,108.51
10.361,19.224,1047.0,2.6907,0.0,0.0,0.0,1009.6,0.0,1009.9,108.51
10.331,18.715,1044.4,2.7097,0.0,0.0,0.0,1012.7,89.1,1011.8,108.51
10.441,19.153,1047.7,2.816,0.0,0.0,0.0,1014.8,5.3,1016.9,108.52
10.369,18.775,1046.4,2.7438,0.0,0.0,0.0,1013.7,0.0,1015.8,108.52
10.237,19.055,1046.4,2.8337,0.0,0.0,0.0,998.93,0.0,1009.2,108.52
10.226,21.011,1045.9,2.3151,224.9,0.8,2.0,1017.4,88.1,1016.2,108.52
10.264,18.4,1045.2,2.5714,0.0,0.0,0.0,1018.8,47.9,1021.3,108.52
10.408,19.275,1032.2,2.7538,0.0,0.0,0.0,1016.1,14.8,1017.1,108.52
10.295,18.399,1043.0,2.5023,0.0,0.0,0.0,1005.2,89.1,996.1,108.53
10.161,19.153,1042.5,2.7202,0.0,0.0,0.0,1014.0,0.0,1020.1,108.53
10.512,19.558,1049.1,3.1658,530.8,1.9,5.0,1008.4,48.8,1010.2,108.53
10.296,18.624,1043.1,2.5261,0.0,0.0,0.0,1015.0,89.0,1013.1,108.54
10.467,19.964,1051.5,3.0195,389.4,1.4,4.0,1017.3,0.0,1016.8,108.54
10.431,18.709,1045.3,2.7317,0.0,0.0,0.0,1029.3,0.0,1033.4,108.54
10.416,23.546,1047.4,2.7785,542.1,2.0,5.0,1013.8,0.0,1012.9,108.55
10.336,19.212,1034.4,2.6402,0.0,0.0,0.0,1020.1,89.1,1011.2,108.55
10.385,19.227,1046.6,2.7391,0.0,0.0,0.0,1005.1,0.0,1016.1,108.56
10.517,26.702,1051.9,2.8975,740.1,2.7,7.0,1016.9,0.0,1010.1,108.56
10.258,18.729,1043.6,2.5752,0.0,0.0,0.0,1017.4,2.4,1014.1,108.57
10.369,18.856,1041.7,3.4568,0.0,0.0,0.0,1017.7,74.8,1020.2,108.57
10.391,19.648,1048.2,2.7783,0.0,0.0,0.0,1006.4,30.6,1007.0,108.58
10.281,18.935,1042.3,2.5111,0.0,0.0,0.0,1005.0,87.9,996.2,108.58
10.376,19.576,1041.2,2.3531,0.0,0.0,0.0,1016.2,89.1,1012.2,108.58
10.492,20.004,1049.1,3.1455,8.2,0.0,0.0,1010.1,85.5,1005.1,108.58
10.184,18.402,1043.8,2.3329,153.0,0.6,2.0,1003.9,85.3,1019.2,108.58
10.428,19.164,1047.8,2.7738,0.0,0.0,0.0,1014.8,0.0,1013.0,108.58
10.251,22.889,1044.5,2.593,0.0,0.0,0.0,1020.2,8.8,1027.3,108.58
10.216,20.428,1044.9,2.6628,0.0,0.0,0.0,1007.6,0.0,1014.3,108.59
10.302,18.341,1044.2,2.6469,0.0,0.0,0.0,1019.1,89.1,1005.1,108.59
10.357,19.267,1045.7,2.7719,40.6,0.1,0.0,1013.3,89.1,1012.0,108.6
10.387,18.819,1046.4,2.6682,0.0,0.0,0.0,1011.8,2.0,1012.0,108.6
10.491,20.134,1052.2,3.0508,639.3,2.3,6.0,1011.8,0.0,1013.0,108.6
10.364,19.43,1047.8,2.7756,0.0,0.0,0.0,1010.2,0.0,1008.0,108.6
10.387,19.384,1047.4,2.7507,0.0,0.0,0.0,1009.8,4.3,1010.9,108.6
10.217,20.043,1043.5,2.5902,0.0,0.0,0.0,1016.1,2.4,1015.2,108.6
10.382,18.804,1047.3,2.6584,0.0,0.0,0.0,1019.9,27.3,1007.9,108.6
10.402,22.906,1041.5,2.6052,0.0,0.0,0.0,1020.8,54.8,1014.3,108.61
10.226,20.224,1043.1,2.518,0.0,0.0,0.0,1004.3,90.6,1025.3,108.61
10.448,19.638,1050.0,3.27,366.2,1.3,4.0,1011.7,0.0,1015.1,108.61
10.153,19.849,1044.6,2.2812,0.0,0.0,0.0,1004.3,89.0,1018.0,108.61
10.26,19.425,1043.6,2.3473,0.0,0.0,0.0,1005.1,0.0,1022.2,108.61
10.308,21.281,1045.5,2.875,0.0,0.0,0.0,1004.3,87.9,1008.0,108.61
10.53,19.775,1050.1,2.8577,769.9,2.8,8.0,1015.7,53.3,1018.8,108.61
10.424,20.066,1050.5,2.8205,516.3,1.9,5.0,1008.1,48.2,1009.1,108.63
10.215,20.748,1045.8,2.3215,355.5,1.3,4.0,1017.4,7.5,1022.2,108.63
10.494,20.405,1051.4,3.2872,468.4,1.7,5.0,1013.3,45.0,1017.9,108.63
10.469,19.266,1048.2,2.7594,0.0,0.0,0.0,1014.3,51.7,1014.0,108.63
10.346,23.059,1044.6,2.5503,322.8,1.2,3.0,1025.9,48.8,1024.2,108.63
10.554,19.844,1050.6,3.2511,631.2,2.3,6.0,1011.5,23.9,1014.1,108.63
10.343,23.731,1045.1,2.6437,0.0,0.0,0.0,1012.3,89.1,1006.3,108.64
10.403,18.93,1047.0,2.7129,0.0,0.0,0.0,1015.2,0.0,1020.1,108.64
10.441,19.755,1049.0,2.868,0.0,0.0,0.0,1008.1,83.0,1014.1,108.64
10.324,20.482,1046.5,2.8543,339.3,1.2,3.0,1003.0,87.9,1009.1,108.64
10.5,20.061,1052.0,3.0328,569.5,2.1,6.0,1017.4,10.0,1016.7,108.64
10.439,19.668,1029.8,2.3352,0.0,0.0,0.0,1025.7,89.1,1007.2,108.64
10.242,19.346,1044.1,2.563,0.0,0.0,0.0,1016.4,2.4,1015.1,108.65
10.435,19.646,1048.4,2.7315,630.2,2.3,6.0,1007.9,29.6,1008.0,108.65
10.3,18.647,1045.4,2.6342,0.0,0.0,0.0,1019.4,89.1,1014.1,108.65
10.302,21.232,1046.4,2.287,184.2,0.7,2.0,1013.0,90.3,1016.3,108.65
10.482,18.922,1048.2,3.0335,0.0,0.0,0.0,1023.3,49.8,1026.0,108.65
10.409,19.965,1049.9,2.7643,740.8,2.7,7.0,1007.6,48.2,1009.1,108.66
10.381,18.356,1044.2,2.6464,0.0,0.0,0.0,1019.5,89.1,1006.0,108.66
10.257,23.838,1045.8,2.6836,696.8,2.5,7.0,1002.4,29.0,1008.3,108.66
10.403,19.207,1040.5,2.4019,193.7,0.7,2.0,1019.4,96.9,1024.2,108.66
10.431,19.249,1047.7,2.7945,0.0,0.0,0.0,1016.6,5.1,1019.9,108.66
10.399,19.396,1047.4,2.7544,0.0,0.0,0.0,1009.6,44.0,1010.7,108.67
10.368,20.935,1030.6,2.3069,0.0,0.0,0.0,1024.9,89.1,1008.1,108.67
10.334,19.122,1046.9,2.6835,0.0,0.0,0.0,1011.9,0.0,1018.9,108.67
10.252,18.439,1045.2,2.5721,0.0,0.0,0.0,1019.5,89.1,1014.0,108.67
10.465,19.874,1049.7,3.53,560.4,2.0,6.0,1018.7,5.3,1020.0,108.68
10.361,18.77,1038.5,2.6805,0.0,0.0,0.0,1025.4,87.9,1028.2,108.68
10.363,19.649,1048.5,3.0196,0.0,0.0,0.0,1003.2,81.9,1021.1,108.68
10.257,18.684,1044.3,3.0705,0.0,0.0,0.0,1012.2,89.1,1011.3,108.69
10.423,19.793,1049.8,3.132,0.0,0.0,0.0,1011.0,49.0,1014.9,108.69
10.397,21.077,1046.5,2.6774,0.0,0.0,0.0,1016.2,89.1,1020.1,108.69
10.391,19.199,1048.0,2.754,0.0,0.0,0.0,1014.8,13.2,1013.0,108.69
10.345,19.323,1040.8,2.5465,0.0,0.0,0.0,1015.6,89.1,1000.3,108.69
10.369,21.861,1046.1,2.3544,0.0,0.0,0.0,1016.6,87.9,1024.1,108.7
10.447,20.039,1049.7,3.5114,216.1,0.8,2.0,1017.7,5.3,1019.2,108.7
10.284,19.064,1035.7,2.5008,0.0,0.0,0.0,1016.4,46.0,1031.5,108.7
10.34,18.819,1036.2,2.6978,0.0,0.0,0.0,1025.6,87.9,1028.1,108.7
10.416,19.552,1049.4,3.2422,0.0,0.0,0.0,1010.9,8.2,1014.9,108.7
10.36,19.262,1048.1,2.7803,0.0,0.0,0.0,1014.8,0.0,1012.0,108.71
10.439,19.171,1037.7,2.4123,81.9,0.3,1.0,1019.7,90.3,1023.0,108.71
10.234,19.265,1041.8,2.5656,0.0,0.0,0.0,1014.6,89.1,1009.2,108.71
10.427,19.457,1048.9,2.9747,358.7,1.3,4.0,1013.7,27.7,1015.8,108.71
10.414,21.579,1048.0,2.7173,31.9,0.1,0.0,1008.4,88.0,1018.0,108.71
10.381,19.54,1048.4,2.9626,0.0,0.0,0.0,1002.3,77.2,1020.1,108.72
10.45,18.733,1033.9,2.7129,0.0,0.0,0.0,1020.1,1.6,1008.1,108.73
10.588,20.221,1052.6,3.0238,900.6,3.2,9.0,1016.6,0.0,1015.6,108.73
10.454,24.15,1050.6,2.8259,574.3,2.1,6.0,1017.6,0.0,1011.9,108.74
10.538,19.584,1050.1,3.0714,0.0,0.0,0.0,1018.4,0.0,1017.9,108.74
10.395,19.245,1047.5,2.8055,0.0,0.0,0.0,1005.8,0.0,1016.1,108.74
10.246,18.616,1039.6,2.3188,0.0,0.0,0.0,1015.6,89.1,1014.1,108.75
10.42,19.866,1049.2,3.6486,386.5,1.4,4.0,1012.5,85.5,1020.0,108.75
10.439,23.71,1047.5,2.7792,699.9,2.5,7.0,1013.3,0.0,1013.0,108.75
10.308,20.955,1042.4,2.3278,0.0,0.0,0.0,1019.5,89.0,1013.1,108.75
10.397,18.808,1045.9,2.9365,0.0,0.0,0.0,1031.1,0.0,1027.4,108.76
10.532,19.754,1049.7,3.1377,0.0,0.0,0.0,1010.3,82.1,1015.0,108.77
10.363,19.606,1048.7,2.9805,0.0,0.0,0.0,1003.8,83.1,1021.2,108.77
10.497,19.918,1050.2,2.9122,0.0,0.0,0.0,1008.1,87.9,1014.0,108.77
10.339,19.357,1047.7,2.8127,0.0,0.0,0.0,1011.6,8.8,1017.0,108.77
10.268,19.039,1043.9,2.5677,0.0,0.0,0.0,1016.9,2.4,1014.2,108.77
10.475,19.761,1049.6,3.1315,0.0,0.0,0.0,1010.5,49.0,1015.0,108.77
10.375,24.883,1047.4,2.9135,345.0,1.2,3.0,989.4,89.4,1008.4,108.77
10.279,19.237,1047.0,2.7279,236.6,0.9,2.0,1009.2,24.0,1019.1,108.77
10.447,19.592,1049.4,2.9029,0.0,0.0,0.0,1013.3,11.9,1010.8,108.78
10.319,18.437,1038.9,2.261,47.8,0.2,0.0,1022.2,84.3,1023.3,108.78
10.536,19.795,1049.9,3.1411,0.0,0.0,0.0,1010.3,49.0,1015.0,108.78
10.458,19.353,1048.4,2.2812,250.1,0.9,3.0,1016.5,88.1,1010.1,108.78
10.356,18.887,1046.3,2.6549,0.0,0.0,0.0,1011.4,0.0,1015.1,108.78
10.385,19.171,1038.5,2.7226,0.0,0.0,0.0,1015.4,0.0,1017.1,108.78
10.308,18.966,1047.1,2.6209,0.0,0.0,0.0,1022.0,88.1,1018.5,108.78
10.391,20.005,1043.6,2.646,0.0,0.0,0.0,1015.3,89.1,1019.3,108.78
10.264,20.879,1044.1,2.5861,84.3,0.3,1.0,1026.7,48.8,1024.3,108.79
10.339,24.992,1048.4,2.7026,389.8,1.4,4.0,1008.3,26.8,1017.0,108.79
10.337,18.843,1045.9,2.6847,0.0,0.0,0.0,1010.6,89.1,1022.3,108.79
10.344,19.016,1037.6,3.1923,0.0,0.0,0.0,1028.6,78.2,1028.8,108.79
10.393,19.441,1047.1,2.9445,0.0,0.0,0.0,1012.8,43.8,1019.8,108.8
10.439,26.151,1048.5,2.7516,381.0,1.4,4.0,1010.6,89.1,1016.1,108.8
10.371,19.048,1043.7,2.7864,0.0,0.0,0.0,1021.7,83.3,1018.0,108.8
10.302,22.131,1045.5,2.6305,264.0,1.0,3.0,999.48,0.0,1023.2,108.8
10.423,19.789,1048.9,3.137,0.0,0.0,0.0,1017.9,77.6,1014.0,108.81
10.256,19.513,1044.0,2.3444,0.0,0.0,0.0,1006.3,0.0,1022.1,108.81
10.251,19.252,1044.3,2.5663,0.0,0.0,0.0,1016.6,2.4,1014.2,108.81
10.125,19.992,1044.3,2.3288,262.1,0.9,3.0,1003.7,85.3,1019.3,108.81
10.312,22.919,1042.0,2.6067,0.0,0.0,0.0,1018.3,89.1,1015.1,108.81
10.377,24.028,1048.2,2.7195,214.7,0.8,2.0,1008.4,20.9,1016.2,108.81
10.282,18.288,1043.8,2.4914,0.0,0.0,0.0,1005.1,89.1,995.1,108.81
10.351,19.207,1037.5,2.7464,0.0,0.0,0.0,1019.2,89.1,1022.0,108.82
10.315,18.742,1045.5,2.6666,0.0,0.0,0.0,1018.5,0.0,1021.3,108.82
10.446,22.873,1041.1,2.6064,0.0,0.0,0.0,1021.0,54.8,1014.3,108.82
10.343,22.877,1043.1,2.6153,0.0,0.0,0.0,1021.0,86.9,1015.1,108.82
10.368,18.597,1045.0,2.6399,62.7,0.2,1.0,1032.5,44.6,1022.1,108.82
10.56,20.312,1052.9,3.0535,798.7,2.9,8.0,1015.4,23.9,1016.6,108.82
10.409,19.908,1049.0,3.1358,0.0,0.0,0.0,1013.3,0.0,1018.9,108.82
10.807,20.714,1031.2,3.8215,0.0,0.0,0.0,1017.8,8.9,1026.1,108.82
10.493,19.335,1049.0,3.1097,0.4,0.0,0.0,1014.6,24.6,1014.9,108.82
10.332,18.514,1038.3,2.3151,103.0,0.4,1.0,1022.9,84.3,1024.2,108.82
10.347,20.631,1045.2,2.5438,0.0,0.0,0.0,1013.4,87.9,1019.4,108.83
10.322,20.688,1046.9,2.8055,0.0,0.0,0.0,1015.2,8.6,1015.0,108.83
10.516,19.988,1050.4,2.8366,360.9,1.3,4.0,1005.6,89.1,1006.9,108.83
10.495,19.841,1050.4,3.2161,417.1,1.5,4.0,1008.3,38.3,1010.2,108.84
10.443,18.61,1038.4,2.6731,0.0,0.0,0.0,1026.0,44.0,1021.9,108.84
10.226,20.067,1045.1,2.3013,0.0,0.0,0.0,1004.6,89.0,1018.1,108.84
10.214,18.802,1045.8,2.6395,0.0,0.0,0.0,1006.5,0.0,1016.9,108.85
10.314,18.434,1045.0,2.5688,0.0,0.0,0.0,1019.5,89.1,1013.2,108.85
10.379,18.774,1046.0,2.6923,0.0,0.0,0.0,1010.8,89.1,1021.4,108.85
10.274,23.362,1046.7,2.679,424.3,1.5,4.0,1015.9,80.0,1018.3,108.85
10.589,20.066,1052.1,2.9993,666.6,2.4,7.0,1016.2,0.0,1014.7,108.86
10.539,19.763,1050.7,3.2914,495.6,1.8,5.0,1011.8,23.9,1015.9,108.86
10.31,19.16,1044.5,2.6181,254.8,0.9,3.0,1006.3,89.1,1019.3,108.86
10.377,18.777,1036.2,2.57,0.0,0.0,0.0,1011.3,90.3,1022.4,108.86
10.229,23.548,1042.6,2.6467,0.0,0.0,0.0,1017.6,89.1,1015.0,108.86
10.555,20.131,1050.5,3.2071,108.9,0.4,1.0,1011.9,85.5,1005.9,108.86
10.273,20.252,1043.6,2.3243,0.0,0.0,0.0,1022.3,83.1,1023.1,108.87
10.361,20.306,1041.4,2.6236,2.4,0.0,0.0,1015.7,20.2,1019.1,108.87
10.346,23.182,1043.4,2.615,0.0,0.0,0.0,1021.4,87.9,1015.2,108.87
10.377,19.292,1047.1,2.7826,0.0,0.0,0.0,1004.9,0.0,1016.1,108.87
10.361,19.082,1046.3,2.7062,0.0,0.0,0.0,1012.2,77.5,1014.7,108.87
10.401,18.65,1040.5,2.2297,19.8,0.1,0.0,1023.4,90.6,1018.9,108.87
10.295,19.453,1041.5,2.5913,0.0,0.0,0.0,1015.6,89.1,1009.0,108.87
10.346,19.821,1037.0,2.506,0.0,0.0,0.0,1015.8,46.0,1030.7,108.88
10.363,18.634,1045.8,2.7684,0.0,0.0,0.0,1013.4,30.0,1014.0,108.88
10.368,20.605,1031.6,2.3241,0.0,0.0,0.0,1025.0,89.1,1008.0,108.88
10.449,19.33,1047.7,2.7412,250.9,0.9,3.0,1009.2,0.0,1009.9,108.88
10.286,19.48,1046.9,2.6951,0.0,0.0,0.0,1003.8,90.0,1014.1,108.88
10.452,19.292,1030.7,2.8928,0.0,0.0,0.0,1013.2,77.6,1003.1,108.88
10.458,19.18,1037.1,2.3825,0.0,0.0,0.0,1019.3,90.3,1022.3,108.88
10.303,23.226,1045.7,2.6451,252.1,0.9,3.0,1015.9,74.2,1018.2,108.88
10.45,18.904,1048.2,2.974,0.0,0.0,0.0,1023.4,89.1,1026.0,108.88
10.349,18.834,1046.6,2.6795,0.0,0.0,0.0,1013.5,0.0,1016.8,108.89
10.291,18.227,1043.8,2.5272,0.0,0.0,0.0,1005.2,87.9,994.2,108.89
10.379,19.077,1044.4,2.8004,0.0,0.0,0.0,1018.3,22.7,1020.3,108.9
10.401,18.906,1046.9,2.6954,0.0,0.0,0.0,1017.6,0.0,1022.0,108.9
10.416,19.207,1038.3,2.7433,0.0,0.0,0.0,1015.7,0.4,1017.1,108.9
10.489,19.433,1048.7,2.7746,0.0,0.0,0.0,1015.5,23.9,1012.9,108.9
10.398,19.273,1047.6,2.7859,0.0,0.0,0.0,1011.2,56.1,1017.9,108.9
10.529,19.844,1050.9,3.2923,690.8,2.5,7.0,1011.4,43.6,1015.0,108.9
10.311,21.782,1047.0,2.7271,0.0,0.0,0.0,1015.1,0.0,1015.9,108.9
10.538,18.99,1032.7,2.6823,0.0,0.0,0.0,1028.1,0.0,1021.1,108.91
10.367,18.963,1045.9,2.674,0.0,0.0,0.0,1011.0,89.1,1021.3,108.91
10.363,19.51,1049.3,2.7865,500.1,1.8,5.0,1017.6,31.1,1012.8,108.91
10.281,23.103,1047.5,2.7001,741.7,2.7,7.0,1012.6,80.0,1011.8,108.91
10.397,22.774,1046.6,2.5618,345.9,1.2,3.0,1013.9,89.1,1018.2,108.91
10.504,19.8,1049.2,3.2114,14.3,0.1,0.0,1011.5,0.0,1016.7,108.91
10.403,19.212,1038.0,2.817,0.0,0.0,0.0,1021.3,0.0,1013.2,108.91
10.434,19.439,1047.7,2.7255,0.0,0.0,0.0,1009.6,44.0,1010.8,108.92
10.475,19.747,1050.4,3.0392,493.2,1.8,5.0,1010.5,33.0,1015.7,108.92
10.254,18.781,1041.9,2.6965,0.0,0.0,0.0,1019.8,0.0,1024.4,108.92
10.423,19.601,1049.2,2.8883,468.9,1.7,5.0,1011.2,85.5,1015.0,108.92
10.227,20.673,1046.0,2.7085,31.1,0.1,0.0,1006.1,89.1,1013.3,108.92
10.336,20.918,1045.5,2.6806,0.0,0.0,0.0,1007.8,0.0,1015.3,108.92
10.479,21.08,1041.9,2.6201,35.8,0.1,0.0,1023.6,52.1,1016.3,108.92
10.454,19.495,1048.0,2.7352,12.4,0.0,0.0,1009.9,48.6,1009.0,108.93
10.655,20.181,1052.4,3.0222,470.7,1.7,5.0,1011.5,0.0,1013.6,108.93
10.522,19.885,1050.3,2.9287,0.0,0.0,0.0,1014.1,0.0,1011.8,108.93
10.468,18.995,1032.9,2.2577,0.0,0.0,0.0,1028.5,53.5,1021.9,108.94
10.319,19.29,1036.8,2.6339,0.0,0.0,0.0,1010.1,56.9,1007.3,108.94
10.485,21.897,1023.4,2.3938,338.2,1.2,3.0,1014.2,47.2,1029.4,108.94
10.31,18.669,1041.0,2.2361,0.0,0.0,0.0,1023.3,90.3,1018.9,108.94
10.24,18.726,1046.1,2.7495,0.0,0.0,0.0,1018.6,80.5,1018.1,108.95
10.359,18.704,1046.3,2.6021,0.0,0.0,0.0,1019.8,89.1,1014.2,108.95
10.224,19.456,1043.0,2.8666,175.1,0.6,2.0,1000.8,40.0,1016.1,108.95
10.301,21.379,1045.9,2.7359,753.8,2.7,8.0,1003.5,51.2,1008.0,108.95
10.493,24.241,1048.6,2.8352,0.0,0.0,0.0,1011.1,0.0,1016.9,108.96
10.37,23.676,1047.6,2.9374,310.9,1.1,3.0,991.26,88.2,1017.4,108.96
10.282,19.247,1039.3,2.7328,0.0,0.0,0.0,1015.8,22.4,1016.2,108.96
10.489,20.987,1023.4,2.3822,241.5,0.9,2.0,1015.0,47.2,1030.2,108.96
10.329,19.201,1047.6,2.7316,0.0,0.0,0.0,1011.5,0.0,1014.9,108.96
10.444,19.842,1050.1,3.1149,0.0,0.0,0.0,1010.7,49.0,1014.9,108.96
10.374,25.944,1048.7,2.7572,107.1,0.4,1.0,1016.6,89.1,1016.3,108.96
10.327,20.307,1043.9,2.6229,0.0,0.0,0.0,1021.4,89.1,1022.2,108.97
10.349,19.836,1045.8,2.7696,135.5,0.5,1.0,1013.5,89.1,1010.9,108.97
10.481,19.841,1048.7,3.1486,0.0,0.0,0.0,1007.6,15.8,1013.9,108.97
10.314,19.21,1047.8,2.7604,0.0,0.0,0.0,1011.8,0.0,1014.8,108.97
10.424,19.771,1049.1,3.2813,0.0,0.0,0.0,1011.6,0.0,1018.8,108.97
10.279,21.762,1041.3,2.5943,0.0,0.0,0.0,1011.4,0.4,1025.1,108.97
10.312,19.489,1047.9,2.7306,0.0,0.0,0.0,1009.5,8.7,1010.9,108.97
10.47,19.774,1051.4,3.1842,375.3,1.4,4.0,1019.0,48.3,1022.1,108.98
10.334,18.79,1044.6,2.7008,0.0,0.0,0.0,1022.2,0.0,1024.3,108.98
10.411,19.758,1049.4,2.7956,1.3,0.0,0.0,1009.7,5.2,1008.9,108.98
10.397,20.358,1045.4,2.7282,0.0,0.0,0.0,1016.9,75.8,1015.3,108.99
10.455,24.921,1049.7,2.7862,703.0,2.5,7.0,1013.2,0.0,1016.3,108.99
10.455,20.079,1039.1,2.8187,215.6,0.8,2.0,1014.3,87.9,1016.0,108.99
10.427,19.424,1047.4,2.6756,227.0,0.8,2.0,1014.7,0.0,1015.0,108.99
10.291,23.812,1047.9,2.7469,879.4,3.2,9.0,1012.7,60.0,1012.0,109.0
10.445,18.944,1035.2,2.6187,0.0,0.0,0.0,1028.6,0.0,1021.2,109.0
10.514,20.474,1023.8,2.3781,200.9,0.7,2.0,1015.8,50.8,1030.4,109.0
10.424,19.45,1048.9,2.7646,0.0,0.0,0.0,1013.3,84.5,1017.9,109.01
10.287,19.369,1046.4,2.6666,0.0,0.0,0.0,1005.6,0.0,1017.0,109.01
10.549,20.181,1051.2,3.5401,0.0,0.0,0.0,1011.8,0.0,1013.8,109.01
10.454,19.005,1048.9,3.041,74.6,0.3,1.0,1024.0,56.9,1026.1,109.01
10.368,18.89,1048.3,2.9873,0.0,0.0,0.0,1023.2,89.0,1025.8,109.02
10.719,20.449,1053.8,3.1134,903.5,3.3,9.0,1013.3,0.0,1012.8,109.02
10.32,19.266,1047.5,2.7274,0.0,0.0,0.0,1009.3,0.0,1010.0,109.02
10.374,19.098,1047.4,2.8498,213.0,0.8,2.0,1016.4,87.9,1011.0,109.02
10.404,19.686,1047.4,3.0448,0.0,0.0,0.0,1008.5,2.4,1016.1,109.02
10.22,20.927,1045.4,2.5016,0.0,0.0,0.0,996.56,89.4,1020.5,109.02
10.416,19.425,1046.9,2.9636,0.0,0.0,0.0,1011.3,29.0,1018.3,109.02
10.462,19.129,1046.2,2.7894,0.0,0.0,0.0,1022.7,77.2,1018.1,109.02
10.599,20.177,1051.3,2.8994,688.4,2.5,7.0,1007.1,89.1,1010.9,109.03
10.313,23.967,1045.7,2.7726,0.0,0.0,0.0,995.4,26.3,1015.2,109.03
10.412,19.301,1040.9,2.3926,0.0,0.0,0.0,1019.5,88.0,1026.3,109.03
10.299,18.394,1043.8,2.5873,0.0,0.0,0.0,1020.9,89.4,1011.5,109.03
10.463,19.217,1037.3,2.3959,2.2,0.0,0.0,1019.5,90.3,1022.8,109.03
10.487,19.947,1050.3,2.9297,0.0,0.0,0.0,1008.1,87.9,1014.0,109.03
10.342,24.468,1046.7,2.6737,591.1,2.1,6.0,1001.5,29.0,1008.9,109.03
10.368,19.926,1049.9,2.813,680.4,2.4,7.0,1007.6,48.8,1009.0,109.04
10.518,20.003,1050.3,3.473,0.0,0.0,0.0,1011.1,0.0,1013.0,109.04
10.383,19.522,1047.5,3.0587,0.0,0.0,0.0,1003.4,99.0,1016.0,109.04
10.423,19.69,1049.8,2.7871,857.1,3.1,9.0,1017.0,80.8,1013.0,109.04
10.289,21.848,1030.8,2.3791,0.0,0.0,0.0,1013.1,87.8,1027.0,109.04
10.393,19.513,1049.4,2.8357,0.0,0.0,0.0,1017.9,0.0,1017.9,109.04
10.384,19.651,1046.8,2.3475,241.8,0.9,2.0,1015.5,0.0,1023.3,109.04
10.372,23.558,1046.9,2.6987,826.6,3.0,8.0,1005.4,48.8,1015.4,109.04
10.578,20.062,1050.5,3.1963,124.8,0.4,1.0,1013.7,44.5,1018.7,109.05
10.362,18.704,1046.5,2.6952,0.0,0.0,0.0,1018.3,0.0,1022.3,109.05
10.308,19.063,1045.7,2.3244,0.0,0.0,0.0,1010.6,87.2,1016.9,109.05
10.454,19.697,1049.9,2.8682,0.0,0.0,0.0,1016.7,0.0,1015.9,109.05
10.336,25.649,1034.3,2.5973,0.0,0.0,0.0,1014.8,0.0,1024.1,109.05
10.405,21.366,1047.1,2.6953,0.0,0.0,0.0,1016.5,89.1,1019.3,109.06
10.413,19.74,1039.6,2.6607,0.0,0.0,0.0,1011.6,89.1,1007.4,109.06
10.493,19.921,1048.8,3.0863,0.0,0.0,0.0,1010.4,55.9,1007.0,109.06
10.288,18.903,1045.5,2.6911,0.0,0.0,0.0,1012.6,89.1,1011.1,109.06
10.345,19.51,1048.8,3.1753,0.0,0.0,0.0,1012.1,0.0,1014.0,109.07
10.375,19.371,1045.7,2.7045,0.0,0.0,0.0,1012.1,89.1,1020.4,109.07
10.53,20.324,1050.4,3.3572,0.0,0.0,0.0,1004.0,27.4,1011.9,109.08
10.407,19.271,1042.0,2.3934,114.8,0.4,1.0,1019.5,100.0,1025.0,109.08
10.351,18.69,1041.4,2.2301,0.0,0.0,0.0,1023.9,90.3,1022.3,109.08
10.411,19.087,1037.0,3.1661,0.0,0.0,0.0,1028.5,78.2,1029.6,109.08
10.487,19.808,1048.3,3.4643,0.0,0.0,0.0,1011.7,29.9,1015.4,109.08
10.204,18.805,1045.9,2.2859,0.0,0.0,0.0,1010.8,87.8,1016.9,109.08
10.226,18.599,1046.3,2.591,0.0,0.0,0.0,1018.9,49.0,1021.2,109.08
10.299,19.301,1044.9,2.8774,134.6,0.5,1.0,1013.9,89.1,1012.9,109.08
10.394,24.245,1047.0,2.5379,330.0,1.2,3.0,1013.6,89.1,1018.2,109.09
10.401,23.826,1048.5,2.7008,60.5,0.2,1.0,1008.9,20.9,1016.9,109.09
10.356,21.254,1046.8,2.6635,274.5,1.0,3.0,1012.9,89.1,1014.2,109.09
10.597,20.251,1051.5,3.5558,0.0,0.0,0.0,1011.9,0.0,1013.7,109.09
10.336,18.705,1046.7,2.6252,0.0,0.0,0.0,1019.5,89.1,1014.2,109.09
10.433,25.396,1049.2,2.7537,741.4,2.7,7.0,1011.5,0.0,1014.6,109.1
10.459,19.427,1026.4,2.8987,0.0,0.0,0.0,1031.4,0.0,1027.3,109.11
10.366,19.394,1048.6,2.2986,51.4,0.2,1.0,1016.5,89.1,1009.9,109.11
10.444,25.738,1047.8,2.6894,684.3,2.5,7.0,1019.1,80.3,1020.1,109.11
10.241,18.922,1041.8,2.6878,0.1,0.0,0.0,997.07,82.6,1019.0,109.11
10.266,20.87,1046.9,2.6554,64.1,0.2,1.0,1012.2,89.1,1017.2,109.11
10.462,19.631,1050.0,3.2453,0.0,0.0,0.0,1010.3,8.2,1014.2,109.12
10.389,19.71,1049.1,2.9999,0.0,0.0,0.0,1002.0,20.9,1019.2,109.12
10.416,19.69,1048.7,2.7954,0.0,0.0,0.0,1008.0,52.3,1007.0,109.12
10.237,18.524,1045.7,2.7664,0.0,0.0,0.0,1018.1,75.6,1018.1,109.12
10.323,19.433,1047.9,3.7499,0.0,0.0,0.0,1013.2,25.2,1022.1,109.12
10.404,19.32,1048.3,2.7764,0.0,0.0,0.0,1014.2,89.1,1020.0,109.13
10.417,18.872,1047.2,2.6551,0.0,0.0,0.0,1019.2,8.8,1022.2,109.13
10.43,18.981,1047.4,2.7091,0.0,0.0,0.0,1015.3,0.0,1014.8,109.13
10.395,19.895,1048.5,3.2894,0.0,0.0,0.0,1009.1,87.8,1013.9,109.13
10.398,19.184,1034.5,2.6315,0.0,0.0,0.0,1015.2,8.8,1022.2,109.13
10.363,20.02,1049.0,3.3782,0.0,0.0,0.0,1009.9,51.2,1014.1,109.13
10.466,19.924,1048.5,3.2767,0.0,0.0,0.0,1009.0,82.9,1014.1,109.14
10.409,18.517,1046.5,2.6574,0.0,0.0,0.0,1019.2,83.1,1011.1,109.14
10.455,19.507,1048.4,2.7924,0.0,0.0,0.0,1010.3,0.0,1008.0,109.14
10.532,19.409,1033.1,2.7895,0.0,0.0,0.0,1023.9,89.1,1000.3,109.14
10.475,19.741,1048.5,3.4899,0.0,0.0,0.0,1013.0,0.0,1018.0,109.14
10.551,20.144,1051.2,2.9023,438.2,1.6,4.0,1007.5,85.5,1010.1,109.14
10.362,19.819,1045.5,2.666,0.0,0.0,0.0,1016.6,75.8,1016.0,109.15
10.485,19.578,1048.8,3.107,0.0,0.0,0.0,1009.0,30.0,1014.9,109.15
10.428,19.324,1048.4,2.7814,0.0,0.0,0.0,1014.6,0.0,1012.0,109.15
10.345,19.211,1033.5,2.8974,0.0,0.0,0.0,1012.7,77.9,1002.2,109.15
10.46,19.628,1049.0,2.8014,0.0,0.0,0.0,1010.0,23.9,1008.0,109.17
10.389,19.421,1046.3,2.6967,0.0,0.0,0.0,1011.4,89.1,1021.2,109.17
10.434,21.922,1047.4,2.7085,5.9,0.0,0.0,1016.2,89.1,1019.1,109.17
10.313,21.338,1046.0,2.6042,340.4,1.2,3.0,1005.6,87.9,1019.2,109.17
10.242,23.648,1046.5,2.6113,37.7,0.1,0.0,1007.3,52.1,1014.2,109.17
10.34,19.256,1043.5,2.7301,0.0,0.0,0.0,1013.3,0.0,1020.2,109.18
10.347,18.584,1045.5,2.3937,0.0,0.0,0.0,1020.1,90.3,1022.7,109.18
10.32,20.358,1046.3,2.8358,0.0,0.0,0.0,1005.4,89.1,1011.0,109.18
10.282,18.645,1042.5,2.2504,0.0,0.0,0.0,1023.1,90.3,1018.9,109.18
10.479,19.376,1048.6,2.8395,0.0,0.0,0.0,1014.0,0.0,1018.9,109.18
10.49,19.526,1049.0,2.7105,0.0,0.0,0.0,1012.1,5.2,1015.0,109.18
10.219,19.083,1045.7,3.6192,0.0,0.0,0.0,1013.0,50.0,1017.0,109.19
10.334,23.467,1046.8,2.5762,576.6,2.1,6.0,1023.9,83.4,1025.3,109.19
10.333,18.99,1047.6,2.6888,0.0,0.0,0.0,1013.9,0.0,1015.1,109.19
10.342,22.384,1045.0,2.6399,142.2,0.5,1.0,1015.9,74.2,1018.2,109.19
10.324,18.456,1044.8,2.5676,0.0,0.0,0.0,1020.9,89.4,1010.6,109.2
10.38,19.66,1042.3,2.6294,0.0,0.0,0.0,1015.0,86.8,1020.1,109.2
10.391,18.974,1047.0,2.6669,0.0,0.0,0.0,1011.7,43.8,1014.2,109.2
10.509,19.894,1049.2,3.1328,0.0,0.0,0.0,1009.9,89.0,1013.9,109.2
10.49,20.353,1051.7,3.2591,293.2,1.1,3.0,1013.3,43.8,1017.9,109.2
10.391,18.39,1045.0,2.6553,89.4,0.3,1.0,1017.2,87.9,1018.9,109.2
10.355,19.215,1040.2,2.7186,0.0,0.0,0.0,1015.5,0.4,1017.0,109.21
10.366,18.936,1048.5,2.9859,0.0,0.0,0.0,1023.3,89.0,1025.9,109.21
10.358,19.045,1045.4,2.8918,0.0,0.0,0.0,1008.7,56.0,1008.0,109.21
10.427,19.32,1030.8,2.9532,0.0,0.0,0.0,1031.3,0.0,1027.3,109.21
10.328,19.622,1048.2,2.7303,0.0,0.0,0.0,1003.9,90.0,1014.0,109.21
10.496,19.876,1049.2,3.241,0.0,0.0,0.0,1010.3,89.0,1011.8,109.21
10.231,21.729,1043.5,2.6152,329.9,1.2,3.0,1022.2,51.0,1027.1,109.21
10.596,20.297,1053.5,3.0764,922.5,3.3,9.0,1017.0,0.0,1015.8,109.21
10.664,20.434,1053.8,3.1251,918.2,3.3,9.0,1012.9,0.0,1012.8,109.21
10.23,19.369,1043.0,2.5548,0.0,0.0,0.0,1015.0,89.1,1009.2,109.21
10.36,22.097,1043.2,2.6352,0.0,0.0,0.0,1011.9,89.1,1007.2,109.22
10.257,20.252,1045.6,2.2898,0.0,0.0,0.0,1003.6,52.3,1018.1,109.22
10.503,20.114,1051.1,2.8397,395.7,1.4,4.0,1008.5,48.7,1009.0,109.22
10.314,19.248,1038.9,2.728,3.5,0.0,0.0,1017.0,88.3,1023.1,109.22
10.485,19.441,1049.8,3.0771,22.5,0.1,0.0,1022.4,38.2,1024.0,109.22
10.489,18.785,1045.8,2.6338,0.0,0.0,0.0,1031.9,24.2,1022.2,109.23
10.572,19.119,1039.9,2.3732,0.0,0.0,0.0,1019.9,89.0,1023.0,109.23
10.379,19.522,1045.2,2.6455,0.0,0.0,0.0,1021.1,89.1,1022.3,109.23
10.36,18.93,1047.2,2.6586,0.0,0.0,0.0,1012.4,43.3,1014.0,109.23
10.416,18.494,1045.2,2.6207,0.0,0.0,0.0,1019.1,89.1,1005.2,109.23
10.454,20.14,1050.0,3.2769,0.0,0.0,0.0,1007.9,0.0,1011.9,109.23
10.451,19.395,1040.2,2.4149,0.0,0.0,0.0,1019.7,88.0,1027.2,109.23
10.601,20.339,1053.2,3.0818,556.5,2.0,6.0,1014.1,24.6,1012.8,109.23
10.289,20.128,1046.9,2.6874,0.0,0.0,0.0,1016.3,89.1,1020.1,109.24
10.466,19.954,1050.0,3.2226,0.0,0.0,0.0,1017.9,83.9,1013.8,109.24
10.458,19.446,1048.6,3.0727,0.0,0.0,0.0,1010.5,40.0,1013.0,109.24
10.35,20.981,1047.1,2.7936,0.0,0.0,0.0,1014.7,0.0,1016.0,109.24
10.475,20.29,1051.8,2.9167,633.2,2.3,6.0,1005.8,89.1,1010.1,109.24
10.385,20.291,1040.2,2.3838,0.0,0.0,0.0,1023.2,89.3,1024.9,109.24
10.412,19.143,1049.4,3.0538,117.4,0.4,1.0,1024.1,89.1,1026.1,109.25
10.414,19.249,1047.5,2.7978,0.0,0.0,0.0,1007.7,48.7,1013.0,109.25
10.412,21.951,1040.0,2.4869,0.0,0.0,0.0,1019.9,87.9,1010.2,109.25
10.297,23.458,1046.5,2.5857,570.9,2.1,6.0,1023.1,79.8,1026.2,109.25
10.399,19.206,1045.5,2.8375,0.0,0.0,0.0,1018.7,22.7,1020.3,109.26
10.36,19.46,1047.2,2.9587,0.0,0.0,0.0,1011.3,48.7,1018.2,109.26
10.52,19.377,1038.7,2.4141,0.0,0.0,0.0,1019.2,88.8,1022.1,109.26
10.404,19.406,1047.0,3.0993,14.9,0.1,0.0,1005.7,27.5,1015.2,109.26
10.338,21.169,1047.1,2.807,68.3,0.2,1.0,1002.9,8.2,1009.3,109.26
10.317,18.774,1046.1,2.6224,0.0,0.0,0.0,1021.3,0.0,1025.1,109.26
10.324,23.189,1042.5,2.6377,0.0,0.0,0.0,1018.6,56.0,1015.9,109.26
10.527,20.017,1051.6,2.9786,53.2,0.2,1.0,1017.0,0.0,1016.6,109.26
10.188,18.615,1045.3,2.7461,0.0,0.0,0.0,1012.5,89.1,1011.2,109.27
10.436,19.384,1048.8,3.4651,0.0,0.0,0.0,1019.0,0.0,1013.0,109.27
10.39,20.886,1039.7,2.6621,0.0,0.0,0.0,1011.8,89.1,1007.2,109.27
10.534,20.151,1049.8,3.1253,0.0,0.0,0.0,1010.1,54.7,1006.1,109.27
10.477,19.573,1048.9,2.2757,359.2,1.3,4.0,1016.2,86.4,1010.9,109.28
10.451,19.14,1039.7,2.4067,47.4,0.2,0.0,1019.6,90.3,1022.2,109.28
10.397,19.231,1046.9,2.8115,0.0,0.0,0.0,1014.7,79.6,1015.1,109.28
10.35,18.77,1037.6,2.5208,0.0,0.0,0.0,1016.5,78.2,1030.7,109.29
10.486,24.426,1048.5,2.8013,812.8,2.9,8.0,1013.0,0.0,1012.9,109.29
10.399,19.856,1049.6,3.2637,0.0,0.0,0.0,1011.5,0.0,1017.9,109.29
10.318,18.431,1045.3,2.3433,0.0,0.0,0.0,1023.1,89.0,1026.9,109.29
10.343,19.87,1046.3,2.6327,0.0,0.0,0.0,1022.7,89.1,1020.2,109.29
10.471,19.934,1048.8,3.4713,0.0,0.0,0.0,1011.4,46.0,1012.5,109.29
10.424,19.105,1046.8,2.7883,0.0,0.0,0.0,1016.5,0.0,1028.0,109.3
10.515,20.097,1052.3,3.0187,204.3,0.7,2.0,1017.2,0.0,1016.8,109.3
10.441,19.172,1047.5,2.6861,0.0,0.0,0.0,1011.5,62.7,1012.1,109.3
10.395,23.382,1043.4,2.6333,0.0,0.0,0.0,1019.2,81.8,1015.2,109.31
10.479,19.884,1023.7,2.3863,23.1,0.1,0.0,1017.3,84.5,1032.4,109.31
10.551,20.274,1052.9,3.0733,382.1,1.4,4.0,1014.1,27.7,1012.8,109.31
10.481,19.323,1043.7,2.4395,29.0,0.1,0.0,1025.3,89.4,1012.2,109.31
10.491,19.78,1050.0,3.6858,0.0,0.0,0.0,1017.9,51.2,1023.7,109.31
10.348,18.71,1045.2,2.6162,0.0,0.0,0.0,1009.7,82.7,1010.1,109.32
10.457,19.285,1047.8,2.7803,0.0,0.0,0.0,1010.9,11.9,1017.9,109.32
10.318,18.827,1037.4,2.572,0.0,0.0,0.0,1011.9,58.1,1022.3,109.32
10.456,19.353,1048.6,2.7424,0.0,0.0,0.0,1012.7,86.9,1018.9,109.32
10.329,19.876,1048.6,3.2375,0.0,0.0,0.0,1003.3,5.2,1015.1,109.33
10.347,19.229,1040.9,2.7168,0.0,0.0,0.0,1015.6,3.6,1016.2,109.33
10.289,19.09,1046.1,2.68,0.0,0.0,0.0,1010.1,0.0,1016.1,109.33
10.386,21.664,1044.4,2.647,0.0,0.0,0.0,1016.9,89.1,1006.2,109.33
10.492,19.617,1049.9,2.808,0.0,0.0,0.0,1014.7,21.0,1013.1,109.33
10.659,20.434,1053.9,3.1178,877.5,3.2,9.0,1012.3,0.0,1012.9,109.33
10.357,20.167,1037.9,2.369,0.0,0.0,0.0,1023.2,89.3,1025.8,109.34
10.439,19.71,1049.0,3.0755,0.0,0.0,0.0,1012.5,60.1,1011.0,109.34
10.42,20.678,1046.1,2.6376,48.4,0.2,0.0,1023.1,89.1,1020.1,109.34
10.313,19.442,1043.2,2.7512,0.0,0.0,0.0,998.76,60.0,1020.0,109.34
10.319,19.336,1048.2,2.8612,0.0,0.0,0.0,1010.0,0.0,1017.0,109.35
10.402,20.41,1045.9,2.6389,0.0,0.0,0.0,1014.4,55.1,1019.1,109.35
10.281,18.705,1044.5,2.6377,0.0,0.0,0.0,1020.2,0.0,1025.1,109.35
10.495,19.335,1043.0,2.4309,223.3,0.8,2.0,1025.4,90.5,1012.0,109.36
10.43,19.316,1048.5,2.7714,0.0,0.0,0.0,1012.0,0.0,1014.1,109.36
10.449,19.376,1049.4,3.0099,0.0,0.0,0.0,1014.1,0.0,1018.1,109.36
10.344,19.379,1048.8,3.4569,0.0,0.0,0.0,1019.4,0.0,1012.9,109.36
10.387,19.6,1047.5,3.1244,0.0,0.0,0.0,1013.2,61.5,1017.9,109.36
10.371,21.861,1043.9,2.6603,0.0,0.0,0.0,1012.0,89.1,1007.1,109.36
10.423,19.64,1049.4,2.3232,447.7,1.6,4.0,1015.5,86.4,1011.0,109.36
10.37,19.199,1038.5,2.6458,0.0,0.0,0.0,1010.7,89.1,1007.3,109.37
10.253,18.93,1046.0,2.9687,0.0,0.0,0.0,1020.0,52.3,1006.1,109.37
10.323,21.898,1033.6,2.3823,0.0,0.0,0.0,1013.7,0.0,1028.0,109.37
10.382,21.23,1044.2,2.609,0.2,0.0,0.0,1023.7,48.8,1017.0,109.37
10.394,19.687,1047.7,3.2389,0.0,0.0,0.0,1008.7,48.7,1009.0,109.37
10.658,20.3,1049.3,3.2532,0.0,0.0,0.0,1012.4,89.1,1015.1,109.37
10.325,18.989,1048.8,3.0003,0.0,0.0,0.0,1023.3,89.0,1025.8,109.38
10.364,18.616,1044.3,2.5555,149.2,0.5,1.0,1009.2,89.1,1013.3,109.38
10.368,26.587,1049.3,2.7438,595.1,2.1,6.0,1008.3,49.6,1016.9,109.39
10.412,19.401,1048.0,2.7408,3.6,0.0,0.0,1006.5,89.1,1006.1,109.39
10.468,19.105,1037.7,2.6308,0.0,0.0,0.0,1029.1,0.0,1021.0,109.39
10.233,18.801,1045.2,2.6288,0.0,0.0,0.0,1008.6,33.5,1010.9,109.39
10.436,19.8,1048.8,3.4739,0.0,0.0,0.0,1012.0,8.9,1016.3,109.39
10.198,18.669,1045.4,2.6276,0.0,0.0,0.0,1008.3,48.7,1011.2,109.4
10.486,19.551,1050.0,3.5799,562.0,2.0,6.0,1021.8,24.0,1018.2,109.4
10.467,20.08,1050.9,3.5696,676.2,2.4,7.0,1019.2,24.0,1020.0,109.4
10.533,20.264,1051.9,2.8843,45.5,0.2,0.0,1006.8,85.5,1006.1,109.4
10.348,20.184,1044.3,2.6084,0.0,0.0,0.0,1005.1,87.9,1019.1,109.4
10.252,19.383,1045.5,2.9113,104.8,0.4,1.0,1013.6,89.1,1012.1,109.4
10.413,19.296,1045.9,3.0324,0.0,0.0,0.0,1016.3,87.8,1014.1,109.4
10.677,21.232,1056.0,3.6381,654.1,2.4,7.0,1011.4,29.0,1006.9,109.4
10.46,18.895,1039.8,2.2654,69.2,0.2,1.0,1023.7,90.6,1019.0,109.41
10.44,19.345,1048.5,2.8473,0.0,0.0,0.0,1014.5,0.0,1013.8,109.41
10.23,19.319,1039.6,2.6609,0.0,0.0,0.0,1019.7,9.7,1022.1,109.41
10.571,20.286,1050.8,3.3956,0.0,0.0,0.0,1006.7,2.0,1009.8,109.41
10.372,19.205,1047.9,2.7979,0.0,0.0,0.0,1007.0,7.1,1013.9,109.41
10.405,19.073,1039.9,2.3698,0.0,0.0,0.0,1007.5,42.9,1015.4,109.41
10.53,19.431,1049.4,2.8804,0.0,0.0,0.0,1015.0,0.0,1011.9,109.41
10.348,21.342,1044.9,2.6299,0.0,0.0,0.0,1016.6,87.9,1006.2,109.42
10.303,20.63,1046.7,2.6705,9.3,0.0,0.0,1011.9,89.1,1018.2,109.42
10.329,21.604,1045.1,2.578,0.0,0.0,0.0,1002.5,43.3,1014.3,109.42
10.406,21.381,1047.6,2.7976,0.0,0.0,0.0,1014.8,0.0,1016.0,109.42
10.34,21.911,1037.2,2.5542,0.0,0.0,0.0,1015.6,89.1,1022.2,109.43
10.572,19.742,1037.4,2.4519,348.8,1.3,3.0,1025.3,89.4,1011.2,109.43
10.325,19.311,1045.9,2.6531,0.0,0.0,0.0,1021.2,89.1,1023.1,109.44
10.524,19.52,1049.8,3.5681,402.0,1.4,4.0,1022.3,5.2,1018.1,109.44
10.527,19.475,1049.5,2.851,0.0,0.0,0.0,1015.4,5.2,1013.0,109.44
10.63,20.796,1053.9,3.4494,921.4,3.3,9.0,1011.4,29.0,1014.7,109.44
10.6,20.197,1050.6,3.3871,0.0,0.0,0.0,1006.7,0.0,1009.0,109.44
10.422,19.495,1044.5,2.6989,0.0,0.0,0.0,1016.7,44.9,1016.2,109.44
10.327,20.003,1042.7,2.6437,0.0,0.0,0.0,1016.3,89.1,1009.0,109.45
10.334,18.891,1045.6,2.6083,105.2,0.4,1.0,1006.0,89.1,1020.1,109.45
10.577,20.07,1050.9,2.8448,216.2,0.8,2.0,1009.0,40.0,1009.0,109.45
10.213,20.64,1041.9,2.6323,0.0,0.0,0.0,1010.8,0.0,1025.2,109.45
10.491,20.254,1051.0,3.4276,0.0,0.0,0.0,1012.2,89.0,1009.2,109.46
10.619,20.331,1052.2,2.9301,698.3,2.5,7.0,1006.7,89.1,1010.2,109.46
10.412,21.932,1048.0,2.7212,34.8,0.1,0.0,1016.3,89.1,1019.2,109.46
10.338,18.543,1046.2,2.6232,0.0,0.0,0.0,1020.9,89.4,1010.4,109.46
10.321,19.725,1046.8,2.6827,0.0,0.0,0.0,1005.7,0.0,1017.0,109.47
10.74,20.483,1054.8,3.2804,594.1,2.1,6.0,1018.6,47.1,1020.8,109.47
10.696,20.473,1054.0,3.1027,893.6,3.2,9.0,1015.4,23.9,1016.7,109.47
10.564,20.446,1053.2,3.0911,844.3,3.0,8.0,1011.0,33.5,1010.9,109.47
10.575,19.933,1051.7,3.3092,571.8,2.1,6.0,1011.7,43.6,1015.2,109.47
10.521,19.085,1028.2,2.6412,0.0,0.0,0.0,1026.5,90.3,1019.3,109.47
10.265,18.672,1046.8,2.6134,0.0,0.0,0.0,1019.5,89.1,1014.1,109.47
10.428,19.481,1049.8,2.8798,0.0,0.0,0.0,1012.9,0.0,1020.1,109.48
10.431,18.888,1047.6,2.751,0.0,0.0,0.0,1013.5,0.0,1015.1,109.48
10.364,19.82,1048.7,3.1527,0.0,0.0,0.0,1011.4,30.6,1012.1,109.48
10.384,19.88,1049.4,3.5059,0.0,0.0,0.0,1014.7,0.0,1018.0,109.49
10.486,19.493,1049.6,2.8858,0.0,0.0,0.0,1014.8,5.2,1012.9,109.49
10.245,18.791,1045.7,2.6683,0.0,0.0,0.0,1020.0,0.0,1025.1,109.49
10.408,19.163,1043.2,2.5584,372.4,1.3,4.0,1011.3,50.0,1023.1,109.5
10.405,18.792,1047.7,2.6348,0.0,0.0,0.0,1026.3,41.8,1022.0,109.5
10.361,19.658,1048.0,3.1093,0.0,0.0,0.0,1003.7,36.1,1016.8,109.5
10.404,19.665,1042.9,2.6515,0.0,0.0,0.0,1015.1,90.0,1020.1,109.5
10.506,18.953,1036.4,2.6789,0.0,0.0,0.0,1027.9,0.0,1020.3,109.51
10.55,19.858,1051.0,2.9743,456.1,1.6,5.0,1005.8,81.8,1022.2,109.51
10.489,19.457,1039.3,2.4466,0.0,0.0,0.0,1011.8,77.9,1023.4,109.51
10.251,18.638,1046.9,2.6392,0.0,0.0,0.0,1019.6,87.9,1011.2,109.51
10.194,21.045,1045.2,2.3648,0.0,0.0,0.0,1003.9,0.0,1022.2,109.51
10.444,19.096,1047.9,2.7286,0.0,0.0,0.0,1015.2,0.0,1020.1,109.51
10.274,19.034,1044.0,2.4339,0.0,0.0,0.0,1014.9,90.3,1019.4,109.51
10.421,19.804,1050.8,3.2264,0.0,0.0,0.0,1009.0,7.8,1014.2,109.52
10.493,19.323,1048.7,2.7552,0.0,0.0,0.0,1014.6,0.0,1012.8,109.52
10.459,18.913,1047.8,2.6706,0.0,0.0,0.0,1019.4,89.1,1016.0,109.52
10.505,19.865,1049.8,3.1805,0.0,0.0,0.0,1017.7,77.6,1014.0,109.53
10.464,19.154,1044.5,2.8774,0.0,0.0,0.0,1022.1,44.9,1006.2,109.53
10.372,19.525,1046.4,2.7134,0.0,0.0,0.0,1012.9,89.1,1011.0,109.53
10.571,20.155,1052.5,2.9737,492.2,1.8,5.0,1016.0,0.0,1013.9,109.54
10.479,20.209,1050.6,3.3584,0.0,0.0,0.0,1009.5,54.7,1008.8,109.54
10.367,18.989,1045.7,2.6201,261.8,0.9,3.0,1006.4,53.3,1018.1,109.54
10.497,26.164,1051.3,2.8572,538.6,1.9,5.0,1013.5,0.4,1017.0,109.54
10.388,24.276,1046.5,2.7557,0.0,0.0,0.0,1005.0,14.9,1014.5,109.55
10.346,18.997,1044.9,2.6303,0.0,0.0,0.0,1020.4,0.0,1021.1,109.55
10.457,20.327,1046.6,2.6229,183.0,0.7,2.0,1023.0,84.5,1017.1,109.55
10.364,19.508,1043.9,2.9119,0.0,0.0,0.0,1000.7,0.0,1017.1,109.55
10.41,19.356,1048.0,2.7885,0.0,0.0,0.0,1007.6,83.0,1015.0,109.55
10.535,19.897,1049.7,3.1797,0.0,0.0,0.0,1017.7,80.0,1014.0,109.55
10.504,19.652,1050.2,2.8832,0.0,0.0,0.0,1016.3,0.0,1013.9,109.55
10.78,20.972,1020.8,3.0616,72.1,0.3,1.0,1019.3,7.3,1021.1,109.55
10.372,23.628,1046.2,2.756,0.0,0.0,0.0,994.32,15.8,1015.2,109.55
10.434,19.748,1048.3,3.1924,0.0,0.0,0.0,1012.6,0.0,1018.0,109.56
10.235,18.58,1046.2,2.7709,0.0,0.0,0.0,1018.3,42.5,1018.2,109.56
10.371,19.196,1046.6,2.9998,0.0,0.0,0.0,1016.2,50.0,1014.9,109.56
10.446,19.703,1048.2,3.1589,0.0,0.0,0.0,1012.2,89.1,1017.1,109.56
10.374,19.787,1044.8,2.562,0.0,0.0,0.0,1013.1,87.9,1020.3,109.56
10.352,18.376,1045.4,2.4127,0.0,0.0,0.0,1007.8,83.1,1019.7,109.57
10.406,18.673,1046.5,2.686,0.0,0.0,0.0,1012.7,89.1,1032.2,109.57
10.265,19.287,1044.2,2.6919,0.0,0.0,0.0,1021.2,47.5,1022.1,109.57
10.418,20.304,1040.7,2.4903,0.0,0.0,0.0,1015.2,46.0,1030.6,109.57
10.416,19.506,1047.9,2.7768,0.0,0.0,0.0,1006.8,90.0,1006.9,109.57
10.497,19.936,1050.1,3.2788,0.0,0.0,0.0,1011.8,0.0,1019.0,109.57
10.348,19.458,1047.6,2.9652,0.0,0.0,0.0,1015.4,100.0,1014.0,109.57
10.429,19.509,1048.3,2.6806,91.6,0.3,1.0,1007.0,38.2,1007.8,109.57
10.536,19.347,1049.2,2.975,0.0,0.0,0.0,1012.1,0.0,1016.8,109.58
10.253,19.296,1046.9,2.9423,0.0,0.0,0.0,1013.4,0.0,1013.0,109.58
10.443,19.311,1047.3,2.828,0.0,0.0,0.0,1015.0,8.6,1015.0,109.59
10.3,19.443,1043.8,2.6868,30.6,0.1,0.0,1021.0,88.1,1022.1,109.59
10.446,18.752,1044.0,2.6741,0.0,0.0,0.0,1020.7,0.0,1020.3,109.59
10.496,19.911,1049.2,3.498,0.0,0.0,0.0,1011.5,50.0,1014.3,109.6
10.605,20.296,1051.8,3.5435,0.0,0.0,0.0,1009.1,89.0,1008.9,109.6
10.362,22.591,1046.4,2.5563,0.7,0.0,0.0,1006.0,89.1,1020.1,109.61
10.523,20.423,1052.5,2.9375,816.5,2.9,8.0,1006.1,89.1,1010.1,109.61
10.463,23.236,1049.5,2.8143,173.9,0.6,2.0,1007.4,34.9,1017.2,109.61
10.393,18.684,1043.5,2.6551,0.0,0.0,0.0,1020.6,0.0,1020.3,109.62
10.392,20.446,1046.4,2.6219,94.0,0.3,1.0,1023.4,53.3,1016.3,109.62
10.471,19.918,1050.0,2.8094,640.0,2.3,6.0,1008.0,49.5,1008.9,109.62
10.543,19.178,1041.0,2.3854,0.0,0.0,0.0,1019.8,91.2,1023.1,109.62
10.649,20.772,1052.7,3.4856,0.0,0.0,0.0,1002.7,50.0,1005.7,109.62
10.454,18.977,1039.7,2.6459,0.0,0.0,0.0,1012.3,89.1,1032.1,109.62
10.43,20.158,1049.9,2.7581,0.0,0.0,0.0,1016.8,0.0,1012.8,109.63
10.419,19.531,1047.2,3.0901,0.0,0.0,0.0,1003.1,52.3,1013.2,109.63
10.757,21.314,1056.2,3.652,793.3,2.9,8.0,1011.3,30.3,1006.8,109.63
10.274,22.905,1047.0,2.6013,479.4,1.7,5.0,1022.5,47.6,1026.4,109.63
10.355,19.344,1047.5,2.7031,0.0,0.0,0.0,1011.6,0.0,1018.9,109.63
10.391,19.071,1049.2,3.016,0.0,0.0,0.0,1024.5,89.0,1024.9,109.64
10.557,20.295,1050.8,3.2835,0.0,0.0,0.0,1007.7,0.0,1012.7,109.64
10.351,19.709,1048.0,3.191,0.0,0.0,0.0,1012.8,0.0,1017.9,109.64
10.272,18.752,1045.2,2.5891,1.1,0.0,0.0,1010.8,82.7,1009.2,109.64
10.463,21.5,1047.0,2.6295,187.0,0.7,2.0,1022.3,89.1,1019.3,109.64
10.488,18.679,1041.0,2.6513,0.0,0.0,0.0,1025.5,90.3,1018.5,109.65
10.543,20.018,1050.4,3.2494,0.0,0.0,0.0,1013.2,0.0,1015.8,109.65
10.547,20.29,1051.4,3.2518,49.8,0.2,0.0,1010.2,85.5,1006.0,109.65
10.393,19.52,1049.5,3.1221,0.0,0.0,0.0,1008.1,83.1,1008.2,109.66
10.336,19.472,1047.4,2.9769,0.0,0.0,0.0,1011.4,0.0,1014.1,109.66
10.406,19.146,1041.5,2.4091,0.0,0.0,0.0,1008.4,0.0,1022.5,109.66
10.573,20.555,1052.2,3.2556,117.1,0.4,1.0,1011.3,0.0,1014.7,109.66
10.359,19.299,1041.2,2.7542,0.0,0.0,0.0,1012.6,87.9,1016.2,109.66
10.32,23.797,1046.8,2.6233,100.1,0.4,1.0,1012.8,89.1,1019.3,109.67
10.493,19.616,1048.7,2.7498,393.7,1.4,4.0,1007.5,29.5,1007.0,109.67
10.376,19.717,1036.7,2.3542,0.0,0.0,0.0,1023.4,89.3,1025.8,109.67
10.288,18.84,1038.8,2.5134,0.0,0.0,0.0,1016.7,78.2,1031.5,109.67
10.419,18.66,1045.5,2.6485,0.0,0.0,0.0,1021.0,89.4,1010.3,109.67
10.547,19.991,1050.4,3.1993,0.0,0.0,0.0,1011.8,24.0,1020.9,109.67
10.547,19.402,1050.6,3.089,236.2,0.9,2.0,1023.9,89.1,1026.2,109.67
10.627,20.355,1053.9,3.0572,806.8,2.9,8.0,1016.4,0.0,1014.8,109.67
10.402,20.878,1046.5,2.675,0.0,0.0,0.0,1014.4,21.2,1019.1,109.68
10.468,19.53,1048.2,2.7963,0.0,0.0,0.0,1006.5,89.1,1006.1,109.68
10.381,21.453,1038.3,2.5441,0.0,0.0,0.0,1015.6,89.1,1022.2,109.68
10.719,21.418,1056.6,3.6438,864.2,3.1,9.0,1011.2,29.0,1006.8,109.69
10.522,19.818,1050.6,3.2392,0.0,0.0,0.0,1009.5,7.8,1014.2,109.69
10.33,19.097,1037.4,2.6429,0.0,0.0,0.0,1009.5,89.1,1008.3,109.69
10.515,19.766,1050.7,3.2505,0.0,0.0,0.0,1009.9,7.8,1014.2,109.69
10.409,19.508,1049.0,2.8139,0.0,0.0,0.0,1016.8,50.8,1017.0,109.69
10.342,19.516,1048.8,2.7597,0.0,0.0,0.0,1013.1,0.0,1015.8,109.69
10.641,20.587,1051.7,3.4519,0.0,0.0,0.0,1007.3,86.7,1010.9,109.69
10.341,19.008,1046.0,2.6524,18.6,0.1,0.0,1006.4,89.1,1018.0,109.69
10.393,19.395,1048.3,2.7538,0.0,0.0,0.0,1007.7,0.0,1018.8,109.69
10.491,19.434,1050.6,3.0923,204.2,0.7,2.0,1024.1,89.1,1027.0,109.7
10.462,19.149,1048.3,2.7259,0.0,0.0,0.0,1011.9,0.0,1018.1,109.7
10.68,20.829,1053.3,3.4763,1.7,0.0,0.0,1010.9,0.0,1005.7,109.7
10.516,18.654,1043.2,2.6441,0.0,0.0,0.0,1031.1,13.5,1023.0,109.7
10.849,20.837,1033.7,3.8398,0.0,0.0,0.0,1017.8,24.2,1026.0,109.7
10.364,24.104,1048.7,2.9274,362.4,1.3,4.0,990.64,84.5,1017.4,109.7
10.325,18.974,1048.4,2.6479,0.0,0.0,0.0,1026.7,8.8,1021.3,109.71
10.426,18.802,1046.6,2.6625,0.0,0.0,0.0,1020.2,49.6,1021.2,109.71
10.359,21.544,1042.4,2.5819,0.0,0.0,0.0,1015.9,8.8,1019.2,109.71
10.576,20.023,1050.8,3.6656,0.0,0.0,0.0,1010.9,0.0,1014.0,109.72
10.418,19.153,1045.6,2.8684,0.0,0.0,0.0,1023.0,90.0,1007.0,109.72
10.246,20.801,1046.9,2.8596,0.0,0.0,0.0,1006.3,54.8,1007.1,109.72
10.406,18.761,1046.9,2.6068,14.7,0.1,0.0,1019.8,89.4,1013.1,109.72
10.555,19.886,1051.1,3.1151,0.0,0.0,0.0,1008.6,68.8,1013.0,109.72
10.483,19.955,1049.2,3.4952,0.0,0.0,0.0,1012.3,0.0,1017.2,109.72
10.619,20.121,1052.3,3.3082,650.4,2.3,7.0,1011.3,43.6,1014.9,109.72
10.461,19.639,1049.9,2.8248,2.8,0.0,0.0,1014.8,50.8,1013.0,109.73
10.283,18.936,1047.6,2.708,0.0,0.0,0.0,1013.7,0.0,1016.1,109.73
10.425,23.559,1049.8,2.8279,0.0,0.0,0.0,1010.7,0.0,1015.9,109.73
10.405,18.74,1047.0,2.6627,0.0,0.0,0.0,1012.8,89.1,1032.1,109.73
10.516,19.744,1042.6,2.6634,0.0,0.0,0.0,1029.4,24.6,1024.2,109.73
10.283,18.55,1046.5,2.6495,0.0,0.0,0.0,1019.1,89.1,1005.2,109.74
10.436,18.887,1037.6,2.617,0.0,0.0,0.0,1012.3,58.1,1022.3,109.74
10.516,20.052,1050.8,3.5489,0.0,0.0,0.0,1011.0,89.0,1007.8,109.74
10.403,19.416,1048.3,2.2684,0.0,0.0,0.0,1015.9,89.1,1007.9,109.74
10.485,19.982,1051.0,3.1636,0.0,0.0,0.0,1008.9,1.6,1013.9,109.74
10.428,18.516,1045.9,2.6636,0.0,0.0,0.0,1025.2,90.3,1018.4,109.74
10.32,19.52,1047.0,3.0084,0.0,0.0,0.0,1004.1,61.9,1012.0,109.74
10.374,19.397,1046.8,3.1775,0.0,0.0,0.0,1010.7,11.9,1023.9,109.74
10.338,19.018,1048.2,2.6682,0.0,0.0,0.0,1019.1,89.1,1014.1,109.75
10.377,19.321,1045.9,2.7059,0.0,0.0,0.0,1006.5,55.7,1018.1,109.75
10.233,18.701,1046.6,2.7553,0.0,0.0,0.0,1018.5,42.5,1019.0,109.75
10.553,19.727,1050.2,2.907,0.0,0.0,0.0,1010.3,0.0,1015.8,109.76
10.497,19.135,1045.4,2.4443,0.0,0.0,0.0,1005.3,0.0,1023.4,109.76
10.465,20.688,1045.0,2.6593,0.0,0.0,0.0,1021.5,89.1,1023.2,109.76
10.495,20.314,1051.9,3.5566,0.0,0.0,0.0,1009.2,89.0,1008.9,109.77
10.305,19.215,1036.8,2.8783,33.4,0.1,0.0,1012.3,35.9,1001.1,109.77
10.578,20.056,1051.5,2.9594,0.0,0.0,0.0,1014.1,0.0,1011.8,109.77
10.383,19.727,1049.1,3.0736,0.0,0.0,0.0,1012.5,45.0,1011.1,109.77
10.38,19.363,1048.4,2.7427,0.0,0.0,0.0,1010.2,50.0,1014.9,109.77
10.428,18.891,1039.9,2.6458,0.0,0.0,0.0,1012.5,89.1,1032.1,109.77
10.465,19.403,1043.7,2.4815,0.0,0.0,0.0,1025.8,42.9,1012.3,109.77
10.524,20.989,1029.8,2.5217,0.0,0.0,0.0,1019.1,77.2,1012.3,109.77
10.46,20.829,1047.1,2.6391,239.7,0.9,2.0,1022.9,84.3,1017.3,109.78
10.648,20.213,1051.6,3.507,0.0,0.0,0.0,1011.1,0.0,1013.0,109.78
10.433,18.529,1046.9,2.6732,0.0,0.0,0.0,1025.1,90.3,1018.3,109.78
10.486,18.7,1043.0,2.2237,0.0,0.0,0.0,1024.0,88.2,1023.0,109.79
10.416,18.922,1036.3,2.6529,0.0,0.0,0.0,1027.6,0.0,1019.3,109.79
10.69,20.498,1054.3,3.1183,779.7,2.8,8.0,1012.0,0.0,1013.0,109.79
10.253,19.371,1043.9,3.0512,0.0,0.0,0.0,1008.8,85.9,1014.1,109.8
10.4,19.327,1047.2,3.0087,0.0,0.0,0.0,1016.4,50.0,1015.0,109.8
10.459,18.793,1048.0,2.6449,0.0,0.0,0.0,1026.5,8.8,1021.9,109.8
10.659,20.713,1053.1,3.5481,0.0,0.0,0.0,1012.5,28.1,1015.0,109.8
10.322,21.245,1046.7,2.5666,82.0,0.3,1.0,1012.4,89.1,1022.0,109.8
10.602,20.16,1053.2,3.147,766.2,2.8,8.0,1016.4,24.0,1020.8,109.8
10.495,19.611,1049.1,2.7226,66.1,0.2,1.0,1012.4,0.0,1016.8,109.8
10.355,19.124,1045.5,2.4448,0.0,0.0,0.0,1005.4,0.0,1023.4,109.8
10.4,18.863,1047.3,2.6546,0.0,0.0,0.0,1018.4,0.0,1022.2,109.8
10.418,19.099,1039.2,2.4292,0.0,0.0,0.0,1012.1,51.1,1015.7,109.81
10.429,18.969,1048.0,2.6363,0.0,0.0,0.0,1019.2,8.8,1022.1,109.81
10.437,19.881,1048.0,2.7033,0.0,0.0,0.0,1005.6,0.0,1017.0,109.81
10.421,19.505,1047.7,3.1037,0.0,0.0,0.0,1005.6,48.3,1015.3,109.82
10.465,19.056,1042.7,2.6818,0.0,0.0,0.0,1021.5,43.6,1021.2,109.82
10.64,19.981,1051.6,3.0205,0.0,0.0,0.0,1012.5,42.4,1013.8,109.82
10.434,19.002,1048.5,2.7046,0.0,0.0,0.0,1020.0,85.5,1011.1,109.82
10.395,19.541,1049.7,3.5064,0.0,0.0,0.0,1019.5,0.0,1012.8,109.83
10.569,20.404,1051.3,3.2867,0.0,0.0,0.0,1008.0,0.0,1012.9,109.83
10.432,19.41,1048.5,2.7639,2.4,0.0,0.0,1008.2,0.0,1019.0,109.83
10.461,19.084,1033.7,2.7099,0.0,0.0,0.0,1020.0,3.5,1008.0,109.83
10.372,18.912,1046.2,3.0439,0.0,0.0,0.0,1015.2,82.1,1008.1,109.83
10.469,19.427,1049.4,3.0969,0.0,0.0,0.0,1012.8,89.1,1019.4,109.84
10.323,22.832,1047.0,2.718,787.1,2.8,8.0,1003.2,50.7,1008.2,109.84
10.558,20.316,1053.2,3.0586,199.9,0.7,2.0,1014.1,27.7,1012.1,109.85
10.587,20.574,1033.1,2.6072,0.0,0.0,0.0,1015.3,0.0,1017.0,109.86
10.405,20.874,1047.1,2.8938,0.0,0.0,0.0,1006.3,81.8,1007.1,109.86
10.411,19.169,1044.9,2.7332,0.0,0.0,0.0,1019.3,2.6,1015.2,109.87
10.309,18.48,1041.0,2.7015,0.0,0.0,0.0,1014.6,87.9,1019.0,109.87
10.259,19.567,1044.1,2.8371,0.0,0.0,0.0,1000.3,99.4,1025.3,109.88
10.639,20.034,1051.7,2.9509,10.3,0.0,0.0,1014.2,0.0,1010.8,109.88
10.406,26.488,1050.1,2.7478,554.1,2.0,6.0,1008.3,26.8,1016.9,109.88
10.592,20.163,1051.1,3.3846,0.0,0.0,0.0,1011.4,2.3,1007.8,109.88
10.533,20.019,1050.6,3.2638,0.0,0.0,0.0,1011.4,0.0,1017.0,109.88
10.68,20.642,1054.8,3.1395,835.4,3.0,8.0,1013.5,5.3,1012.9,109.88
10.649,20.113,1052.3,3.0287,1.0,0.0,0.0,1012.2,5.2,1013.8,109.88
10.407,19.372,1048.8,2.8382,0.0,0.0,0.0,1010.0,0.0,1017.0,109.88
10.529,20.487,1052.3,3.155,684.4,2.5,7.0,1010.9,85.5,1015.1,109.89
10.333,20.298,1045.9,2.5923,0.0,0.0,0.0,1005.0,87.9,1018.1,109.89
10.583,19.785,1050.6,2.3764,408.0,1.5,4.0,1014.8,54.2,1011.2,109.89
10.405,19.405,1047.9,2.9501,0.0,0.0,0.0,1014.9,39.1,1002.0,109.89
10.307,19.199,1038.3,2.8698,104.4,0.4,1.0,1011.9,85.5,1000.3,109.89
10.415,23.923,1047.1,2.6103,210.7,0.8,2.0,1012.9,89.1,1020.1,109.89
10.43,18.662,1047.0,2.6733,0.0,0.0,0.0,1019.3,87.9,1011.1,109.9
10.379,19.019,1037.0,2.6459,0.0,0.0,0.0,1015.1,33.5,1023.1,109.9
10.313,19.745,1044.4,2.7891,0.0,0.0,0.0,998.89,80.0,1020.0,109.9
10.545,19.539,1050.3,3.0066,0.0,0.0,0.0,1013.8,0.0,1016.9,109.9
10.447,19.187,1039.7,2.4098,0.0,0.0,0.0,1007.4,62.5,1014.3,109.9
10.566,19.924,1050.9,3.4479,0.0,0.0,0.0,1015.3,48.8,1015.9,109.9
10.469,19.15,1047.9,2.7368,0.0,0.0,0.0,1019.6,0.0,1018.2,109.91
10.756,21.062,1055.0,3.5826,0.0,0.0,0.0,1012.7,30.0,1006.8,109.91
10.517,20.582,1051.7,3.4544,0.0,0.0,0.0,1005.0,30.0,1010.0,109.91
10.408,18.829,1046.5,2.6775,0.0,0.0,0.0,1013.0,89.1,1032.1,109.92
10.62,20.195,1051.6,2.8925,432.3,1.6,4.0,1007.8,85.5,1010.0,109.92
10.57,19.969,1051.4,2.8944,0.0,0.0,0.0,1016.6,0.0,1015.9,109.92
10.407,19.032,1039.4,2.5557,0.0,0.0,0.0,1007.1,78.2,1022.2,109.92
10.434,22.84,1047.8,2.8185,7.5,0.0,0.0,1008.4,47.5,1007.0,109.93
10.402,19.22,1048.7,2.7016,0.0,0.0,0.0,1011.7,0.0,1018.8,109.93
10.333,19.033,1045.9,2.6892,0.0,0.0,0.0,1013.3,89.1,1032.2,109.93
10.555,19.89,1051.0,2.8014,322.9,1.2,3.0,1015.7,87.9,1017.0,109.93
10.407,19.637,1050.2,2.9012,1.1,0.0,0.0,1015.4,2.4,1016.8,109.93
10.729,20.817,1053.7,3.4598,763.3,2.7,8.0,1007.7,84.3,1012.0,109.94
10.59,20.099,1051.2,2.8437,285.4,1.0,3.0,1007.9,81.9,1010.0,109.94
10.462,19.809,1047.8,2.8153,0.0,0.0,0.0,1014.6,71.6,1016.0,109.94
10.512,19.516,1050.0,2.7017,0.0,0.0,0.0,1018.1,87.9,1021.2,109.94
10.455,19.412,1048.2,2.7931,0.0,0.0,0.0,1007.7,83.0,1015.1,109.94
10.36,19.383,1048.2,2.7542,0.0,0.0,0.0,1016.5,77.9,1017.1,109.95
10.351,19.633,1048.4,3.3583,0.0,0.0,0.0,1011.2,89.1,1016.9,109.95
10.408,20.727,1047.7,2.6499,0.0,0.0,0.0,1023.0,89.1,1020.2,109.95
10.402,19.94,1048.8,3.0531,0.0,0.0,0.0,1008.6,0.0,1015.1,109.95
10.586,20.36,1052.3,3.5332,0.0,0.0,0.0,1011.1,0.0,1012.8,109.95
10.431,20.911,1042.8,2.6246,0.0,0.0,0.0,1015.7,8.8,1020.3,109.96
10.493,19.546,1050.2,3.0984,126.7,0.5,1.0,1012.5,89.1,1018.2,109.96
10.469,19.853,1049.0,3.0375,315.8,1.1,3.0,1008.1,87.9,1014.9,109.96
10.527,19.235,1032.8,2.7218,0.0,0.0,0.0,1019.5,89.1,1005.3,109.96
10.417,19.528,1049.1,2.3013,3.6,0.0,0.0,1016.3,85.5,1009.0,109.96
10.46,19.609,1049.4,3.0869,246.6,0.9,2.0,1008.1,52.2,1009.1,109.97
10.501,19.588,1050.0,3.4949,0.0,0.0,0.0,1019.2,0.0,1013.0,109.97
10.679,20.471,1052.8,2.884,1.1,0.0,0.0,1006.8,85.4,1006.7,109.98
10.466,19.992,1050.4,2.8473,1.0,0.0,0.0,1008.2,85.4,1007.2,109.99
10.573,20.209,1052.6,3.027,50.6,0.2,1.0,1014.1,47.0,1012.0,109.99
10.589,19.948,1051.4,3.6476,122.0,0.4,1.0,1021.1,30.9,1022.1,109.99
10.621,20.26,1052.7,3.0581,0.0,0.0,0.0,1012.4,0.0,1010.9,109.99
10.417,19.139,1053.9,2.9304,0.0,0.0,0.0,1021.7,90.0,1006.2,109.99
10.501,19.917,1048.8,3.0766,0.0,0.0,0.0,1008.3,0.6,1016.0,109.99
10.361,18.747,1046.1,2.6348,0.0,0.0,0.0,1008.3,40.0,1012.1,109.99
10.468,19.378,1046.4,2.4602,0.0,0.0,0.0,1025.3,89.4,1012.2,110.0
10.729,20.672,1053.5,3.6287,0.0,0.0,0.0,1011.0,0.0,1012.8,110.0
10.231,18.783,1033.3,2.3688,0.0,0.0,0.0,1009.1,83.1,1017.5,110.0
10.477,20.616,1047.5,2.6444,168.4,0.6,2.0,1023.0,90.3,1020.1,110.0
10.241,19.474,1045.7,2.6932,0.0,0.0,0.0,1006.9,54.8,1018.2,110.01
10.452,19.422,1047.9,2.9461,0.0,0.0,0.0,1014.8,43.2,1002.0,110.01
10.461,20.173,1051.7,3.4983,0.0,0.0,0.0,1015.2,28.1,1016.8,110.01
10.396,24.333,1047.1,2.725,0.0,0.0,0.0,1004.8,87.9,1012.3,110.01
10.36,19.9,1049.2,3.1618,0.0,0.0,0.0,1013.5,40.0,1017.8,110.02
10.604,19.944,1051.4,3.6492,28.3,0.1,0.0,1020.7,52.3,1023.1,110.02
10.559,20.212,1051.0,3.2939,0.0,0.0,0.0,1008.8,43.3,1011.7,110.02
10.466,19.847,1048.8,3.2682,0.0,0.0,0.0,1012.6,95.6,1017.9,110.02
10.544,20.741,1053.1,3.1849,726.4,2.6,7.0,1010.7,82.0,1015.3,110.02
10.325,19.207,1043.7,2.8075,179.7,0.6,2.0,1002.4,89.1,1009.0,110.03
10.408,18.968,1045.2,2.6611,0.0,0.0,0.0,1020.7,0.0,1021.1,110.03
10.499,19.576,1050.0,3.1463,0.0,0.0,0.0,1007.8,83.1,1009.0,110.03
10.368,18.948,1041.0,2.6578,0.0,0.0,0.0,1027.8,0.0,1020.1,110.03
10.45,22.515,1049.7,2.85,0.0,0.0,0.0,1010.3,77.6,1016.1,110.03
10.475,19.384,1049.9,2.9946,0.0,0.0,0.0,1016.6,0.0,1020.8,110.03
10.44,19.122,1048.5,2.6298,0.0,0.0,0.0,1022.3,89.1,1019.2,110.04
10.547,19.28,1050.1,3.0343,0.0,0.0,0.0,1024.6,89.0,1025.8,110.04
10.348,20.279,1044.9,2.6199,0.0,0.0,0.0,1010.4,40.0,1024.1,110.05
10.285,19.461,1043.4,2.7109,0.0,0.0,0.0,1017.8,78.2,1017.0,110.05
10.426,18.981,1047.5,2.8443,0.0,0.0,0.0,1012.7,0.0,1014.0,110.05
10.425,21.541,1042.3,2.5244,0.0,0.0,0.0,1016.4,89.1,1022.3,110.05
10.498,22.025,1051.5,2.8273,0.6,0.0,0.0,1017.3,0.0,1011.9,110.06
10.486,18.897,1045.8,2.6918,0.0,0.0,0.0,1019.2,87.9,1012.1,110.06
10.417,19.411,1047.6,2.9728,1.1,0.0,0.0,1016.3,58.3,1015.0,110.06
10.648,20.626,1052.0,3.4294,0.0,0.0,0.0,1007.2,50.0,1011.0,110.06
10.418,19.493,1050.0,2.9901,0.0,0.0,0.0,1011.9,0.0,1016.9,110.06
10.522,20.231,1051.5,3.7929,0.0,0.0,0.0,1014.6,20.8,1021.9,110.06
10.492,19.281,1048.9,2.7411,0.0,0.0,0.0,1011.8,0.0,1017.9,110.06
10.415,19.913,1041.8,2.6171,0.0,0.0,0.0,1015.4,8.8,1021.3,110.07
10.637,20.007,1051.6,3.1368,0.0,0.0,0.0,1010.5,82.1,1014.9,110.07
10.528,19.683,1050.9,2.9202,0.0,0.0,0.0,1010.4,0.0,1021.1,110.07
10.492,19.976,1051.5,2.965,0.0,0.0,0.0,1013.2,5.2,1010.8,110.07
10.569,19.805,1050.3,2.9799,0.0,0.0,0.0,1002.1,45.0,1019.1,110.07
10.446,19.634,1037.1,2.9254,0.0,0.0,0.0,1018.4,89.0,1010.2,110.08
10.413,19.518,1047.8,3.0758,676.0,2.4,7.0,1006.4,50.0,1012.0,110.08
10.609,20.307,1051.6,3.4612,0.0,0.0,0.0,1008.2,27.5,1013.0,110.08
10.464,19.601,1048.3,2.9878,0.0,0.0,0.0,1014.9,29.3,1002.8,110.08
10.571,19.636,1050.6,3.0237,31.7,0.1,0.0,1013.6,0.0,1016.0,110.09
10.671,20.522,1053.1,3.6035,28.5,0.1,0.0,1012.2,0.0,1012.8,110.09
10.464,19.206,1043.5,2.4044,0.0,0.0,0.0,1019.1,90.3,1022.2,110.09
10.504,19.414,1050.7,3.0715,11.0,0.0,0.0,1024.6,89.0,1025.9,110.09
10.589,19.931,1051.2,3.7067,8.8,0.0,0.0,1020.4,89.1,1013.1,110.1
10.368,19.018,1036.7,2.6603,0.0,0.0,0.0,1015.3,33.5,1024.0,110.1
10.398,19.007,1034.7,2.3735,0.0,0.0,0.0,1018.9,52.1,1033.4,110.1
10.57,19.23,1050.2,3.0736,12.8,0.0,0.0,1023.7,87.1,1026.1,110.1
10.588,20.371,1052.2,3.4253,0.0,0.0,0.0,1011.8,2.0,1007.0,110.11
10.289,19.493,1047.7,3.1162,767.6,2.8,8.0,1006.6,52.2,1012.0,110.11
10.398,19.728,1049.2,2.7709,0.0,0.0,0.0,1007.7,85.5,1007.0,110.11
10.549,20.708,1052.9,3.4365,0.0,0.0,0.0,1005.0,5.8,1010.8,110.11
10.355,21.297,1047.2,2.562,0.0,0.0,0.0,1007.6,89.1,1017.1,110.12
10.371,19.184,1045.7,2.4438,0.0,0.0,0.0,1006.1,0.0,1023.3,110.12
10.38,19.139,1047.8,3.1517,0.0,0.0,0.0,1012.0,84.3,1013.0,110.12
10.492,20.471,1051.9,3.598,0.0,0.0,0.0,1006.6,8.1,1008.0,110.12
10.536,19.792,1049.8,3.2625,0.0,0.0,0.0,1015.3,0.0,1020.0,110.12
10.319,19.257,1048.2,2.7234,0.0,0.0,0.0,1006.7,0.0,1016.1,110.13
10.368,19.289,1044.0,2.8014,52.0,0.2,1.0,1002.6,82.1,1009.0,110.13
10.565,19.467,1028.2,2.8409,0.0,0.0,0.0,1032.6,41.8,1019.3,110.13
10.469,19.85,1050.6,3.1814,0.0,0.0,0.0,1008.9,7.8,1014.1,110.13
10.44,19.143,1048.0,2.5709,261.5,0.9,3.0,1010.9,82.7,1023.0,110.14
10.518,19.899,1049.8,3.1188,0.0,0.0,0.0,1009.6,89.0,1013.1,110.14
10.383,19.605,1049.6,2.8503,0.0,0.0,0.0,1003.5,0.0,1010.8,110.14
10.645,20.243,1052.8,3.043,0.0,0.0,0.0,1012.6,23.4,1013.8,110.14
10.402,20.521,1047.0,2.6563,0.0,0.0,0.0,1014.7,89.1,1019.1,110.14
10.576,19.607,1050.6,3.0245,33.5,0.1,0.0,1011.8,5.2,1015.9,110.15
10.512,19.99,1050.6,3.2774,0.0,0.0,0.0,1013.3,5.2,1015.9,110.15
10.435,19.428,1050.0,2.9672,0.0,0.0,0.0,1017.0,0.0,1020.1,110.15
10.475,18.531,1047.6,2.6826,0.0,0.0,0.0,1024.8,90.3,1018.3,110.15
10.6,20.107,1052.4,2.9595,118.6,0.4,1.0,1014.1,0.0,1010.6,110.15
10.348,20.564,1047.5,2.9061,0.0,0.0,0.0,1006.3,65.3,1007.1,110.16
10.447,19.088,1047.7,2.8676,0.0,0.0,0.0,1012.6,0.0,1013.9,110.16
10.574,20.189,1052.4,2.9741,0.1,0.0,0.0,1016.9,0.0,1015.9,110.16
10.564,19.166,1043.6,2.3927,0.0,0.0,0.0,1020.1,90.0,1023.0,110.16
10.479,19.475,1043.1,2.6846,0.0,0.0,0.0,1030.4,0.0,1023.3,110.16
10.613,20.72,1052.8,3.53,0.0,0.0,0.0,1009.1,0.0,1017.8,110.17
10.582,20.062,1051.4,3.4603,0.0,0.0,0.0,1015.1,49.4,1016.0,110.17
10.488,22.831,1052.0,2.8454,214.3,0.8,2.0,1017.5,0.0,1011.9,110.18
10.436,19.356,1048.5,2.6953,0.0,0.0,0.0,1009.3,0.0,1015.2,110.18
10.563,20.591,1052.1,3.4227,0.0,0.0,0.0,1005.1,30.0,1010.0,110.18
10.378,18.75,1045.8,2.688,256.4,0.9,3.0,1017.1,87.9,1018.2,110.18
10.419,19.764,1047.8,3.1061,0.0,0.0,0.0,1002.7,52.3,1013.0,110.18
10.29,18.83,1046.3,2.6635,0.0,0.0,0.0,1019.9,0.0,1024.3,110.19
10.63,20.294,1051.8,3.4165,2.0,0.0,0.0,1011.4,0.0,1007.6,110.19
10.508,20.197,1051.8,2.9166,677.1,2.4,7.0,1010.1,53.3,1013.9,110.19
10.406,19.493,1049.0,2.7791,77.5,0.3,1.0,1008.6,0.0,1019.1,110.19
10.576,20.013,1050.7,3.3149,16.1,0.1,0.0,1012.0,0.0,1010.9,110.19
10.398,19.095,1042.1,2.3891,0.0,0.0,0.0,1007.1,42.9,1015.2,110.19
10.396,19.251,1047.8,2.6822,0.0,0.0,0.0,1006.0,0.0,1017.0,110.2
10.564,19.914,1051.3,3.7023,0.0,0.0,0.0,1020.3,87.9,1014.0,110.2
10.519,20.139,1050.2,3.5044,0.0,0.0,0.0,1011.6,46.0,1010.6,110.2
10.529,19.539,1050.2,2.992,0.0,0.0,0.0,1011.7,0.0,1016.9,110.21
10.561,19.504,1050.2,2.9031,0.0,0.0,0.0,1017.1,49.4,1019.9,110.21
10.319,19.352,1044.3,2.8201,0.0,0.0,0.0,1003.0,47.0,1008.1,110.21
10.477,21.282,1048.2,2.7186,232.6,0.8,2.0,1009.1,0.0,1017.0,110.22
10.35,19.761,1049.1,3.0189,0.0,0.0,0.0,1012.1,43.8,1019.9,110.22
10.535,20.06,1051.4,3.4637,0.0,0.0,0.0,1015.6,29.5,1015.9,110.22
10.176,19.028,1043.3,2.7113,0.0,0.0,0.0,998.11,77.6,1018.1,110.23
10.8,21.119,1054.9,3.6511,0.0,0.0,0.0,1008.8,0.0,1016.1,110.23
10.443,22.704,1047.6,2.3865,376.7,1.4,4.0,1015.6,48.8,1025.2,110.23
10.611,21.005,1054.5,3.6514,0.0,0.0,0.0,1008.5,0.8,1016.8,110.23
10.703,20.772,1053.6,3.542,0.0,0.0,0.0,1012.4,8.8,1015.0,110.23
10.461,19.304,1042.5,2.3826,0.0,0.0,0.0,1019.0,90.3,1022.2,110.23
10.27,19.655,1047.6,3.0553,0.0,0.0,0.0,1003.2,52.3,1012.1,110.24
10.679,21.119,1054.9,3.5822,0.0,0.0,0.0,1012.4,3.0,1006.8,110.24
10.592,20.307,1051.9,3.4083,0.0,0.0,0.0,1011.2,2.2,1007.8,110.24
10.357,19.801,1048.6,3.0949,0.0,0.0,0.0,1006.7,89.1,1012.0,110.24
10.739,20.862,1053.3,3.4997,0.0,0.0,0.0,1004.9,30.0,1011.7,110.24
10.343,19.152,1043.7,2.7216,0.0,0.0,0.0,997.59,43.3,1019.0,110.24
10.469,19.545,1048.5,2.9772,0.0,0.0,0.0,1014.7,50.0,1002.0,110.24
10.533,20.528,1051.8,3.3226,0.0,0.0,0.0,1008.3,0.0,1011.8,110.24
10.538,20.463,1052.5,3.4666,0.0,0.0,0.0,1012.5,31.0,1009.9,110.25
10.417,19.772,1050.3,3.0944,0.0,0.0,0.0,1010.5,5.2,1012.8,110.26
10.294,19.211,1041.0,2.6356,0.0,0.0,0.0,1009.7,56.9,1007.5,110.26
10.535,20.211,1051.1,3.2734,0.0,0.0,0.0,1014.9,43.6,1014.9,110.26
10.336,19.386,1043.5,2.7197,415.3,1.5,4.0,1014.4,90.4,1022.1,110.26
10.461,19.593,1050.4,2.9242,0.0,0.0,0.0,1014.7,5.2,1012.0,110.26
10.604,19.685,1050.9,3.0408,25.8,0.1,0.0,1016.7,39.1,1019.8,110.27
10.49,19.402,1049.1,2.7358,0.0,0.0,0.0,1010.8,0.0,1020.8,110.27
10.508,19.675,1050.5,3.523,0.0,0.0,0.0,1019.0,23.9,1013.8,110.27
10.782,21.201,1055.7,3.5885,0.0,0.0,0.0,1012.8,2.9,1006.8,110.27
10.421,19.233,1043.3,2.4259,0.0,0.0,0.0,1007.6,0.0,1023.2,110.28
10.49,20.079,1051.2,2.8406,145.5,0.5,1.0,1008.0,85.4,1009.1,110.28
10.46,19.709,1050.3,2.8356,0.0,0.0,0.0,1015.1,40.0,1016.0,110.28
10.528,20.08,1051.5,3.7388,0.0,0.0,0.0,1018.4,51.2,1022.9,110.28
10.529,19.276,1050.5,2.9192,0.0,0.0,0.0,1021.4,81.8,1007.0,110.29
10.371,19.864,1047.5,2.5217,97.7,0.4,1.0,1012.7,89.1,1011.2,110.29
10.37,19.42,1042.2,2.8993,0.0,0.0,0.0,1012.4,0.0,1017.1,110.29
10.304,19.719,1045.1,2.937,0.0,0.0,0.0,1000.7,0.0,1017.3,110.29
10.361,19.325,1048.1,2.7499,0.0,0.0,0.0,1012.4,40.0,1008.9,110.3
10.765,20.955,1055.0,3.4071,789.0,2.8,8.0,1014.2,25.8,1018.6,110.3
10.348,20.965,1048.1,2.7345,0.0,0.0,0.0,1005.8,89.1,1011.3,110.3
10.679,20.679,1052.8,3.5644,0.0,0.0,0.0,1008.9,4.1,1017.1,110.3
10.424,21.29,1041.2,2.5489,0.0,0.0,0.0,1015.8,89.1,1022.1,110.3
10.485,19.67,1049.9,3.102,112.8,0.4,1.0,1008.0,50.8,1009.1,110.3
10.368,19.226,1043.9,2.7921,378.8,1.4,4.0,1002.8,89.1,1010.1,110.31
10.356,19.506,1047.5,3.1842,0.0,0.0,0.0,1010.4,8.7,1024.0,110.31
10.782,21.125,1042.6,2.5239,365.0,1.3,4.0,1013.7,86.4,1012.0,110.31
10.61,20.173,1052.6,2.9986,0.0,0.0,0.0,1013.9,2.4,1011.8,110.31
10.663,20.41,1052.8,3.5765,0.0,0.0,0.0,1011.4,0.0,1013.0,110.31
10.54,19.815,1050.4,3.1172,0.0,0.0,0.0,1009.2,30.0,1015.0,110.31
10.503,18.639,1047.8,2.6897,0.0,0.0,0.0,1024.8,90.3,1018.3,110.31
10.676,21.003,1055.1,3.3994,481.5,1.7,5.0,1012.5,27.8,1020.7,110.32
10.5,19.802,1051.0,2.8407,0.0,0.0,0.0,1016.2,48.7,1013.1,110.32
10.449,21.271,1048.3,2.3879,223.6,0.8,2.0,1013.4,89.3,1013.2,110.32
10.444,19.188,1038.8,2.7764,0.0,0.0,0.0,1019.2,50.0,1007.0,110.32
10.569,20.033,1051.6,3.7273,32.9,0.1,0.0,1019.7,45.0,1023.8,110.32
10.284,21.207,1047.0,2.6646,187.9,0.7,2.0,1011.9,89.1,1013.2,110.33
10.455,19.542,1050.4,2.9059,0.0,0.0,0.0,1015.2,2.4,1016.1,110.33
10.43,19.958,1050.9,3.4332,0.0,0.0,0.0,1011.6,1.2,1010.0,110.34
10.356,19.179,1048.8,2.6942,0.0,0.0,0.0,1013.2,72.9,1014.0,110.34
10.507,20.228,1051.8,3.5816,0.0,0.0,0.0,1010.9,89.0,1007.9,110.35
10.386,19.557,1049.5,2.7119,0.0,0.0,0.0,1008.6,0.0,1010.0,110.35
10.506,19.7,1051.1,2.9204,0.0,0.0,0.0,1012.3,0.0,1020.2,110.35
10.693,21.334,1056.3,3.6179,25.4,0.1,0.0,1012.7,2.3,1006.8,110.35
10.745,21.484,1057.1,3.6088,873.9,3.1,9.0,1011.2,29.0,1006.7,110.36
10.454,20.188,1051.5,3.2961,0.0,0.0,0.0,1015.3,0.0,1019.9,110.36
10.811,20.627,1055.2,3.1348,933.5,3.4,9.0,1014.2,0.0,1011.0,110.36
10.484,19.986,1051.3,2.7498,327.1,1.2,3.0,1009.9,85.9,1020.9,110.36
10.451,19.711,1050.5,3.1402,0.0,0.0,0.0,1007.5,84.3,1009.8,110.37
10.421,19.802,1046.0,2.7656,125.2,0.5,1.0,1014.1,87.9,1016.1,110.38
10.555,20.468,1052.8,3.5885,0.0,0.0,0.0,1009.4,87.8,1009.7,110.38
10.581,20.466,1052.3,3.3748,0.0,0.0,0.0,1011.0,0.0,1014.9,110.39
10.461,19.877,1050.7,3.6568,0.0,0.0,0.0,1019.8,0.0,1023.0,110.39
10.529,20.25,1052.4,3.5236,0.0,0.0,0.0,1015.2,50.0,1016.0,110.39
10.45,22.066,1048.0,2.8728,0.0,0.0,0.0,1007.1,41.8,1007.0,110.4
10.413,19.124,1047.0,3.0106,0.0,0.0,0.0,1015.3,87.8,1008.0,110.4
10.787,20.706,1055.3,3.1483,715.0,2.6,7.0,1013.9,8.8,1012.9,110.4
10.665,20.172,1052.9,3.0498,0.0,0.0,0.0,1012.1,30.0,1014.8,110.4
10.503,19.675,1050.5,3.0897,0.0,0.0,0.0,1010.7,40.0,1013.0,110.41
10.665,20.567,1053.5,3.5589,0.0,0.0,0.0,1014.3,50.0,1012.7,110.41
10.737,21.494,1057.2,3.6774,486.2,1.8,5.0,1011.7,29.6,1006.9,110.41
10.633,20.07,1051.8,2.9389,0.0,0.0,0.0,1013.4,0.0,1011.0,110.41
10.34,19.545,1045.0,2.7482,0.0,0.0,0.0,1014.1,85.6,1015.1,110.41
10.325,18.629,1046.4,2.4262,0.0,0.0,0.0,1007.9,83.1,1018.4,110.42
10.304,19.617,1047.9,3.1101,0.0,0.0,0.0,1005.9,88.9,1017.0,110.43
10.675,20.202,1052.7,3.0365,0.0,0.0,0.0,1008.9,50.0,1015.8,110.43
10.428,19.167,1042.5,2.4071,0.0,0.0,0.0,1008.3,42.9,1016.2,110.43
10.415,19.005,1049.1,2.6639,0.0,0.0,0.0,1026.4,41.8,1021.3,110.44
10.586,20.023,1050.6,3.3433,0.0,0.0,0.0,1011.6,0.0,1011.0,110.44
10.384,18.618,1048.5,2.7006,0.0,0.0,0.0,1020.2,0.2,1008.1,110.45
10.47,20.117,1051.5,2.9927,0.0,0.0,0.0,1009.6,12.8,1010.9,110.45
10.468,20.095,1051.5,3.7727,0.0,0.0,0.0,1017.9,51.2,1023.0,110.45
10.544,19.649,1050.0,2.8268,0.0,0.0,0.0,1011.1,0.0,1014.9,110.46
10.458,18.995,1048.4,2.721,0.0,0.0,0.0,1018.5,0.0,1022.4,110.46
10.468,20.236,1051.6,2.9843,0.0,0.0,0.0,1005.9,0.0,1006.7,110.46
10.483,19.858,1051.2,2.838,0.0,0.0,0.0,1015.1,0.0,1012.0,110.47
10.654,20.123,1052.6,2.9997,0.0,0.0,0.0,1012.2,5.2,1013.9,110.47
10.409,22.542,1047.5,2.5314,0.0,0.0,0.0,1006.3,89.1,1020.2,110.47
10.636,20.497,1052.6,3.2846,0.0,0.0,0.0,1012.5,23.9,1020.0,110.47
10.705,20.852,1053.7,3.4774,4.3,0.0,0.0,1005.3,0.0,1010.8,110.47
10.469,20.047,1051.3,2.9462,0.0,0.0,0.0,1009.3,0.0,1011.0,110.47
10.639,20.346,1052.0,3.4153,0.0,0.0,0.0,1009.2,0.0,1010.9,110.48
10.462,19.629,1049.9,2.8444,0.0,0.0,0.0,1015.0,40.0,1016.8,110.48
10.252,19.019,1043.1,2.6956,0.0,0.0,0.0,999.42,77.6,1018.0,110.48
10.582,19.628,1051.9,3.1461,101.1,0.4,1.0,1024.4,89.1,1027.0,110.48
10.243,19.045,1043.5,2.7088,0.0,0.0,0.0,998.63,77.6,1018.1,110.48
10.472,19.231,1047.2,2.8245,0.0,0.0,0.0,1029.5,89.1,1004.1,110.48
10.388,22.41,1047.6,2.5485,0.0,0.0,0.0,1005.9,88.1,1013.1,110.49
10.301,19.137,1043.8,2.7107,0.0,0.0,0.0,997.78,43.6,1018.1,110.49
10.7,20.849,1053.6,3.516,0.0,0.0,0.0,1004.1,11.9,1006.7,110.49
10.603,20.16,1052.6,2.9942,0.0,0.0,0.0,1013.6,0.0,1011.7,110.5
10.731,21.017,1053.9,3.531,3.5,0.0,0.0,1002.9,43.8,1004.8,110.5
10.575,19.726,1050.9,3.5511,1.7,0.0,0.0,1019.3,24.0,1013.0,110.51
10.546,20.023,1051.7,3.7316,0.0,0.0,0.0,1018.2,51.2,1023.8,110.52
10.538,19.521,1051.6,3.1011,175.4,0.6,2.0,1023.9,89.1,1026.1,110.52
10.439,20.519,1043.2,2.6217,6.0,0.0,0.0,1024.6,90.3,1018.4,110.52
10.595,19.687,1050.8,2.8998,0.0,0.0,0.0,1014.5,0.0,1012.8,110.53
10.679,20.681,1053.1,3.4931,0.0,0.0,0.0,1010.4,27.4,1008.7,110.53
10.48,19.269,1043.5,2.4237,0.0,0.0,0.0,1019.0,92.1,1022.1,110.53
10.638,20.304,1053.2,3.0408,0.0,0.0,0.0,1012.1,30.0,1013.9,110.54
10.623,20.74,1053.2,3.5976,0.0,0.0,0.0,1010.5,89.0,1009.8,110.54
10.513,19.529,1049.9,2.7309,0.8,0.0,0.0,1012.0,0.0,1017.7,110.54
10.453,23.177,1047.3,2.6711,0.0,0.0,0.0,1018.1,89.1,1014.3,110.54
10.416,18.603,1046.6,2.4296,0.0,0.0,0.0,1008.0,81.9,1020.5,110.57
10.327,19.453,1046.6,2.5848,21.5,0.1,0.0,1011.9,89.1,1012.8,110.57
10.566,20.634,1052.9,3.3933,0.0,0.0,0.0,1012.2,0.0,1010.9,110.58
10.891,20.961,1036.1,3.8581,0.0,0.0,0.0,1017.8,11.9,1026.0,110.58
10.412,18.848,1045.9,2.2867,0.0,0.0,0.0,1023.9,90.6,1022.3,110.58
10.587,20.12,1051.1,2.9483,0.0,0.0,0.0,1004.7,0.0,1010.0,110.58
10.368,19.251,1048.9,2.7094,0.0,0.0,0.0,1011.2,0.0,1015.2,110.59
10.485,19.354,1049.2,2.8933,84.3,0.3,1.0,1017.9,89.1,1001.1,110.6
10.333,19.089,1047.5,3.0122,0.0,0.0,0.0,1020.1,89.0,1006.1,110.6
10.368,21.122,1047.7,2.6492,0.0,0.0,0.0,1015.1,89.1,1019.2,110.6
10.475,19.446,1043.7,2.4409,0.0,0.0,0.0,1019.2,89.1,1022.1,110.61
10.431,21.806,1033.2,2.4081,0.0,0.0,0.0,1013.3,88.9,1027.0,110.61
10.561,20.401,1053.0,3.7,0.0,0.0,0.0,1011.5,18.2,1014.0,110.62
10.515,19.678,1050.9,2.976,0.0,0.0,0.0,1011.8,5.2,1016.8,110.62
10.434,19.176,1048.4,2.4391,0.0,0.0,0.0,1005.1,0.0,1023.4,110.62
10.58,19.941,1051.1,3.6669,0.0,0.0,0.0,1019.7,1.3,1023.0,110.62
10.723,20.988,1053.6,3.4972,0.0,0.0,0.0,1005.0,30.0,1011.7,110.63
10.562,19.389,1038.3,2.2731,0.0,0.0,0.0,1019.2,90.3,1026.1,110.63
10.568,20.183,1052.6,3.7395,76.1,0.3,1.0,1016.4,80.6,1023.0,110.64
10.628,20.948,1053.6,3.4735,0.0,0.0,0.0,1005.2,30.0,1010.8,110.65
10.555,20.398,1052.4,3.4179,0.0,0.0,0.0,1011.3,2.7,1007.8,110.65
10.473,18.916,1048.5,2.6454,0.0,0.0,0.0,1020.3,89.1,1020.3,110.65
10.577,20.251,1052.3,3.5055,0.0,0.0,0.0,1015.1,43.8,1016.7,110.65
10.55,20.871,1053.6,3.5478,0.0,0.0,0.0,1010.6,0.0,1006.9,110.66
10.401,19.53,1044.7,2.9127,0.0,0.0,0.0,1012.6,2.0,1017.1,110.67
10.622,20.636,1053.7,3.54,0.0,0.0,0.0,1010.6,0.0,1015.8,110.67
10.608,20.633,1054.0,3.5709,0.0,0.0,0.0,1013.8,27.4,1011.9,110.67
10.683,20.838,1054.0,3.5567,0.0,0.0,0.0,1011.1,34.7,1006.5,110.68
10.61,20.158,1050.9,3.6579,0.0,0.0,0.0,1009.2,89.0,1014.8,110.68
10.579,19.59,1051.9,3.1163,51.3,0.2,1.0,1024.4,89.1,1026.3,110.69
10.432,24.727,1048.4,2.7608,0.0,0.0,0.0,1004.9,30.9,1013.4,110.69
10.519,20.323,1052.2,3.5943,0.0,0.0,0.0,1010.8,85.5,1007.8,110.71
10.515,19.872,1050.5,2.8904,0.0,0.0,0.0,1007.8,83.0,1014.9,110.71
10.403,18.72,1046.2,2.6688,0.0,0.0,0.0,1014.5,87.9,1018.2,110.71
10.409,19.135,1047.2,2.4059,0.0,0.0,0.0,1006.8,0.0,1023.3,110.72
10.497,19.577,1050.8,2.9692,0.0,0.0,0.0,1014.8,0.0,1019.1,110.72
10.711,20.637,1054.0,3.5714,0.0,0.0,0.0,1013.5,14.0,1011.8,110.73
10.684,20.586,1053.4,3.8788,483.2,1.7,5.0,1012.9,26.3,1023.0,110.73
10.439,24.801,1048.3,2.7753,0.0,0.0,0.0,1004.9,26.8,1014.2,110.73
10.559,20.026,1050.7,3.1972,0.0,0.0,0.0,1009.8,87.9,1012.9,110.73
10.682,20.673,1053.0,3.4504,0.0,0.0,0.0,1008.3,50.0,1010.9,110.73
10.319,22.451,1048.4,2.654,242.3,0.9,2.0,1012.4,89.1,1014.0,110.73
10.651,20.14,1052.5,3.7423,0.0,0.0,0.0,1020.3,89.1,1014.7,110.73
10.622,20.131,1052.5,3.7467,0.0,0.0,0.0,1016.4,83.8,1023.1,110.74
10.577,20.778,1053.4,3.3088,0.0,0.0,0.0,1011.8,0.0,1016.0,110.74
10.458,18.947,1046.5,2.6791,0.0,0.0,0.0,1018.2,0.0,1018.3,110.75
10.397,21.461,1047.2,2.7043,0.0,0.0,0.0,1011.6,0.0,1025.9,110.75
10.564,18.767,1044.0,2.6552,0.0,0.0,0.0,1026.1,90.3,1018.5,110.75
10.52,19.63,1048.8,2.2994,0.0,0.0,0.0,1015.6,89.1,1007.9,110.75
10.712,20.914,1054.4,3.5152,0.0,0.0,0.0,1012.0,3.3,1006.8,110.76
10.475,19.462,1050.0,2.9216,266.7,1.0,3.0,1016.2,89.1,1001.2,110.76
10.544,19.807,1051.2,3.5331,0.0,0.0,0.0,1019.1,24.0,1013.8,110.77
10.471,20.073,1051.5,3.4328,0.0,0.0,0.0,1011.9,0.4,1010.0,110.77
10.684,20.722,1054.2,3.5809,0.0,0.0,0.0,1013.4,50.0,1010.9,110.78
10.53,19.139,1044.7,2.4078,0.0,0.0,0.0,1017.1,89.0,1012.0,110.78
10.418,19.272,1045.5,2.9954,0.0,0.0,0.0,1020.4,56.9,1006.0,110.78
10.439,19.248,1048.8,2.7312,0.0,0.0,0.0,1015.9,0.0,1022.1,110.79
10.655,21.217,1055.6,3.669,0.0,0.0,0.0,1008.8,0.4,1016.8,110.79
10.722,20.879,1054.5,3.5899,0.0,0.0,0.0,1012.7,50.0,1014.9,110.79
10.559,20.207,1052.2,3.7455,0.0,0.0,0.0,1018.1,51.2,1022.9,110.79
10.656,20.352,1036.5,3.0537,73.4,0.3,1.0,1013.3,89.1,1012.0,110.8
10.564,19.931,1049.8,3.0679,10.5,0.0,0.0,1009.1,89.1,1014.1,110.8
10.333,19.287,1040.9,2.7849,0.0,0.0,0.0,1017.3,0.0,1016.1,110.8
10.529,20.21,1052.2,3.0008,0.0,0.0,0.0,1009.9,21.6,1010.9,110.81
10.485,19.789,1049.1,3.4055,0.0,0.0,0.0,1011.5,1.6,1019.0,110.81
10.408,18.847,1034.6,2.3944,0.0,0.0,0.0,1009.2,83.1,1017.3,110.81
10.493,19.098,1043.0,2.7422,0.0,0.0,0.0,1018.8,89.1,1002.8,110.82
10.502,18.907,1042.0,2.7664,0.0,0.0,0.0,1024.9,8.8,1025.4,110.82
10.538,20.408,1052.4,3.6722,0.0,0.0,0.0,1013.0,87.8,1012.7,110.82
10.687,20.68,1053.2,3.4635,0.0,0.0,0.0,1007.6,2.8,1009.9,110.83
10.55,19.379,1049.9,2.9126,183.3,0.7,2.0,1017.2,89.1,1001.2,110.83
10.475,22.451,1048.3,2.569,0.0,0.0,0.0,1006.2,88.1,1013.1,110.83
10.534,19.709,1052.4,3.1341,242.3,0.9,2.0,1024.2,89.1,1027.1,110.84
10.516,19.683,1050.2,2.8584,0.0,0.0,0.0,1007.7,0.0,1015.9,110.86
10.546,19.595,1042.1,2.6817,2.2,0.0,0.0,1029.2,48.7,1020.3,110.86
10.596,20.103,1052.3,2.9091,129.0,0.5,1.0,1013.9,40.0,1018.9,110.86
10.673,19.732,1052.6,3.1579,142.8,0.5,1.0,1024.2,89.1,1027.1,110.87
10.347,20.406,1047.5,2.6287,0.0,0.0,0.0,1003.0,90.9,1023.4,110.87
10.723,21.018,1053.9,3.4467,0.0,0.0,0.0,1002.7,0.0,1011.7,110.88
10.693,21.145,1054.9,3.6512,0.0,0.0,0.0,1008.5,0.0,1017.0,110.88
10.719,20.395,1053.5,3.29,493.1,1.8,5.0,1011.7,24.0,1014.0,110.89
10.587,20.434,1052.8,3.3429,0.0,0.0,0.0,1012.1,0.0,1019.8,110.89
10.506,22.214,1049.5,2.3804,130.3,0.5,1.0,1013.5,90.3,1016.3,110.92
10.377,19.224,1041.0,2.8791,218.6,0.8,2.0,1011.8,89.1,1001.1,110.92
10.386,20.679,1048.1,2.4001,0.0,0.0,0.0,1003.4,52.3,1018.1,110.93
10.546,20.282,1052.4,3.4582,0.0,0.0,0.0,1014.4,0.8,1009.7,110.93
10.576,20.106,1051.7,3.4148,0.0,0.0,0.0,1012.3,0.8,1010.0,110.94
10.378,18.759,1049.3,2.7206,0.0,0.0,0.0,1020.4,0.0,1008.1,110.94
10.516,19.599,1051.0,2.9718,0.0,0.0,0.0,1015.0,0.0,1019.1,110.94
10.73,20.598,1053.4,3.5144,0.0,0.0,0.0,1010.1,4.5,1008.1,110.95
10.53,19.018,1050.6,2.6903,0.2,0.0,0.0,1032.1,42.9,1022.2,110.95
10.597,20.067,1051.7,3.6736,0.0,0.0,0.0,1019.6,24.6,1022.9,110.96
10.582,20.571,1052.7,3.3026,0.0,0.0,0.0,1007.5,0.0,1012.8,110.96
10.621,20.977,1054.5,3.5152,0.0,0.0,0.0,1004.9,30.0,1011.0,110.96
10.622,20.295,1052.9,3.6731,0.0,0.0,0.0,1011.5,21.9,1014.0,110.96
10.568,20.051,1050.5,3.182,0.0,0.0,0.0,1007.2,0.0,1011.9,110.97
10.64,20.378,1052.7,2.8911,430.2,1.5,4.0,1010.6,53.3,1013.1,110.97
10.673,20.901,1054.4,3.4806,78.0,0.3,1.0,1011.2,0.0,1005.7,110.97
10.568,20.146,1052.5,3.6637,0.0,0.0,0.0,1020.0,45.0,1025.1,110.98
10.543,20.833,1053.8,3.4915,0.0,0.0,0.0,1010.4,0.0,1007.0,110.98
10.645,20.338,1053.1,2.9678,785.2,2.8,8.0,1010.2,53.3,1014.8,110.98
10.731,20.801,1053.8,3.2996,0.0,0.0,0.0,1009.4,5.2,1015.1,110.98
10.55,20.133,1052.4,2.9382,72.4,0.3,1.0,1008.2,60.1,1015.9,110.98
10.616,19.936,1052.1,3.0536,652.6,2.3,7.0,1014.3,47.0,1016.7,110.99
10.477,19.499,1048.5,2.9749,0.0,0.0,0.0,1008.3,50.0,1008.1,110.99
10.482,19.708,1048.9,3.1832,0.0,0.0,0.0,1012.5,89.1,1016.2,111.0
10.683,20.232,1052.8,3.7571,0.0,0.0,0.0,1020.3,89.1,1014.0,111.0
10.58,20.487,1052.4,3.4005,0.0,0.0,0.0,1011.8,0.0,1011.0,111.0
10.675,20.659,1053.4,3.4524,0.0,0.0,0.0,1008.4,28.1,1012.8,111.01
10.388,19.926,1046.9,2.8179,4.2,0.0,0.0,1014.3,85.5,1015.1,111.01
10.526,19.764,1050.8,2.8788,0.0,0.0,0.0,1014.6,5.3,1016.9,111.01
10.654,20.502,1053.5,3.6743,0.0,0.0,0.0,1011.6,10.6,1014.7,111.01
10.556,20.636,1052.6,3.4039,0.0,0.0,0.0,1007.5,0.0,1005.9,111.02
10.577,20.625,1052.9,3.2237,0.0,0.0,0.0,1008.4,0.0,1010.0,111.03
10.266,19.425,1044.3,2.7466,0.0,0.0,0.0,998.39,53.8,1019.1,111.03
10.569,20.029,1050.3,3.0694,216.7,0.8,2.0,1008.7,89.1,1014.9,111.03
10.589,20.645,1053.0,3.3525,0.0,0.0,0.0,1007.5,0.0,1012.8,111.03
10.672,20.68,1053.3,3.4558,0.0,0.0,0.0,1007.4,28.1,1012.1,111.03
10.563,20.217,1051.6,3.3482,0.0,0.0,0.0,1011.4,0.0,1011.8,111.04
10.446,25.654,1050.8,3.0612,350.4,1.3,4.0,989.42,89.4,1008.3,111.04
10.694,20.613,1053.8,3.8733,237.2,0.9,2.0,1013.3,25.7,1022.9,111.05
10.705,20.901,1053.6,3.3381,128.7,0.5,1.0,1008.9,0.0,1015.6,111.05
10.626,21.006,1054.4,3.5751,0.0,0.0,0.0,1004.7,0.0,1013.8,111.05
10.466,19.641,1051.2,2.8122,0.0,0.0,0.0,1016.5,0.0,1013.8,111.06
10.677,20.575,1053.8,3.8776,19.7,0.1,0.0,1013.7,25.7,1022.1,111.06
10.575,19.809,1051.8,3.6001,0.0,0.0,0.0,1023.5,0.0,1018.1,111.07
10.507,20.427,1051.8,3.3334,0.0,0.0,0.0,1006.6,89.0,1011.9,111.08
10.516,20.311,1052.5,3.4375,0.0,0.0,0.0,1013.9,0.0,1008.8,111.08
10.599,20.107,1051.3,2.7557,222.6,0.8,2.0,1012.8,0.0,1015.9,111.09
10.34,20.048,1047.5,2.7158,0.0,0.0,0.0,1001.9,90.9,1023.4,111.09
10.502,19.592,1044.9,2.77,392.2,1.4,4.0,1014.6,88.8,1022.2,111.1
10.701,21.093,1055.1,3.526,0.0,0.0,0.0,1010.7,50.0,1006.6,111.1
10.494,19.027,1049.0,2.7825,0.2,0.0,0.0,1013.8,50.0,1014.0,111.1
10.502,19.539,1049.3,2.7969,0.0,0.0,0.0,1010.4,0.0,1009.0,111.1
10.452,19.492,1050.4,2.9258,221.2,0.8,2.0,1016.4,89.1,1001.3,111.11
10.621,20.817,1053.9,3.5376,0.0,0.0,0.0,1010.9,56.0,1012.1,111.11
10.657,20.459,1053.2,3.6791,0.0,0.0,0.0,1011.6,10.0,1014.7,111.14
10.737,20.948,1054.6,3.5297,0.0,0.0,0.0,1010.8,41.8,1005.9,111.14
10.559,19.859,1050.8,2.7928,45.4,0.2,0.0,1006.6,89.1,1005.9,111.15
10.767,20.99,1054.9,3.5739,0.0,0.0,0.0,1012.5,28.1,1014.9,111.15
10.546,20.579,1053.0,3.6384,0.0,0.0,0.0,1009.7,0.4,1017.0,111.16
10.685,20.943,1054.2,3.4818,0.0,0.0,0.0,1007.6,30.0,1009.9,111.18
10.604,20.288,1051.5,3.6739,0.0,0.0,0.0,1009.5,89.0,1014.8,111.2
10.384,18.478,1048.4,2.4651,0.0,0.0,0.0,1026.0,0.0,1025.3,111.2
10.483,19.563,1050.4,2.886,153.8,0.6,2.0,1016.5,52.1,1002.1,111.21
10.339,19.151,1045.0,2.6655,1.3,0.0,0.0,1009.4,89.1,1008.6,111.23
10.392,23.953,1048.6,2.8116,0.0,0.0,0.0,993.79,15.8,1016.0,111.23
10.529,21.53,1039.0,2.443,7.1,0.0,0.0,1013.3,0.0,1028.5,111.24
10.549,19.508,1050.7,3.5709,0.0,0.0,0.0,1023.4,40.0,1016.9,111.24
10.587,20.674,1053.2,3.315,0.0,0.0,0.0,1007.6,0.0,1012.8,111.25
10.644,20.258,1052.0,3.3244,0.0,0.0,0.0,1011.7,0.0,1011.1,111.25
10.514,19.662,1050.4,2.8334,0.0,0.0,0.0,1011.4,39.9,1009.9,111.26
10.457,18.988,1049.4,2.6748,0.0,0.0,0.0,1019.1,42.9,1011.2,111.26
10.601,19.372,1041.6,2.4661,0.0,0.0,0.0,1007.7,72.9,1014.1,111.27
10.766,21.015,1054.3,3.5281,0.0,0.0,0.0,1006.6,0.0,1013.0,111.27
10.75,20.971,1054.3,3.5152,0.0,0.0,0.0,1006.6,50.0,1007.0,111.28
10.692,20.478,1053.2,3.2315,0.0,0.0,0.0,1013.4,0.0,1018.9,111.28
10.726,20.878,1054.0,3.4458,0.0,0.0,0.0,1007.6,3.2,1010.0,111.28
10.606,20.095,1052.5,3.0737,523.7,1.9,5.0,1014.0,27.7,1015.9,111.29
10.595,19.336,1035.6,2.8379,0.0,0.0,0.0,1033.5,48.8,1020.2,111.31
10.578,20.554,1052.2,3.3599,0.0,0.0,0.0,1003.1,0.0,1015.1,111.32
10.44,25.41,1051.0,3.0279,329.5,1.2,3.0,989.69,89.4,1008.4,111.32
10.653,20.412,1052.8,3.2845,113.7,0.4,1.0,1011.9,5.2,1015.9,111.33
10.497,19.857,1047.1,2.8096,97.9,0.4,1.0,1018.7,88.1,1026.1,111.33
10.519,19.475,1050.0,2.7348,0.0,0.0,0.0,1010.6,0.0,1015.1,111.33
10.568,19.757,1051.0,2.7426,4.0,0.0,0.0,1008.8,0.0,1010.0,111.34
10.729,20.236,1053.8,3.0994,0.0,0.0,0.0,1011.2,75.0,1015.6,111.34
10.46,19.813,1049.3,2.7385,28.1,0.1,0.0,1017.4,89.4,1024.1,111.35
10.624,20.261,1051.8,3.3409,0.0,0.0,0.0,1011.4,0.0,1011.7,111.35
10.489,20.052,1050.2,3.1064,0.0,0.0,0.0,1004.7,90.0,1011.3,111.36
10.653,19.877,1052.3,3.6345,0.0,0.0,0.0,1023.2,0.0,1018.0,111.36
10.44,19.359,1048.7,2.4839,0.0,0.0,0.0,1014.8,90.3,1018.5,111.37
10.535,19.613,1050.6,2.8373,166.4,0.6,2.0,1016.2,87.9,1010.2,111.37
10.54,20.179,1042.9,2.5452,0.0,0.0,0.0,1019.0,77.6,1015.1,111.37
10.609,20.627,1053.1,3.446,0.0,0.0,0.0,1007.1,28.1,1012.9,111.37
10.785,21.012,1057.8,3.3433,827.6,3.0,8.0,1018.1,24.7,1019.9,111.38
10.698,20.823,1055.0,3.5443,0.0,0.0,0.0,1011.4,0.0,1015.9,111.38
10.619,20.243,1051.1,3.0978,744.6,2.7,7.0,1006.4,87.9,1015.0,111.39
10.76,21.108,1054.9,3.3831,302.4,1.1,3.0,1008.8,0.0,1014.8,111.4
10.661,20.986,1054.6,3.5563,0.0,0.0,0.0,1010.2,1.0,1007.8,111.4
10.785,21.039,1055.8,3.3645,128.4,0.5,1.0,1013.1,24.0,1020.8,111.4
10.603,20.0,1052.4,3.7056,0.0,0.0,0.0,1017.1,89.0,1022.0,111.4
10.603,19.629,1052.4,3.1017,182.7,0.7,2.0,1023.9,89.1,1026.1,111.42
10.466,19.181,1043.3,2.7422,0.0,0.0,0.0,1018.8,89.1,1003.9,111.42
10.607,20.355,1052.2,3.6519,0.0,0.0,0.0,1009.9,89.1,1014.8,111.44
10.471,19.914,1050.8,2.8596,0.0,0.0,0.0,1004.7,0.0,1016.1,111.44
10.878,21.455,1056.6,3.6835,709.6,2.6,7.0,1008.9,44.8,1015.8,111.44
10.617,19.764,1052.1,3.0168,0.0,0.0,0.0,1015.2,39.1,1019.1,111.45
10.47,21.385,1048.7,2.348,0.0,0.0,0.0,1018.9,89.0,1013.2,111.45
10.933,21.084,1038.6,3.8764,37.3,0.1,0.0,1017.8,11.9,1026.1,111.46
10.726,19.693,1030.6,2.8801,0.0,0.0,0.0,1032.6,40.0,1018.5,111.47
10.653,20.676,1054.1,3.8702,0.0,0.0,0.0,1014.2,14.9,1022.0,111.48
10.743,20.645,1053.9,3.8616,0.0,0.0,0.0,1014.5,20.8,1021.9,111.48
10.614,20.285,1053.5,3.6906,738.7,2.7,7.0,1020.4,43.3,1019.1,111.48
10.447,19.847,1051.1,2.8221,0.0,0.0,0.0,1007.8,0.0,1018.9,111.49
10.615,21.012,1054.6,3.5664,0.0,0.0,0.0,1010.2,2.2,1007.7,111.49
10.671,20.324,1053.4,3.7812,0.0,0.0,0.0,1020.2,87.9,1014.1,111.49
10.483,20.075,1050.5,3.0826,0.0,0.0,0.0,1009.1,89.1,1013.9,111.5
10.68,20.311,1052.9,3.4426,0.0,0.0,0.0,1014.0,1.4,1009.8,111.5
10.594,19.82,1051.3,2.9235,0.0,0.0,0.0,1014.6,0.0,1013.8,111.5
10.785,21.135,1054.9,3.4915,0.0,0.0,0.0,1006.9,50.0,1007.0,111.51
10.562,19.589,1050.8,2.8591,178.7,0.6,2.0,1016.6,87.9,1010.2,111.51
10.448,19.592,1047.7,2.712,0.0,0.0,0.0,1007.4,44.8,1018.1,111.51
10.608,20.292,1051.2,3.0856,552.6,2.0,6.0,1007.2,87.9,1014.9,111.53
10.623,20.122,1051.1,3.1134,84.5,0.3,1.0,1009.2,89.1,1014.2,111.53
10.618,20.501,1053.4,3.4897,55.6,0.2,1.0,1014.2,0.0,1008.7,111.54
10.64,19.755,1048.0,2.878,81.0,0.3,1.0,1029.8,87.9,1000.1,111.55
10.72,20.784,1054.5,3.9101,524.3,1.9,5.0,1012.6,26.3,1022.8,111.55
10.518,19.561,1050.2,2.737,0.0,0.0,0.0,1009.9,0.0,1015.2,111.55
10.6,20.18,1051.5,2.4221,277.8,1.0,3.0,1013.2,87.6,1012.1,111.56
10.522,24.956,1049.6,2.7922,0.0,0.0,0.0,1004.9,55.7,1013.1,111.57
10.723,20.152,1054.4,3.2453,29.9,0.1,0.0,1024.0,52.2,1025.3,111.61
10.553,19.479,1048.7,2.8396,0.0,0.0,0.0,1030.0,89.1,1005.0,111.63
10.581,19.587,1051.0,2.8375,87.5,0.3,1.0,1016.9,87.9,1010.1,111.64
10.39,22.764,1048.4,2.6506,202.3,0.7,2.0,1015.4,89.1,1014.0,111.66
10.771,21.702,1057.7,3.6957,785.3,2.8,8.0,1007.0,44.8,1017.0,111.68
10.604,19.369,1052.0,2.7376,217.0,0.8,2.0,1032.3,44.0,1023.2,111.69
10.774,21.109,1055.1,3.5142,0.0,0.0,0.0,1006.8,50.0,1007.0,111.7
10.571,24.315,1050.9,2.6994,31.3,0.1,0.0,1014.6,89.4,1019.0,111.71
10.684,20.281,1053.6,3.7677,0.0,0.0,0.0,1020.6,87.9,1014.1,111.74
10.602,20.362,1053.2,3.7311,0.0,0.0,0.0,1019.6,43.4,1022.9,111.74
10.367,19.646,1045.9,2.7868,390.2,1.4,4.0,1014.2,54.9,1021.2,111.74
10.911,21.77,1059.0,3.7137,306.9,1.1,3.0,1012.0,24.7,1006.9,111.76
10.671,20.49,1053.2,3.2678,0.0,0.0,0.0,1015.1,0.0,1020.9,111.78
10.587,19.768,1051.2,2.8805,218.8,0.8,2.0,1016.1,87.9,1011.0,111.78
10.434,22.455,1049.9,2.6868,18.3,0.1,0.0,1012.8,90.3,1021.3,111.82
10.802,21.383,1056.4,3.5927,0.0,0.0,0.0,1010.6,27.8,1005.9,111.82
10.412,19.974,1046.2,2.8807,0.0,0.0,0.0,1001.1,0.0,1018.1,111.83
10.405,20.005,1048.7,2.7073,0.0,0.0,0.0,1003.6,90.9,1023.3,111.84
10.57,20.166,1048.5,2.8328,0.0,0.0,0.0,1009.5,45.2,1020.0,111.84
10.569,19.318,1042.0,2.6185,0.0,0.0,0.0,1016.5,78.2,1030.6,111.84
10.551,21.165,1051.5,2.4359,0.0,0.0,0.0,1015.6,0.0,1022.0,111.85
10.73,21.061,1056.1,3.5749,0.0,0.0,0.0,1012.1,0.0,1015.8,111.92
10.615,20.745,1053.3,3.3462,0.0,0.0,0.0,1003.7,8.8,1016.8,111.92
10.705,20.232,1054.1,3.1285,0.0,0.0,0.0,1018.1,0.0,1017.8,111.93
10.559,20.189,1051.1,3.2024,0.0,0.0,0.0,1012.9,62.6,1018.0,111.96
11.147,26.049,1024.1,3.1137,0.0,0.0,0.0,1023.5,0.8,1020.1,111.97
10.657,20.513,1053.1,3.6629,0.7,0.0,0.0,1010.2,89.1,1013.9,112.0
10.48,23.776,1050.6,2.6415,108.2,0.4,1.0,1013.3,89.1,1018.2,112.0
10.541,19.971,1040.0,2.3982,0.0,0.0,0.0,1023.5,89.3,1025.8,112.03
10.58,20.208,1053.4,2.9633,1.2,0.0,0.0,1017.3,44.0,1020.0,112.04
10.534,18.991,1040.7,2.4012,0.0,0.0,0.0,1021.1,46.0,1033.7,112.05
10.496,25.277,1049.7,2.7786,1.9,0.0,0.0,1004.8,87.9,1012.1,112.05
10.607,19.673,1049.9,2.7945,0.0,0.0,0.0,1015.6,0.0,1020.1,112.08
10.542,19.6,1049.7,2.8632,2.4,0.0,0.0,1029.9,87.9,1004.9,112.08
10.767,20.87,1054.5,3.3891,0.0,0.0,0.0,1009.4,0.0,1015.9,112.1
10.751,21.032,1054.8,3.343,15.0,0.1,0.0,1009.2,0.0,1015.8,112.1
10.436,19.617,1045.3,3.0268,0.0,0.0,0.0,1020.8,95.6,1019.2,112.12
10.644,20.019,1052.4,2.7979,86.2,0.3,1.0,1009.2,0.0,1009.9,112.12
10.891,21.741,1057.8,3.6959,836.6,3.0,8.0,1007.1,43.8,1016.8,112.13
10.611,20.168,1053.1,2.7882,171.3,0.6,2.0,1016.0,89.1,1017.0,112.14
10.417,19.879,1047.7,2.8241,131.7,0.5,1.0,1014.3,25.3,1014.2,112.15
10.545,19.499,1052.8,2.7523,226.0,0.8,2.0,1030.0,47.6,1023.1,112.15
10.619,20.166,1052.5,2.9033,2.0,0.0,0.0,1011.8,0.0,1019.0,112.17
10.753,21.291,1056.6,3.6591,0.0,0.0,0.0,1012.7,50.0,1014.8,112.18
10.441,19.685,1048.9,2.6974,0.0,0.0,0.0,1008.0,44.8,1018.1,112.19
10.854,21.27,1056.5,3.6465,0.0,0.0,0.0,1012.7,24.7,1014.8,112.22
10.589,20.146,1049.8,3.313,0.0,0.0,0.0,1011.2,11.9,1023.9,112.24
10.488,19.571,1043.0,2.4206,0.0,0.0,0.0,1016.2,86.9,1014.2,112.24
10.488,20.022,1052.1,2.8233,68.6,0.2,1.0,1006.2,48.7,1017.0,112.24
10.691,20.545,1054.2,2.9459,72.1,0.3,1.0,1012.5,53.4,1018.9,112.25
10.533,19.439,1050.5,2.8486,0.0,0.0,0.0,1013.0,0.0,1014.0,112.25
10.597,19.764,1052.3,3.6132,0.0,0.0,0.0,1023.5,0.0,1017.0,112.25
10.438,19.251,1046.3,2.7352,0.0,0.0,0.0,1018.9,89.1,1004.1,112.26
10.571,20.378,1049.2,2.769,0.0,0.0,0.0,1016.6,44.9,1016.1,112.27
10.475,19.942,1051.6,2.7972,0.0,0.0,0.0,1012.8,40.0,1008.9,112.27
10.636,20.427,1042.1,2.634,0.0,0.0,0.0,1019.0,0.0,1009.2,112.27
10.666,20.683,1055.6,3.1781,0.0,0.0,0.0,1010.7,8.8,1014.1,112.29
10.513,19.933,1051.4,3.2702,0.0,0.0,0.0,1015.4,27.4,1009.1,112.32
10.975,21.207,1041.1,3.8947,177.0,0.6,2.0,1017.8,14.9,1026.8,112.34
10.567,20.156,1053.1,2.9367,2.1,0.0,0.0,1008.0,26.8,1016.0,112.35
10.602,19.908,1037.0,2.4689,0.0,0.0,0.0,1008.3,26.8,1016.4,112.36
10.63,19.833,1052.4,3.6085,0.0,0.0,0.0,1023.5,80.0,1017.0,112.37
10.61,20.073,1053.6,3.6447,0.0,0.0,0.0,1024.5,0.0,1018.9,112.38
10.679,20.241,1053.3,2.4872,26.8,0.1,0.0,1010.7,89.1,1013.1,112.39
10.51,20.8,1050.1,2.3539,17.5,0.1,0.0,1018.7,87.9,1014.1,112.4
10.74,20.965,1055.0,3.4405,0.0,0.0,0.0,1008.8,50.0,1011.9,112.4
10.823,21.137,1055.1,3.559,0.0,0.0,0.0,1005.5,4.6,1010.8,112.4
10.727,21.14,1055.8,3.6021,0.0,0.0,0.0,1008.8,0.0,1014.8,112.4
10.823,20.938,1057.8,3.3317,110.6,0.4,1.0,1018.1,24.0,1020.8,112.41
10.775,21.145,1055.1,3.5499,0.0,0.0,0.0,1005.6,3.1,1010.0,112.44
10.547,20.345,1051.7,3.6348,0.0,0.0,0.0,1011.8,0.6,1019.0,112.44
10.575,19.822,1050.3,2.6137,0.0,0.0,0.0,1013.5,89.1,1013.1,112.45
10.739,20.656,1056.3,3.2217,780.7,2.8,8.0,1017.8,0.0,1020.8,112.46
10.792,21.211,1055.7,3.5313,0.0,0.0,0.0,1006.4,0.0,1013.0,112.46
10.789,20.528,1055.6,3.1836,693.9,2.5,7.0,1015.6,43.3,1018.7,112.47
10.608,19.774,1044.5,2.6121,0.0,0.0,0.0,1023.4,88.9,1018.9,112.47
10.444,19.619,1047.3,2.7712,102.2,0.4,1.0,1020.2,89.3,1005.2,112.52
10.617,19.826,1052.1,2.7805,0.0,0.0,0.0,1010.3,8.7,1020.0,112.54
10.619,19.725,1052.7,3.0889,186.4,0.7,2.0,1017.7,87.9,1022.1,112.54
10.637,20.141,1053.1,2.8676,0.0,0.0,0.0,1015.8,83.1,1017.9,112.55
10.531,19.937,1052.1,3.0104,0.0,0.0,0.0,1005.6,0.0,1014.0,112.56
10.697,21.157,1055.7,3.4216,0.0,0.0,0.0,1010.1,5.2,1014.8,112.57
10.778,21.408,1056.7,3.4695,1.1,0.0,0.0,1010.4,8.8,1014.8,112.58
10.577,19.44,1051.2,2.7099,0.0,0.0,0.0,1024.8,90.3,1018.3,112.6
10.581,19.536,1045.6,2.785,0.0,0.0,0.0,1019.1,40.0,1012.0,112.62
10.84,21.075,1055.6,3.5923,0.0,0.0,0.0,1005.9,2.3,1009.9,112.65
10.817,21.133,1055.6,3.5622,0.0,0.0,0.0,1005.7,2.3,1009.9,112.66
10.632,20.413,1053.8,2.9533,60.7,0.2,1.0,1015.4,20.9,1018.9,112.67
10.602,19.742,1051.9,2.7602,0.0,0.0,0.0,1022.6,89.1,1019.3,112.67
10.577,22.734,1050.9,2.4752,0.0,0.0,0.0,1017.7,86.9,1024.1,112.67
10.936,21.818,1058.4,3.6993,812.4,2.9,8.0,1008.3,43.8,1015.9,112.68
10.667,19.552,1034.3,2.5283,0.0,0.0,0.0,1022.1,81.3,1018.3,112.69
10.662,20.377,1053.9,3.2171,0.0,0.0,0.0,1009.2,29.0,1015.0,112.69
10.544,23.332,1051.6,2.7845,702.6,2.5,7.0,1005.8,48.8,1015.3,112.69
10.648,21.933,1050.6,2.7162,237.4,0.9,2.0,1010.1,90.5,1016.0,112.69
10.508,19.876,1039.8,2.4151,0.0,0.0,0.0,1009.3,83.1,1016.4,112.71
10.532,19.974,1051.8,2.8408,4.8,0.0,0.0,1010.6,23.9,1008.0,112.73
10.814,21.411,1056.4,3.5113,6.1,0.0,0.0,1003.1,0.0,1010.8,112.73
10.787,20.347,1054.8,3.2141,323.0,1.2,3.0,1018.0,43.4,1021.9,112.74
10.755,21.046,1055.4,3.397,0.0,0.0,0.0,1009.9,0.0,1014.9,112.75
10.573,20.284,1051.5,3.1234,0.0,0.0,0.0,1009.1,88.1,1013.9,112.78
10.567,22.761,1049.9,2.7145,0.0,0.0,0.0,1015.9,89.1,1023.4,112.79
10.634,20.328,1050.7,3.2339,14.4,0.1,0.0,1012.6,89.1,1015.9,112.81
10.865,21.328,1056.8,3.3889,0.0,0.0,0.0,1009.3,81.3,1016.1,112.81
10.805,21.137,1055.5,3.4111,0.0,0.0,0.0,1009.7,0.0,1015.8,112.82
10.754,21.128,1055.9,3.5688,0.0,0.0,0.0,1006.2,3.0,1009.8,112.82
10.595,20.127,1051.9,3.1473,704.3,2.5,7.0,1006.3,88.1,1010.0,112.84
10.75,21.011,1055.7,3.6819,52.7,0.2,1.0,1017.3,50.0,1019.2,112.84
10.428,19.984,1050.3,3.123,0.0,0.0,0.0,1001.3,89.1,1012.1,112.84
10.855,21.878,1058.5,3.7239,857.7,3.1,9.0,1007.6,76.9,1016.0,112.86
10.866,21.093,1058.3,3.2689,809.6,2.9,8.0,1013.6,49.5,1017.8,112.91
10.822,21.019,1055.3,3.7095,0.0,0.0,0.0,1011.2,89.0,1008.0,112.93
10.618,19.664,1042.6,2.6518,0.0,0.0,0.0,1024.4,89.1,1018.3,112.94
10.568,21.81,1048.7,2.6976,0.0,0.0,0.0,1013.8,45.0,1032.3,112.95
10.626,20.916,1051.0,2.4651,31.4,0.1,0.0,1011.8,86.9,1018.1,112.96
10.605,19.614,1045.1,2.8212,0.0,0.0,0.0,1018.9,89.1,1002.5,112.98
10.536,19.844,1048.1,2.7708,333.0,1.2,3.0,1021.4,88.0,1024.1,112.99
10.603,20.798,1037.6,2.8063,0.0,0.0,0.0,1012.5,89.1,1020.4,113.02
10.754,20.634,1054.3,3.2406,0.0,0.0,0.0,1016.2,51.3,1012.0,113.06
10.632,20.251,1051.8,3.1339,0.0,0.0,0.0,1011.5,0.0,1015.0,113.06
10.948,21.415,1056.7,3.2313,849.5,3.1,8.0,1011.0,57.0,1010.2,113.07
10.842,21.347,1059.8,3.3545,836.2,3.0,8.0,1018.1,24.2,1019.8,113.08
10.809,21.076,1056.2,3.3713,0.0,0.0,0.0,1015.4,43.6,1014.0,113.09
10.579,19.26,1052.5,2.6573,0.0,0.0,0.0,1031.5,24.0,1022.2,113.1
10.905,20.937,1058.2,3.2366,675.1,2.4,7.0,1018.3,5.2,1018.8,113.11
10.673,19.807,1044.5,2.3494,0.0,0.0,0.0,1022.7,90.3,1018.1,113.13
10.678,20.284,1055.7,3.2251,0.0,0.0,0.0,1023.7,84.5,1026.0,113.13
10.592,20.755,1050.9,2.5742,0.0,0.0,0.0,1017.1,84.1,1010.0,113.14
10.833,20.719,1056.5,3.1885,20.8,0.1,0.0,1018.1,0.0,1020.7,113.15
10.569,19.847,1053.7,3.1246,0.0,0.0,0.0,1017.6,85.5,1024.1,113.19
10.461,22.046,1051.9,2.982,0.0,0.0,0.0,1004.1,85.5,1006.9,113.19
10.842,21.303,1057.4,3.2212,0.0,0.0,0.0,1012.3,1.8,1010.9,113.2
11.017,21.331,1043.6,3.913,358.4,1.3,4.0,1017.9,25.2,1026.9,113.22
10.596,20.074,1043.1,2.7321,0.0,0.0,0.0,1019.9,89.1,1012.1,113.22
10.64,23.751,1052.4,2.8789,119.1,0.4,1.0,1009.2,47.5,1007.0,113.24
10.517,19.397,1049.6,2.7175,0.0,0.0,0.0,1012.0,0.0,1019.0,113.25
10.898,21.214,1059.3,3.3094,783.1,2.8,8.0,1018.1,24.0,1019.0,113.26
10.649,22.512,1051.3,2.5264,252.0,0.9,3.0,1013.0,87.9,1023.3,113.29
10.627,20.867,1052.3,2.7125,110.7,0.4,1.0,1010.0,90.0,1016.2,113.29
10.672,19.613,1043.6,2.8841,0.0,0.0,0.0,1026.0,34.5,1025.4,113.33
10.755,20.872,1055.9,3.8515,0.0,0.0,0.0,1018.9,52.3,1022.9,113.33
10.551,19.4,1050.0,2.7295,0.0,0.0,0.0,1018.9,85.4,1006.1,113.34
10.598,19.358,1044.9,2.7898,0.0,0.0,0.0,1033.1,5.2,1021.2,113.34
10.82,21.236,1056.2,3.4101,0.0,0.0,0.0,1009.3,0.0,1015.9,113.34
10.626,20.029,1053.4,2.8114,0.0,0.0,0.0,1010.5,0.0,1020.8,113.38
10.652,19.683,1041.5,2.7408,0.0,0.0,0.0,1015.7,41.8,1024.4,113.38
10.638,19.968,1054.0,2.8162,2.9,0.0,0.0,1020.1,87.9,1012.0,113.38
10.664,19.231,1052.3,2.4738,9.5,0.0,0.0,1023.5,89.1,1027.2,113.39
10.875,21.393,1055.5,3.648,0.0,0.0,0.0,1006.1,0.0,1014.6,113.39
10.805,20.798,1057.9,3.2216,521.1,1.9,5.0,1018.5,5.2,1018.8,113.39
10.964,21.27,1055.5,3.3731,0.0,0.0,0.0,1012.8,87.9,1015.0,113.4
10.695,19.751,1043.2,2.7726,0.0,0.0,0.0,1021.5,54.7,1026.9,113.4
10.579,20.523,1052.2,2.6227,0.0,0.0,0.0,1019.2,0.0,1016.2,113.41
10.684,19.862,1053.9,3.1201,0.0,0.0,0.0,1017.7,89.0,1023.9,113.44
10.703,20.342,1054.9,3.1127,0.0,0.0,0.0,1017.2,0.0,1020.0,113.45
10.512,20.099,1046.1,2.8733,0.0,0.0,0.0,1012.8,82.9,1016.1,113.46
10.658,19.99,1045.4,2.3662,0.0,0.0,0.0,1018.7,90.3,1025.3,113.47
10.686,20.322,1054.0,2.8956,0.0,0.0,0.0,1015.9,83.1,1017.9,113.47
10.607,19.19,1050.6,2.773,0.0,0.0,0.0,1014.7,96.1,1014.0,113.48
10.717,20.375,1055.1,3.1084,0.0,0.0,0.0,1012.4,0.0,1016.1,113.49
10.539,20.52,1052.3,2.7094,49.8,0.2,0.0,1009.6,90.0,1016.3,113.49
10.63,20.282,1052.4,2.8763,0.0,0.0,0.0,1012.7,43.6,1011.0,113.51
10.682,26.639,1054.6,2.8942,0.0,0.0,0.0,1011.0,0.0,1016.9,113.53
10.681,20.817,1055.0,3.6795,37.3,0.1,0.0,1011.7,55.7,1008.7,113.53
10.689,20.335,1053.0,3.1671,689.5,2.5,7.0,1006.4,80.6,1012.1,113.57
10.837,20.762,1056.2,3.0012,358.9,1.3,4.0,1013.4,51.2,1018.1,113.59
10.751,25.748,1055.1,2.9084,1.2,0.0,0.0,1010.1,0.0,1016.8,113.61
10.693,20.914,1056.2,3.4373,0.0,0.0,0.0,1017.2,85.3,1017.9,113.61
10.783,19.893,1043.4,2.9207,15.8,0.1,0.0,1033.5,55.9,1021.1,113.61
10.584,22.571,1043.6,2.6586,0.0,0.0,0.0,1015.9,89.1,1022.1,113.62
10.679,23.799,1053.2,2.843,0.0,0.0,0.0,1020.5,79.8,1013.8,113.65
10.495,22.02,1051.8,2.6344,0.0,0.0,0.0,1010.3,41.7,1014.4,113.69
10.559,20.927,1050.7,2.6439,0.0,0.0,0.0,1004.6,90.3,1025.2,113.69
11.003,21.839,1059.7,3.7816,0.0,0.0,0.0,1013.6,0.4,1007.8,113.73
10.814,20.931,1056.8,2.9543,856.9,3.1,9.0,1013.4,43.3,1017.9,113.74
10.556,21.985,1052.4,2.6143,1.0,0.0,0.0,1010.1,89.1,1011.1,113.74
10.519,21.901,1052.4,2.6405,0.0,0.0,0.0,1011.4,48.7,1014.4,113.76
10.631,20.305,1048.6,2.8472,0.0,0.0,0.0,1012.4,87.9,1017.0,113.77
10.751,20.849,1056.5,3.7867,0.0,0.0,0.0,1019.8,45.0,1025.9,113.78
10.704,19.706,1053.2,2.9071,5.8,0.0,0.0,1029.3,5.5,1032.4,113.79
10.583,19.677,1044.3,2.3454,0.0,0.0,0.0,1028.7,57.2,1021.3,113.79
10.691,20.664,1051.6,2.8878,0.0,0.0,0.0,1009.6,45.2,1020.1,113.8
10.527,20.049,1047.4,2.8213,0.0,0.0,0.0,998.14,89.1,1019.0,113.82
10.654,20.042,1053.5,2.8243,0.0,0.0,0.0,1020.0,0.0,1023.1,113.84
10.772,20.274,1055.6,2.856,132.2,0.5,1.0,1020.6,89.1,1010.0,113.84
10.754,20.027,1054.6,3.134,188.1,0.7,2.0,1017.7,84.3,1022.2,113.85
10.67,24.694,1053.6,2.7642,0.0,0.0,0.0,1014.8,89.1,1018.2,113.86
10.669,22.098,1052.8,2.6585,5.0,0.0,0.0,1007.7,89.1,1016.3,113.91
10.685,23.151,1053.9,2.6966,280.1,1.0,3.0,1014.4,89.1,1019.2,113.92
10.642,20.04,1054.7,3.1533,0.0,0.0,0.0,1017.5,85.5,1023.3,113.94
10.673,23.91,1053.4,2.8095,422.3,1.5,4.0,1010.4,49.8,1007.0,113.95
10.768,20.033,1054.8,3.1571,16.4,0.1,0.0,1017.5,84.3,1023.1,113.96
10.857,21.473,1056.5,3.8092,0.0,0.0,0.0,1006.2,27.4,1008.0,113.97
10.627,20.003,1053.0,2.7975,0.1,0.0,0.0,1018.3,89.4,1024.1,113.98
10.571,24.397,1052.1,2.8246,0.0,0.0,0.0,993.35,15.8,1016.1,114.01
10.752,21.078,1057.5,2.9843,818.0,2.9,8.0,1013.1,43.8,1018.7,114.04
10.879,21.478,1058.6,3.4128,15.9,0.1,0.0,1013.4,24.0,1020.9,114.04
10.806,21.572,1058.3,3.6273,0.0,0.0,0.0,1010.8,51.2,1012.8,114.06
10.911,21.277,1058.1,3.9051,0.0,0.0,0.0,1023.9,43.0,1016.0,114.06
10.758,20.836,1054.7,3.204,0.0,0.0,0.0,1003.0,0.0,1015.1,114.08
11.06,21.454,1046.0,3.9313,474.5,1.7,5.0,1017.9,25.2,1026.9,114.1
10.734,20.742,1055.0,2.8954,0.0,0.0,0.0,1004.8,89.1,1014.1,114.11
10.712,20.213,1052.0,3.0218,0.0,0.0,0.0,1022.2,8.6,1006.9,114.11
10.628,20.646,1052.2,2.7074,130.3,0.5,1.0,996.76,90.6,1022.5,114.12
10.653,20.022,1054.7,2.8003,346.9,1.2,3.0,1017.7,48.8,1012.2,114.12
10.655,20.288,1054.8,2.8042,1.0,0.0,0.0,1011.0,0.0,1020.1,114.14
10.71,21.593,1046.8,2.7506,0.0,0.0,0.0,1016.8,89.1,1008.3,114.15
10.801,21.326,1057.9,3.453,1.9,0.0,0.0,1016.9,84.5,1017.8,114.16
10.6,20.222,1053.5,3.1216,0.0,0.0,0.0,1015.7,89.1,1007.1,114.16
10.751,20.436,1055.7,3.2606,0.0,0.0,0.0,1012.6,89.1,1019.3,114.16
10.69,20.211,1055.0,3.6931,42.3,0.2,0.0,1024.4,30.3,1016.9,114.17
10.705,20.898,1054.1,3.279,0.0,0.0,0.0,1006.1,0.0,1014.0,114.18
10.623,20.547,1053.2,2.6537,0.0,0.0,0.0,1019.1,0.0,1016.0,114.19
10.741,21.313,1055.7,2.9197,890.6,3.2,9.0,1013.3,0.0,1014.3,114.19
10.668,22.715,1052.9,2.5943,0.0,0.0,0.0,1019.1,87.9,1011.2,114.21
10.686,19.848,1050.6,2.6374,0.0,0.0,0.0,1021.1,8.8,1020.1,114.23
10.799,20.955,1057.1,2.9989,221.5,0.8,2.0,1013.4,48.8,1017.9,114.23
10.77,21.12,1057.8,3.0067,703.0,2.5,7.0,1013.1,48.8,1018.8,114.25
10.689,21.599,1054.5,2.4902,0.0,0.0,0.0,1016.2,0.0,1022.0,114.25
10.865,21.06,1057.3,3.025,492.8,1.8,5.0,1013.1,48.8,1018.1,114.25
10.687,20.61,1053.4,2.5992,0.0,0.0,0.0,1017.3,89.1,1014.3,114.28
10.797,20.106,1055.2,3.1562,116.2,0.4,1.0,1017.7,84.3,1023.0,114.31
10.77,20.943,1057.0,2.9346,74.3,0.3,1.0,1013.6,48.3,1017.2,114.32
10.882,21.941,1059.5,3.6501,0.0,0.0,0.0,1008.4,30.0,1009.8,114.33
10.598,20.0,1053.6,2.8257,0.0,0.0,0.0,1012.0,0.0,1019.0,114.35
10.624,19.853,1053.2,2.5844,0.0,0.0,0.0,1015.4,89.1,1014.4,114.35
10.877,20.737,1058.2,3.3195,0.0,0.0,0.0,1024.2,85.5,1025.3,114.35
10.613,19.129,1052.0,2.508,0.0,0.0,0.0,1021.7,84.1,1017.3,114.36
10.683,21.045,1053.3,2.6581,0.0,0.0,0.0,1011.9,89.1,1008.1,114.38
10.821,21.059,1055.9,3.0812,0.0,0.0,0.0,1005.9,0.0,1006.7,114.4
10.554,20.164,1053.4,2.5712,0.0,0.0,0.0,1016.5,89.1,1014.3,114.41
10.849,20.697,1056.3,3.0341,0.0,0.0,0.0,1009.8,0.0,1015.8,114.43
10.761,20.097,1054.8,2.7884,0.0,0.0,0.0,1019.4,89.1,1016.9,114.45
10.723,20.098,1054.4,2.8997,11.7,0.0,0.0,1017.0,87.9,1010.0,114.46
10.832,21.12,1057.9,3.0331,592.5,2.1,6.0,1013.0,49.8,1018.8,114.47
10.769,22.65,1054.4,2.4937,113.4,0.4,1.0,1013.9,90.3,1012.0,114.48
10.744,21.914,1054.0,2.4921,430.3,1.5,4.0,1017.5,43.8,1022.1,114.5
10.707,20.553,1056.4,3.2361,0.0,0.0,0.0,1015.1,30.0,1015.9,114.52
10.817,20.167,1055.5,3.172,68.8,0.2,1.0,1017.6,83.1,1023.0,114.55
10.918,21.21,1057.1,3.0977,0.0,0.0,0.0,1016.5,0.0,1016.7,114.56
10.782,20.919,1057.3,2.9659,2.5,0.0,0.0,1013.4,25.2,1017.2,114.56
10.732,22.179,1052.1,2.6838,0.0,0.0,0.0,1013.5,87.9,1019.2,114.57
10.71,20.25,1055.9,3.1773,71.1,0.3,1.0,1016.3,87.9,1021.3,114.58
10.939,21.16,1058.4,3.4429,504.6,1.8,5.0,1008.2,49.5,1010.9,114.59
10.98,22.585,1043.7,3.0634,460.3,1.7,5.0,1006.9,0.0,1017.3,114.59
10.765,20.682,1055.6,3.2667,0.0,0.0,0.0,1006.9,44.9,1010.0,114.62
10.821,20.65,1056.0,2.8316,68.2,0.2,1.0,1011.1,0.0,1020.0,114.62
10.815,21.092,1057.2,3.5626,0.0,0.0,0.0,1012.8,0.0,1009.9,114.66
10.856,21.01,1057.4,3.8524,0.0,0.0,0.0,1018.6,51.2,1023.9,114.67
10.676,22.855,1053.7,2.7909,0.0,0.0,0.0,1016.3,87.9,1006.9,114.68
10.79,20.824,1056.0,2.905,432.7,1.6,4.0,1009.5,0.0,1010.0,114.68
10.749,19.954,1053.7,2.5986,0.0,0.0,0.0,1014.4,89.1,1015.1,114.69
10.785,20.612,1056.1,2.9568,0.0,0.0,0.0,1015.8,89.1,1017.9,114.71
10.818,21.127,1055.0,2.9746,0.0,0.0,0.0,1006.5,54.7,1010.9,114.73
10.749,22.491,1052.0,2.5319,73.6,0.3,1.0,1020.7,90.3,1019.2,114.74
10.638,20.181,1051.2,2.8989,0.0,0.0,0.0,1022.1,0.0,1013.1,114.75
10.779,20.927,1057.0,2.9574,0.0,0.0,0.0,1013.1,8.9,1017.9,114.75
10.747,20.342,1054.0,2.5787,0.0,0.0,0.0,1013.5,87.9,1014.3,114.77
10.738,24.993,1054.1,2.7371,402.5,1.4,4.0,1006.6,58.1,1023.1,114.77
10.619,19.647,1050.7,2.7275,0.0,0.0,0.0,1019.2,89.1,1005.0,114.77
10.971,21.951,1059.9,3.6162,7.5,0.0,0.0,1007.3,53.2,1006.8,114.78
10.685,20.709,1053.4,2.7646,138.5,0.5,1.0,996.69,90.6,1022.6,114.78
11.072,22.257,1061.7,3.7056,677.4,2.4,7.0,1010.4,89.1,1008.6,114.8
10.721,19.969,1047.9,2.7776,0.0,0.0,0.0,1020.2,89.1,1006.0,114.8
10.799,20.247,1053.3,2.9253,175.0,0.6,2.0,1029.7,87.9,1000.2,114.8
10.673,20.666,1045.2,3.2559,0.0,0.0,0.0,1010.8,0.0,1019.1,114.8
10.883,21.037,1057.3,3.2988,0.0,0.0,0.0,1010.9,8.7,1013.0,114.81
10.792,20.437,1057.1,3.2664,0.0,0.0,0.0,1023.5,68.1,1026.1,114.82
10.91,21.004,1058.4,3.2103,363.8,1.3,4.0,1016.0,0.0,1018.8,114.82
10.824,20.944,1057.3,3.0976,109.5,0.4,1.0,1003.1,21.0,1013.3,114.85
10.802,23.839,1046.6,2.8114,0.0,0.0,0.0,1021.1,52.3,1014.2,114.87
10.739,20.784,1056.2,2.9177,614.5,2.2,6.0,1009.2,0.0,1010.0,114.88
10.749,20.625,1055.6,2.8943,147.8,0.5,1.0,1006.5,87.9,1005.8,114.89
10.675,22.643,1052.0,2.6698,0.0,0.0,0.0,1018.5,97.2,1015.2,114.9
10.844,20.288,1055.9,3.1436,0.0,0.0,0.0,1019.3,89.0,1023.9,114.94
10.829,21.507,1057.7,3.4724,0.0,0.0,0.0,1006.7,87.8,1011.9,114.97
11.102,21.578,1048.5,3.9496,609.2,2.2,6.0,1017.9,25.2,1026.1,114.98
10.636,20.72,1051.8,2.9288,286.2,1.0,3.0,1011.5,89.1,1020.1,114.99
10.789,20.818,1051.2,2.7592,0.0,0.0,0.0,1028.8,24.6,1025.2,114.99
10.949,20.694,1057.8,3.196,0.0,0.0,0.0,1017.4,0.0,1020.9,115.0
10.74,21.103,1052.2,2.9341,288.9,1.0,3.0,1000.4,85.3,1019.0,115.0
10.601,20.433,1051.4,3.0013,0.0,0.0,0.0,1014.8,0.0,1018.2,115.01
11.001,21.327,1055.3,3.0581,0.0,0.0,0.0,1017.5,8.8,1017.0,115.01
10.836,20.713,1056.7,3.0257,0.0,0.0,0.0,1009.3,29.0,1015.8,115.02
10.894,20.987,1058.3,3.1867,0.0,0.0,0.0,1018.0,0.0,1020.8,115.05
10.741,20.743,1055.3,3.1037,1.4,0.0,0.0,1015.2,27.3,1001.9,115.09
10.919,20.645,1057.6,3.204,0.0,0.0,0.0,1017.5,0.0,1020.8,115.09
10.818,19.918,1046.1,2.8736,0.0,0.0,0.0,1032.5,41.7,1018.5,115.1
11.21,23.157,1032.7,3.6353,818.4,2.9,8.0,1003.3,48.2,1016.1,115.12
10.864,21.887,1059.3,3.6062,0.0,0.0,0.0,1005.3,30.0,1010.0,115.16
10.894,21.239,1057.9,3.5809,0.0,0.0,0.0,1013.6,1.4,1008.9,115.16
10.796,20.826,1057.2,3.0764,0.0,0.0,0.0,1009.2,0.0,1015.8,115.2
10.744,20.136,1055.6,2.7979,57.3,0.2,1.0,1019.2,89.1,1007.1,115.23
10.859,21.19,1058.1,3.5669,0.0,0.0,0.0,1013.7,0.8,1009.7,115.26
10.744,20.253,1047.1,2.7917,0.0,0.0,0.0,1012.1,89.1,1031.4,115.27
10.865,20.878,1058.0,3.2881,87.3,0.3,1.0,1012.9,89.1,1018.2,115.27
10.758,21.508,1053.2,2.5071,0.0,0.0,0.0,1012.0,89.0,1017.3,115.29
10.723,20.006,1051.8,2.8605,0.0,0.0,0.0,1019.0,89.1,1001.3,115.3
10.777,20.538,1024.9,2.5069,0.0,0.0,0.0,1035.6,15.8,1037.5,115.31
10.786,20.847,1057.4,3.7776,290.7,1.0,3.0,1018.3,42.9,1028.0,115.35
10.919,21.267,1059.6,3.246,572.0,2.1,6.0,1010.6,29.5,1015.8,115.38
10.756,20.274,1054.4,2.8423,314.3,1.1,3.0,1030.8,47.6,1023.1,115.39
10.717,20.006,1051.0,2.3622,0.1,0.0,0.0,1024.0,90.3,1023.1,115.39
10.806,22.012,1056.0,2.5024,457.0,1.6,5.0,1016.0,0.0,1026.0,115.39
10.668,20.218,1052.8,2.75,56.2,0.2,1.0,1013.9,89.0,1010.9,115.41
10.89,20.872,1057.4,3.0434,0.0,0.0,0.0,1009.5,43.6,1015.8,115.43
10.697,21.864,1051.1,2.7975,0.0,0.0,0.0,1012.9,52.2,1032.1,115.44
10.722,23.189,1054.8,2.7144,257.4,0.9,3.0,1009.8,89.4,1015.0,115.44
10.767,19.438,1050.4,2.5301,0.0,0.0,0.0,1026.7,0.0,1024.3,115.46
10.74,20.878,1056.0,3.5445,0.0,0.0,0.0,1011.1,89.1,1016.2,115.49
10.809,20.195,1055.5,2.8261,0.6,0.0,0.0,1025.8,47.1,1021.0,115.51
11.026,21.377,1060.2,3.3103,0.0,0.0,0.0,1018.3,0.0,1020.0,115.51
10.649,20.554,1055.5,2.9079,0.0,0.0,0.0,1010.1,0.0,1009.0,115.57
10.761,22.664,1055.0,2.7529,165.9,0.6,2.0,1012.0,89.1,1022.1,115.63
10.924,21.828,1059.5,3.7199,0.0,0.0,0.0,1006.9,0.0,1014.0,115.64
11.057,22.198,1061.2,3.7074,81.8,0.3,1.0,1003.1,43.8,1004.8,115.65
10.801,21.082,1058.4,3.0769,0.0,0.0,0.0,1009.3,41.8,1015.8,115.65
10.709,23.116,1055.5,2.8367,89.8,0.3,1.0,1016.7,89.1,1023.3,115.66
10.824,20.006,1053.2,2.8,0.0,0.0,0.0,1020.8,0.0,1020.3,115.66
10.783,20.838,1056.5,2.8953,437.8,1.6,4.0,1011.7,29.0,1007.9,115.67
10.695,21.388,1049.7,2.6458,0.0,0.0,0.0,1015.2,78.2,1030.4,115.7
10.633,20.893,1053.0,2.5136,0.0,0.0,0.0,1007.0,0.0,1022.1,115.7
10.72,21.302,1050.5,2.7044,0.0,0.0,0.0,1018.4,97.2,1015.1,115.72
10.853,21.08,1057.8,2.9202,0.0,0.0,0.0,1006.6,86.9,1011.0,115.73
10.767,21.013,1053.6,2.964,3.4,0.0,0.0,1018.8,87.8,1026.2,115.75
10.731,25.209,1056.2,2.8285,231.6,0.8,2.0,1009.2,85.5,1013.1,115.76
11.013,21.546,1061.0,3.3022,292.4,1.1,3.0,1012.8,34.5,1013.7,115.79
10.849,20.776,1057.9,2.8772,0.0,0.0,0.0,1018.5,87.9,1021.2,115.81
10.656,20.181,1055.2,2.5678,0.0,0.0,0.0,1012.5,81.7,1014.3,115.83
10.898,20.767,1057.8,3.3181,0.0,0.0,0.0,1010.6,51.2,1013.1,115.85
11.144,21.701,1051.0,3.9679,679.0,2.4,7.0,1017.9,24.2,1026.0,115.86
10.99,21.623,1059.8,3.4728,0.0,0.0,0.0,1018.3,80.0,1013.6,115.86
10.752,23.448,1055.0,2.7121,0.0,0.0,0.0,1007.3,89.1,1017.3,115.88
10.916,20.996,1058.9,3.8197,52.6,0.2,1.0,1023.2,5.2,1017.9,115.88
11.104,22.564,1034.2,3.015,264.5,1.0,3.0,1023.1,86.6,1022.0,115.9
10.671,19.823,1053.8,2.4263,0.0,0.0,0.0,1014.4,50.0,1018.0,115.9
10.86,20.185,1037.1,2.5481,0.0,0.0,0.0,1026.1,0.0,1025.5,115.92
10.988,21.331,1060.3,3.2884,0.0,0.0,0.0,1018.6,0.0,1017.9,115.94
10.757,21.109,1056.8,3.2467,0.0,0.0,0.0,1010.4,55.0,1017.1,115.94
10.897,20.906,1057.8,2.9714,0.0,0.0,0.0,1011.4,19.8,1018.8,115.95
11.079,21.948,1061.5,3.3019,913.5,3.3,9.0,1014.4,0.0,1011.8,115.95
10.806,24.44,1051.8,2.8273,0.0,0.0,0.0,1019.7,48.8,1016.0,115.96
10.729,20.78,1052.4,3.0295,9.3,0.0,0.0,1014.3,52.3,1019.2,115.99
11.085,22.303,1062.2,3.6946,642.9,2.3,6.0,1010.6,87.9,1008.8,115.99
10.866,20.651,1057.0,2.8608,0.0,0.0,0.0,1016.5,58.2,1021.9,116.02
11.006,21.965,1060.9,3.621,6.3,0.0,0.0,1008.5,76.7,1010.7,116.03
10.811,25.271,1056.0,2.7892,233.1,0.8,2.0,1012.8,89.1,1020.1,116.1
10.719,20.86,1052.7,3.0055,56.4,0.2,1.0,1014.8,50.8,1018.2,116.1
10.71,20.917,1053.1,2.9985,118.8,0.4,1.0,1014.8,46.0,1018.0,116.1
10.724,20.804,1052.5,2.9912,0.0,0.0,0.0,1014.0,52.3,1020.1,116.15
10.924,21.413,1058.6,3.1566,0.0,0.0,0.0,1004.4,0.0,1010.0,116.18
10.903,21.732,1059.8,3.4292,0.0,0.0,0.0,1012.3,23.9,1020.8,116.18
10.789,19.799,1053.7,2.8141,0.0,0.0,0.0,1021.2,77.0,1027.1,116.19
10.957,20.995,1059.1,3.1889,0.0,0.0,0.0,1013.6,0.0,1016.9,116.21
10.772,20.695,1055.8,2.5093,0.0,0.0,0.0,1010.7,87.2,1016.9,116.23
11.108,22.505,1062.5,3.7969,0.0,0.0,0.0,1006.9,0.0,1013.0,116.25
10.846,21.698,1051.8,2.7971,1.8,0.0,0.0,1027.2,43.4,1024.3,116.26
10.896,27.151,1058.3,2.9943,0.0,0.0,0.0,1011.8,89.1,1013.6,116.26
10.799,20.116,1048.7,2.5304,0.0,0.0,0.0,1020.1,90.3,1022.6,116.27
10.833,20.497,1055.5,2.9583,0.0,0.0,0.0,1029.0,74.8,1033.4,116.28
10.769,19.977,1051.8,2.7285,0.0,0.0,0.0,1005.7,87.9,994.0,116.28
10.782,21.09,1053.6,2.9724,248.2,0.9,2.0,1010.2,55.1,1020.0,116.28
10.915,21.441,1060.7,3.2642,0.0,0.0,0.0,1010.8,8.8,1014.9,116.29
10.846,21.136,1057.2,3.3266,106.7,0.4,1.0,1012.6,87.9,1015.1,116.31
10.993,21.567,1060.4,3.4306,0.0,0.0,0.0,1011.3,49.8,1014.9,116.35
11.002,21.805,1059.8,3.5028,0.0,0.0,0.0,1010.9,89.0,1011.9,116.36
10.88,20.772,1058.1,3.7684,0.0,0.0,0.0,1023.9,30.3,1016.9,116.36
10.82,24.176,1052.4,2.8723,0.0,0.0,0.0,1019.2,8.8,1028.4,116.38
10.886,21.259,1057.7,3.323,0.0,0.0,0.0,1012.5,87.9,1012.1,116.38
10.972,21.523,1060.9,3.9608,70.0,0.3,1.0,1018.8,90.0,1020.0,116.42
10.805,21.067,1053.8,3.2903,18.2,0.1,0.0,1008.9,90.6,1016.3,116.44
10.707,20.388,1055.1,3.248,0.0,0.0,0.0,1015.2,87.8,1008.1,116.44
10.821,20.788,1058.2,3.7999,0.0,0.0,0.0,1023.6,0.0,1016.9,116.46
10.976,21.187,1059.7,3.8418,217.8,0.8,2.0,1022.8,30.0,1017.9,116.46
10.796,20.627,1045.0,2.6557,242.8,0.9,2.0,1020.2,0.0,1019.3,116.49
10.988,21.607,1060.6,3.8855,0.0,0.0,0.0,1011.7,27.8,1014.0,116.52
10.758,20.197,1055.1,2.5141,0.0,0.0,0.0,1023.0,89.0,1025.9,116.59
10.722,20.448,1052.4,2.6518,0.0,0.0,0.0,1011.7,90.6,1026.5,116.61
10.971,20.484,1057.6,3.2242,0.0,0.0,0.0,1031.0,0.0,1028.3,116.63
10.815,21.066,1058.0,2.8407,0.0,0.0,0.0,1021.6,89.1,1019.3,116.67
10.74,20.774,1056.4,2.6975,0.0,0.0,0.0,1019.3,0.0,1016.3,116.69
10.953,21.096,1058.5,3.046,0.0,0.0,0.0,1008.0,60.0,1016.8,116.73
11.186,21.825,1053.4,3.9862,700.7,2.5,7.0,1017.9,24.2,1025.1,116.74
11.038,22.12,1061.0,3.5364,11.1,0.0,0.0,1008.3,0.0,1012.8,116.74
10.778,21.753,1055.2,2.6152,0.0,0.0,0.0,1017.8,89.1,1013.4,116.74
10.819,20.913,1058.5,2.9052,0.0,0.0,0.0,1019.4,29.9,1033.3,116.75
11.001,22.014,1061.2,3.5213,0.0,0.0,0.0,1008.8,5.2,1015.8,116.75
10.723,21.155,1051.7,2.9482,71.0,0.3,1.0,1016.3,89.3,1023.2,116.75
10.838,20.944,1056.3,3.2438,0.0,0.0,0.0,1009.0,85.9,1014.0,116.76
10.806,20.728,1049.5,2.9624,0.0,0.0,0.0,1021.9,89.0,1012.0,116.77
10.783,20.464,1055.2,2.8907,0.0,0.0,0.0,1022.6,9.0,1025.1,116.77
11.094,22.075,1060.5,3.2343,301.7,1.1,3.0,1016.3,0.0,1013.8,116.77
11.005,21.217,1060.5,2.9552,16.4,0.1,0.0,1018.7,48.6,1021.2,116.8
11.029,21.579,1060.8,3.9071,0.0,0.0,0.0,1020.3,25.2,1026.0,116.81
10.92,20.712,1058.3,3.2242,246.9,0.9,2.0,1017.3,87.9,1022.1,116.81
10.706,21.963,1054.0,2.5824,326.0,1.2,3.0,1018.9,87.9,1010.2,116.82
11.081,22.324,1060.5,3.8329,22.7,0.1,0.0,1005.9,8.9,1013.8,116.82
10.767,20.434,1057.4,2.8621,0.0,0.0,0.0,1019.3,56.0,1021.3,116.83
11.064,22.153,1061.6,3.4688,0.0,0.0,0.0,1011.3,0.0,1016.0,116.83
10.985,21.398,1060.2,3.393,111.6,0.4,1.0,1006.2,89.1,1009.1,116.85
10.889,21.953,1057.3,2.5536,0.0,0.0,0.0,1011.8,90.3,1018.0,116.85
10.904,20.893,1058.3,2.9184,161.2,0.6,2.0,1012.3,8.6,1011.2,116.89
10.779,19.888,1055.2,2.796,0.0,0.0,0.0,1020.2,89.1,1006.0,116.92
10.925,21.932,1061.2,3.3981,0.0,0.0,0.0,1008.5,14.7,1010.9,116.93
10.892,21.844,1059.0,3.3893,0.0,0.0,0.0,1006.7,85.5,1006.0,116.93
10.887,21.46,1056.0,3.0188,297.5,1.1,3.0,1007.9,0.0,1020.0,116.96
11.001,21.731,1061.3,3.4025,0.0,0.0,0.0,1009.2,0.8,1013.9,116.98
11.05,21.53,1061.0,3.9614,0.0,0.0,0.0,1018.9,87.1,1020.8,116.99
10.999,21.923,1060.2,3.6565,0.0,0.0,0.0,1010.5,43.8,1014.1,117.0
10.749,20.889,1050.7,2.9536,0.0,0.0,0.0,1019.6,89.4,1022.0,117.0
11.045,22.08,1061.3,3.5634,0.0,0.0,0.0,1011.9,0.0,1016.0,117.01
10.794,21.461,1056.3,2.5051,0.0,0.0,0.0,1005.1,89.0,1018.1,117.07
10.781,20.786,1055.9,2.6213,0.0,0.0,0.0,1016.0,40.0,1017.2,117.11
10.912,21.221,1059.4,3.0101,0.0,0.0,0.0,1011.5,0.0,1018.8,117.11
11.06,22.106,1061.6,3.5772,0.0,0.0,0.0,1010.2,52.2,1008.7,117.13
11.08,21.521,1061.3,3.4308,117.3,0.4,1.0,1012.9,89.1,1018.2,117.13
10.867,20.455,1057.8,2.9279,14.7,0.1,0.0,1031.9,80.0,1025.3,117.15
11.132,22.9,1040.6,3.0075,294.9,1.1,3.0,1024.4,87.9,1017.0,117.17
10.877,20.711,1048.5,2.8321,0.0,0.0,0.0,1021.8,43.6,1021.2,117.18
11.194,22.642,1064.8,3.6299,837.8,3.0,8.0,1014.7,44.5,1018.7,117.18
10.808,20.831,1053.6,2.9881,408.4,1.5,4.0,1003.0,85.3,1014.0,117.18
10.784,21.222,1057.1,3.3324,0.0,0.0,0.0,1003.9,72.2,1016.1,117.22
10.768,20.967,1053.9,3.0046,0.0,0.0,0.0,1016.9,5.0,1022.0,117.24
11.454,27.874,1034.3,3.1747,12.7,0.0,0.0,1019.8,87.9,1020.1,117.24
10.969,21.074,1059.2,2.9948,0.0,0.0,0.0,1013.9,89.1,1020.7,117.25
10.966,21.337,1060.9,3.266,0.0,0.0,0.0,1014.1,78.2,1011.3,117.27
10.909,22.063,1055.3,2.5634,0.0,0.0,0.0,1023.6,89.3,1024.9,117.29
10.969,21.36,1061.7,3.3989,0.0,0.0,0.0,1024.1,86.9,1026.0,117.29
11.033,21.359,1061.1,3.2239,0.0,0.0,0.0,1017.6,0.0,1020.9,117.3
10.976,21.735,1060.7,3.9816,0.0,0.0,0.0,1013.6,17.9,1022.0,117.3
10.947,20.819,1058.8,2.897,0.0,0.0,0.0,1022.9,0.0,1030.2,117.3
11.049,21.843,1062.0,3.2073,293.9,1.1,3.0,1013.9,0.0,1009.9,117.31
11.024,21.542,1060.2,2.9049,228.8,0.8,2.0,1011.5,0.0,1020.0,117.36
10.959,21.272,1060.2,3.002,97.0,0.3,1.0,1016.3,50.0,1014.8,117.37
11.002,21.439,1059.4,2.976,0.0,0.0,0.0,1006.2,86.9,1011.0,117.39
10.955,20.859,1060.2,3.2823,0.0,0.0,0.0,1021.9,0.0,1025.0,117.4
11.115,22.268,1062.1,4.0459,0.0,0.0,0.0,1002.9,89.0,1020.1,117.41
10.99,28.284,1061.0,3.0418,86.9,0.3,1.0,1017.0,89.1,1015.3,117.41
10.966,22.831,1058.3,2.5999,208.0,0.7,2.0,1016.3,54.7,1025.2,117.41
10.995,21.249,1059.5,3.031,0.0,0.0,0.0,1002.8,0.0,1012.3,117.44
11.032,21.235,1060.4,3.3287,0.0,0.0,0.0,1011.6,60.0,1013.8,117.44
10.783,20.248,1057.6,3.3128,0.0,0.0,0.0,1028.5,78.2,1029.7,117.46
10.963,21.283,1059.4,2.9498,315.4,1.1,3.0,1012.5,27.3,1012.1,117.5
11.066,21.66,1061.4,3.4595,312.9,1.1,3.0,1007.5,85.5,1011.0,117.51
10.952,24.579,1059.7,3.0321,364.2,1.3,4.0,1014.0,0.0,1012.9,117.56
10.959,21.015,1058.9,3.2706,0.0,0.0,0.0,1023.3,89.0,1025.8,117.57
11.048,21.936,1062.7,4.0088,0.0,0.0,0.0,1024.1,0.0,1016.0,117.57
11.161,22.498,1062.9,4.077,0.0,0.0,0.0,1003.1,89.0,1020.0,117.58
11.0,24.122,1061.9,4.0422,243.7,0.9,2.0,1015.7,48.6,1022.1,117.6
10.76,23.298,1050.4,2.5173,0.0,0.0,0.0,1013.4,30.0,1027.1,117.62
10.935,20.644,1060.3,2.7423,206.1,0.7,2.0,1010.6,48.8,1012.3,117.62
11.228,21.948,1055.9,4.0045,640.2,2.3,6.0,1017.9,5.2,1024.9,117.62
10.877,21.354,1056.1,2.8955,147.4,0.5,1.0,1022.0,88.1,1022.1,117.62
10.895,20.682,1047.4,2.8561,0.0,0.0,0.0,1018.5,0.0,1023.1,117.63
11.038,21.724,1061.3,3.6076,0.0,0.0,0.0,1017.0,83.8,1017.8,117.63
10.964,21.723,1061.9,3.9748,11.7,0.0,0.0,1018.9,89.1,1020.8,117.64
10.923,21.232,1058.3,3.2141,61.0,0.2,1.0,1016.5,50.0,1014.9,117.66
11.007,21.885,1059.4,2.597,476.3,1.7,5.0,1015.7,0.0,1025.2,117.66
10.859,20.807,1058.9,2.9014,0.0,0.0,0.0,1013.9,73.7,1014.0,117.67
11.106,21.675,1063.3,3.4576,159.8,0.6,2.0,1023.8,53.6,1026.2,117.68
11.093,21.519,1061.1,3.8474,0.0,0.0,0.0,1019.8,5.2,1012.8,117.69
10.903,20.758,1046.4,2.6984,353.0,1.3,4.0,1020.3,8.8,1020.0,117.7
11.091,22.809,1064.5,3.8198,0.0,0.0,0.0,1010.8,0.0,1006.8,117.71
11.289,22.86,1065.7,3.6809,644.5,2.3,6.0,1012.5,47.5,1020.7,117.76
10.877,25.372,1058.5,2.8447,425.9,1.5,4.0,1007.6,58.1,1023.3,117.77
10.87,22.196,1058.5,2.5225,199.9,0.7,2.0,1018.2,77.0,1016.1,117.78
10.774,20.579,1057.2,2.9396,0.0,0.0,0.0,1013.2,85.5,1011.1,117.79
11.086,22.058,1060.4,3.7056,0.0,0.0,0.0,1008.1,0.0,1012.9,117.81
10.914,21.1,1059.3,3.3642,0.0,0.0,0.0,1011.6,44.5,1022.1,117.84
10.976,20.978,1059.9,2.9376,452.1,1.6,5.0,1015.9,80.6,1014.1,117.85
11.021,21.854,1060.7,3.9354,0.0,0.0,0.0,1008.9,89.1,1014.8,117.86
10.745,21.566,1054.9,3.0752,20.9,0.1,0.0,1000.0,99.4,1026.1,117.9
11.114,21.897,1062.9,3.3788,0.0,0.0,0.0,1013.9,43.6,1012.1,117.91
11.225,23.376,1067.6,4.0654,664.1,2.4,7.0,1006.9,43.4,1017.0,117.91
10.939,20.955,1061.2,2.9516,0.0,0.0,0.0,1029.2,75.7,1022.0,117.94
11.009,21.575,1060.4,3.4903,0.0,0.0,0.0,1015.4,0.0,1020.8,117.94
11.025,21.098,1060.5,2.9514,0.0,0.0,0.0,1019.3,89.1,1012.2,117.96
11.062,21.538,1060.9,3.3569,335.0,1.2,3.0,1008.2,85.5,1009.9,117.96
11.148,21.707,1062.2,3.965,0.0,0.0,0.0,1018.9,87.1,1021.0,117.98
11.123,21.613,1062.4,3.2909,178.6,0.6,2.0,1014.6,0.0,1017.0,117.99
10.796,20.279,1054.2,2.6878,0.0,0.0,0.0,1006.9,77.2,1021.2,118.04
11.081,22.57,1063.8,3.8305,0.0,0.0,0.0,1009.0,0.0,1014.7,118.05
10.904,24.532,1059.0,2.9658,0.0,0.0,0.0,1017.2,77.5,1015.2,118.05
10.982,21.815,1061.5,3.5204,0.0,0.0,0.0,1013.2,5.2,1016.7,118.08
11.2,22.816,1064.8,3.4751,699.0,2.5,7.0,1010.9,82.0,1015.2,118.1
11.072,22.567,1063.9,3.878,0.0,0.0,0.0,1010.1,89.1,1009.9,118.11
11.144,22.558,1064.6,3.7621,0.0,0.0,0.0,1012.6,0.4,1015.8,118.11
10.961,21.664,1061.6,3.4323,0.0,0.0,0.0,1012.1,0.0,1014.0,118.13
11.097,22.491,1063.6,3.7568,0.0,0.0,0.0,1006.5,13.2,1009.8,118.13
10.839,20.571,1058.4,3.0402,0.0,0.0,0.0,1017.9,23.9,1018.1,118.17
11.095,21.661,1062.7,3.3096,369.2,1.3,4.0,1014.7,0.0,1017.0,118.18
10.833,20.929,1055.3,3.0536,0.0,0.0,0.0,1016.8,89.1,997.8,118.19
10.887,20.374,1052.3,2.9419,0.0,0.0,0.0,1032.6,41.8,1019.2,118.19
11.053,21.727,1062.5,3.9129,677.7,2.4,7.0,1021.1,24.0,1019.0,118.2
10.784,20.901,1058.2,2.9007,0.0,0.0,0.0,1010.3,0.0,1016.0,118.2
11.172,22.594,1064.7,3.8552,0.0,0.0,0.0,1010.2,0.0,1015.8,118.22
11.112,22.125,1063.5,3.2095,389.5,1.4,4.0,1007.3,86.0,1015.8,118.27
11.089,21.959,1062.3,3.273,455.9,1.6,5.0,1006.4,82.6,1022.1,118.27
10.877,20.108,1056.6,2.6304,0.0,0.0,0.0,1021.7,50.0,1016.3,118.3
10.94,26.403,1058.9,2.9454,29.5,0.1,0.0,1004.7,87.9,1012.2,118.31
10.9,21.067,1053.1,3.0403,0.0,0.0,0.0,1018.4,23.3,1021.0,118.32
11.15,22.289,1064.0,3.2775,575.5,2.1,6.0,1007.4,54.7,1011.1,118.34
10.934,21.558,1059.5,3.2258,0.0,0.0,0.0,1011.3,27.5,1018.3,118.34
10.87,21.399,1059.6,3.3124,0.0,0.0,0.0,1012.1,0.0,1017.3,118.34
10.95,22.521,1058.1,2.8577,0.0,0.0,0.0,1014.3,90.0,1017.2,118.35
11.138,22.724,1064.7,3.5884,0.0,0.0,0.0,1009.1,0.0,1016.1,118.35
11.075,21.913,1062.7,3.4784,193.1,0.7,2.0,1007.2,85.5,1011.1,118.35
11.117,22.382,1063.4,3.7421,2.7,0.0,0.0,1006.9,0.0,1009.0,118.37
11.048,21.331,1061.2,3.8407,179.9,0.6,2.0,1024.7,30.3,1016.9,118.37
11.12,22.097,1062.3,3.922,50.7,0.2,1.0,1010.4,87.9,1013.8,118.38
10.926,20.919,1058.9,2.8812,0.0,0.0,0.0,1020.4,89.4,1023.4,118.42
11.014,21.34,1060.6,3.0532,0.0,0.0,0.0,1011.3,60.2,1018.8,118.42
10.926,22.552,1059.7,3.435,0.0,0.0,0.0,1012.0,89.1,1013.0,118.44
10.945,21.03,1061.3,3.3383,0.0,0.0,0.0,1021.2,0.0,1024.1,118.46
10.955,21.607,1056.5,3.0194,305.1,1.1,3.0,1010.9,88.1,1020.0,118.47
10.848,21.253,1058.3,4.0664,0.0,0.0,0.0,1013.3,50.0,1017.0,118.47
11.022,21.371,1061.3,3.8598,380.3,1.4,4.0,1025.1,42.9,1017.0,118.48
10.855,23.006,1060.0,2.9303,0.0,0.0,0.0,1012.2,0.0,1018.9,118.49
11.134,22.642,1064.8,3.8532,0.0,0.0,0.0,1009.3,0.0,1017.8,118.49
11.104,22.0,1062.1,3.1996,0.0,0.0,0.0,1005.6,0.0,1010.0,118.49
11.014,21.697,1061.7,3.0643,0.0,0.0,0.0,1011.4,0.0,1018.8,118.5
11.27,22.071,1058.4,4.0228,523.2,1.9,5.0,1017.9,0.0,1024.1,118.5
10.91,24.721,1058.1,2.8334,0.0,0.0,0.0,1021.7,84.3,1015.2,118.52
10.993,21.094,1058.6,3.0501,0.0,0.0,0.0,1030.9,89.1,1002.0,118.53
10.961,21.709,1057.7,3.0562,212.0,0.8,2.0,1017.9,88.1,1026.1,118.54
10.988,21.819,1060.7,3.553,0.0,0.0,0.0,1003.6,87.9,1006.0,118.55
11.079,21.624,1062.8,2.9664,5.7,0.0,0.0,1017.9,87.9,1020.1,118.62
11.148,21.838,1063.4,3.3132,0.0,0.0,0.0,1011.6,55.7,1012.9,118.62
10.935,24.886,1055.5,2.888,0.0,0.0,0.0,1012.2,89.1,1007.1,118.63
11.156,22.094,1063.7,3.4518,0.0,0.0,0.0,1010.8,49.8,1015.0,118.63
11.085,21.912,1063.0,4.0013,46.0,0.2,0.0,1020.5,89.1,1013.1,118.63
11.023,24.354,1058.4,2.8929,291.5,1.0,3.0,1016.5,89.1,1023.3,118.64
11.189,22.343,1064.5,3.1526,752.7,2.7,8.0,1008.0,0.0,1013.9,118.64
11.085,21.3,1062.1,3.335,0.0,0.0,0.0,1022.1,0.0,1024.9,118.65
11.1,22.401,1064.6,3.2601,404.9,1.5,4.0,1007.2,53.1,1011.0,118.65
10.959,21.764,1061.0,3.426,0.0,0.0,0.0,1011.5,35.6,1012.9,118.65
11.194,22.051,1063.6,3.9952,0.0,0.0,0.0,1020.4,25.2,1026.1,118.65
11.176,22.72,1064.7,3.8587,0.0,0.0,0.0,1011.1,50.0,1012.1,118.68
11.016,21.476,1061.0,3.054,0.0,0.0,0.0,1011.1,0.0,1018.0,118.71
11.093,21.601,1061.4,2.9454,0.0,0.0,0.0,1018.0,86.9,1021.3,118.72
11.032,22.138,1061.9,3.4675,0.0,0.0,0.0,1011.5,25.6,1012.0,118.72
11.077,26.34,1062.5,3.0787,0.0,0.0,0.0,1010.8,0.0,1015.1,118.73
10.957,21.006,1054.8,2.727,0.0,0.0,0.0,1023.9,88.9,1018.1,118.73
10.991,22.765,1059.4,2.9018,0.0,0.0,0.0,996.31,89.4,1020.4,118.75
11.169,21.705,1062.8,3.8866,649.3,2.3,6.0,1025.7,47.8,1017.0,118.75
11.149,22.154,1064.3,4.0448,0.0,0.0,0.0,1019.8,89.1,1021.2,118.76
11.017,21.745,1062.2,3.4335,0.0,0.0,0.0,1007.3,53.3,1009.9,118.78
11.167,22.156,1063.6,4.0308,0.0,0.0,0.0,1018.7,51.2,1024.0,118.79
11.03,21.95,1063.2,3.9674,0.0,0.0,0.0,1023.9,0.0,1016.1,118.79
11.324,23.497,1068.5,3.9964,0.0,0.0,0.0,1008.6,0.0,1014.0,118.8
10.989,26.51,1060.5,2.956,0.0,0.0,0.0,1005.3,78.2,1006.2,118.8
11.189,22.698,1064.6,3.6777,0.0,0.0,0.0,1012.5,0.0,1011.0,118.81
11.019,21.224,1060.4,3.1968,85.2,0.3,1.0,1004.0,86.9,1018.1,118.81
11.154,22.173,1065.0,3.396,0.0,0.0,0.0,1013.2,0.0,1016.0,118.83
11.017,21.739,1062.2,3.0722,2.2,0.0,0.0,1010.1,57.0,1010.1,118.83
11.241,22.304,1065.1,4.0936,0.0,0.0,0.0,1021.5,87.9,1014.1,118.83
11.129,21.492,1062.2,3.8595,545.9,2.0,5.0,1025.5,42.9,1017.0,118.85
10.869,21.084,1053.8,2.4981,0.0,0.0,0.0,1026.1,87.9,1007.0,118.86
10.96,21.627,1057.3,3.0677,0.0,0.0,0.0,1004.8,0.0,1019.1,118.86
11.019,20.846,1059.7,2.9146,0.0,0.0,0.0,1019.2,49.8,1012.1,118.87
10.97,21.355,1060.7,3.1329,272.4,1.0,3.0,1004.5,87.9,1019.1,118.88
11.166,22.182,1064.2,3.1199,490.5,1.8,5.0,1015.7,87.9,1017.9,118.88
11.11,21.311,1062.8,3.3747,0.0,0.0,0.0,1023.2,71.1,1026.1,118.88
10.856,21.459,1056.7,2.8823,0.0,0.0,0.0,1019.6,7.3,1022.1,118.89
11.038,22.144,1062.6,3.5688,129.8,0.5,1.0,1012.2,0.0,1011.0,118.89
11.045,21.725,1062.6,3.8781,0.0,0.0,0.0,1024.9,0.0,1018.1,118.9
10.97,20.835,1059.0,2.9292,0.0,0.0,0.0,1016.5,86.8,1016.4,118.9
11.024,21.572,1062.2,3.9122,0.0,0.0,0.0,1023.7,0.0,1016.9,118.91
10.965,21.115,1058.2,2.8224,443.8,1.6,4.0,1011.8,48.7,1023.3,118.93
10.955,20.746,1055.0,2.9747,0.0,0.0,0.0,1025.5,89.1,1028.2,118.94
10.962,21.257,1059.4,2.8394,0.0,0.0,0.0,1029.2,24.6,1024.4,118.94
10.931,24.722,1055.2,2.8511,183.2,0.7,2.0,1022.3,55.7,1020.1,118.97
11.06,21.601,1061.6,3.0774,0.0,0.0,0.0,1007.7,0.0,1016.0,118.98
11.178,22.129,1064.0,4.0303,0.0,0.0,0.0,1019.2,48.6,1027.1,118.99
11.128,21.983,1063.5,3.9917,477.8,1.7,5.0,1019.0,85.9,1028.9,119.01
11.076,21.956,1062.2,3.2178,0.0,0.0,0.0,1007.5,46.0,1006.1,119.01
10.976,22.121,1058.1,3.1817,277.6,1.0,3.0,994.84,86.7,1015.1,119.04
11.189,22.153,1064.0,3.9992,0.0,0.0,0.0,1021.3,0.0,1023.1,119.07
11.052,21.673,1062.2,3.1087,2.2,0.0,0.0,1007.2,60.0,1013.9,119.07
10.92,22.436,1058.8,2.5699,0.0,0.0,0.0,1020.1,89.0,1012.3,119.08
11.254,22.953,1065.8,3.6757,0.0,0.0,0.0,1012.6,23.9,1019.9,119.08
10.933,21.957,1057.2,3.039,0.0,0.0,0.0,999.31,50.0,1019.1,119.11
11.257,22.452,1065.0,4.0797,0.0,0.0,0.0,1018.8,80.8,1023.8,119.12
11.111,21.897,1062.3,3.1194,57.0,0.2,1.0,1011.1,15.8,1014.0,119.14
10.86,21.146,1054.3,2.9982,395.4,1.4,4.0,995.72,43.6,1019.1,119.15
11.222,22.146,1064.4,3.4967,174.2,0.6,2.0,1007.4,85.5,1011.1,119.16
10.895,21.365,1057.0,3.0852,0.0,0.0,0.0,1020.3,85.5,1009.1,119.16
11.213,22.22,1064.2,4.0394,0.0,0.0,0.0,1021.2,0.0,1023.0,119.16
10.903,20.789,1058.3,2.4867,0.0,0.0,0.0,1008.1,89.0,1019.2,119.17
11.103,21.772,1062.6,3.0464,0.0,0.0,0.0,1014.4,87.9,1020.1,119.17
10.999,22.074,1057.5,3.071,342.0,1.2,3.0,1000.5,84.0,1018.9,119.19
11.032,21.076,1058.8,3.0348,0.0,0.0,0.0,1029.3,89.1,1010.0,119.19
11.146,22.231,1064.4,4.0335,245.4,0.9,2.0,1020.6,89.1,1012.3,119.19
11.156,21.934,1062.9,3.4286,383.0,1.4,4.0,1008.0,85.5,1010.0,119.2
10.916,20.878,1058.6,2.8708,0.0,0.0,0.0,1020.5,84.1,1014.1,119.2
11.034,23.452,1060.5,2.5454,0.0,0.0,0.0,1018.5,9.9,1020.0,119.2
11.008,21.445,1062.2,3.2974,0.0,0.0,0.0,1019.5,89.0,1023.9,119.2
10.997,21.927,1058.0,2.8555,0.0,0.0,0.0,1027.8,43.8,1025.1,119.21
10.895,20.544,1058.3,2.8378,0.0,0.0,0.0,1020.4,89.1,1006.0,119.22
11.182,22.674,1065.1,3.8115,0.0,0.0,0.0,1014.4,0.4,1009.7,119.24
11.033,21.575,1061.3,3.0308,0.0,0.0,0.0,1010.3,43.6,1015.0,119.26
10.942,20.695,1058.3,2.5992,0.0,0.0,0.0,1011.3,48.8,1015.3,119.29
10.928,21.28,1055.6,3.0632,0.0,0.0,0.0,1020.5,89.0,1009.0,119.29
11.262,22.298,1064.9,3.2988,726.6,2.6,7.0,1008.8,86.9,1011.0,119.29
11.064,21.752,1063.1,3.1524,0.0,0.0,0.0,1017.9,55.0,1013.8,119.3
11.107,22.503,1064.2,3.5208,0.0,0.0,0.0,1018.2,40.0,1013.8,119.31
11.094,21.792,1063.7,2.9849,0.0,0.0,0.0,1018.1,87.9,1021.0,119.32
11.169,22.23,1064.6,4.0233,0.0,0.0,0.0,1020.0,44.0,1026.8,119.33
11.078,22.113,1064.2,4.0174,292.6,1.1,3.0,1019.1,79.3,1028.0,119.33
11.3,23.089,1066.3,3.8388,0.0,0.0,0.0,1002.5,50.0,1005.7,119.33
11.038,21.604,1061.6,2.9777,82.8,0.3,1.0,1007.4,87.9,1018.1,119.34
11.498,23.182,1044.7,3.2424,125.1,0.5,1.0,1020.2,89.1,1018.1,119.34
10.989,21.99,1057.7,3.1746,107.2,0.4,1.0,1006.3,51.3,1020.3,119.35
11.157,22.304,1064.3,4.0431,0.0,0.0,0.0,1018.8,87.8,1024.7,119.35
10.936,21.319,1058.8,3.21,140.2,0.5,1.0,1011.2,69.9,1015.2,119.36
11.131,22.192,1064.6,4.0679,11.4,0.0,0.0,1016.5,80.1,1023.0,119.37
11.312,22.195,1060.9,4.0411,364.5,1.3,4.0,1017.9,0.0,1024.0,119.37
10.964,20.945,1055.1,2.5063,0.0,0.0,0.0,1025.0,90.3,1021.3,119.37
11.039,21.237,1061.2,2.979,0.0,0.0,0.0,1016.4,0.0,1020.2,119.38
10.901,20.881,1063.3,2.589,0.0,0.0,0.0,1005.2,0.0,1023.4,119.38
11.053,22.136,1063.7,3.1485,187.1,0.7,2.0,1010.2,90.0,1010.9,119.39
10.985,21.533,1057.0,3.078,0.0,0.0,0.0,1016.3,0.0,1021.1,119.42
11.093,22.196,1064.4,4.0362,115.4,0.4,1.0,1019.0,82.0,1027.9,119.42
11.059,21.434,1061.8,3.0209,0.0,0.0,0.0,1016.5,82.7,1015.9,119.42
10.953,21.2,1056.6,2.6798,26.4,0.1,0.0,1019.3,90.3,1018.4,119.43
11.207,22.301,1064.9,4.0628,0.0,0.0,0.0,1020.9,0.0,1022.9,119.43
11.115,22.567,1065.1,3.6964,79.1,0.3,1.0,1011.7,0.0,1006.8,119.45
11.351,23.077,1066.9,3.8314,213.8,0.8,2.0,1011.4,24.6,1005.7,119.46
11.162,21.919,1063.7,3.9663,394.9,1.4,4.0,1018.7,46.6,1027.9,119.46
11.113,22.191,1064.5,4.0583,0.0,0.0,0.0,1018.4,0.0,1024.0,119.47
11.057,23.786,1061.1,2.6223,13.5,0.0,0.0,1017.9,86.9,1023.1,119.47
11.142,22.438,1063.9,3.5898,296.9,1.1,3.0,1012.4,0.0,1011.7,119.47
10.86,21.162,1054.6,2.9923,362.4,1.3,4.0,995.47,50.7,1019.0,119.48
11.131,22.21,1064.7,4.0535,29.5,0.1,0.0,1019.0,45.0,1027.8,119.48
11.006,25.134,1061.0,2.9648,0.0,0.0,0.0,1016.5,0.0,1017.9,119.49
11.286,22.361,1065.4,4.1056,0.0,0.0,0.0,1021.5,87.9,1014.1,119.49
11.189,22.461,1065.6,3.3321,653.4,2.4,7.0,1007.7,52.2,1011.1,119.49
10.949,21.507,1057.0,3.0761,39.0,0.1,0.0,1015.6,5.0,1021.1,119.49
11.187,22.395,1064.0,3.9965,0.0,0.0,0.0,1013.2,87.8,1012.8,119.5
11.11,22.044,1063.5,3.4462,403.1,1.5,4.0,1007.8,87.9,1010.1,119.51
11.029,21.151,1060.5,2.4922,50.7,0.2,1.0,1022.1,90.3,1025.2,119.51
11.267,22.859,1065.6,4.1513,181.4,0.7,2.0,1005.2,89.1,1018.0,119.51
10.918,21.854,1056.6,3.125,485.3,1.7,5.0,1001.2,48.7,1016.9,119.52
11.085,21.578,1062.6,3.2954,21.3,0.1,0.0,1019.6,89.0,1023.9,119.53
11.289,22.305,1065.1,3.2941,777.1,2.8,8.0,1009.3,84.5,1011.0,119.54
11.188,22.058,1064.2,3.9948,506.8,1.8,5.0,1019.0,83.4,1028.8,119.54
11.269,22.848,1062.5,3.6518,0.0,0.0,0.0,1015.4,0.0,1019.8,119.55
11.319,22.586,1066.1,4.1221,100.4,0.4,1.0,1019.9,89.1,1011.2,119.55
11.02,22.142,1061.8,3.5418,0.0,0.0,0.0,1008.9,47.4,1009.0,119.59
11.147,22.061,1061.8,2.6328,472.0,1.7,5.0,1016.7,7.7,1022.1,119.59
11.183,22.627,1065.2,3.9921,259.6,0.9,3.0,1016.0,48.8,1011.8,119.59
11.133,28.892,1063.8,3.0743,130.2,0.5,1.0,1011.1,89.1,1015.8,119.6
11.327,22.581,1066.5,4.1331,0.0,0.0,0.0,1021.1,87.9,1015.1,119.61
11.07,22.139,1063.9,3.7452,0.1,0.0,0.0,1011.6,0.0,1009.9,119.61
11.16,21.947,1063.7,3.9829,0.0,0.0,0.0,1018.9,0.0,1023.9,119.61
10.915,21.882,1057.9,3.0162,244.6,0.9,2.0,1014.4,90.3,1015.1,119.62
11.19,22.563,1064.9,3.7414,0.0,0.0,0.0,1011.7,1.6,1007.7,119.63
11.326,23.125,1066.5,3.8528,398.4,1.4,4.0,1007.5,0.0,1013.8,119.64
11.316,23.076,1066.7,3.9073,0.0,0.0,0.0,1012.7,52.3,1009.9,119.64
11.12,22.322,1064.7,3.2049,321.3,1.2,3.0,1010.1,60.1,1010.9,119.66
11.118,21.801,1062.8,3.0526,0.0,0.0,0.0,1007.0,0.0,1014.0,119.66
11.145,22.287,1064.9,4.0475,0.0,0.0,0.0,1019.6,77.2,1026.9,119.68
11.165,22.412,1065.5,4.0847,177.1,0.6,2.0,1020.8,0.0,1022.0,119.68
11.011,20.721,1059.3,2.7882,0.0,0.0,0.0,1020.9,0.0,1020.1,119.73
11.124,22.517,1065.5,3.9786,738.0,2.7,7.0,1019.7,24.2,1019.9,119.73
11.177,22.164,1065.1,3.5148,335.7,1.2,3.0,1007.2,89.1,1009.0,119.75
11.077,21.613,1061.7,3.0499,0.0,0.0,0.0,1010.2,50.0,1014.9,119.76
11.219,21.954,1064.6,3.4583,67.8,0.2,1.0,1014.6,28.3,1014.8,119.76
11.175,22.672,1065.1,3.683,0.0,0.0,0.0,1009.6,63.0,1008.8,119.76
11.125,23.273,1063.2,3.1708,0.0,0.0,0.0,1011.4,0.0,1016.1,119.77
11.053,21.296,1061.9,3.0241,0.0,0.0,0.0,1016.7,89.1,1010.0,119.78
11.023,21.261,1062.3,3.3179,0.0,0.0,0.0,1018.0,89.0,1023.9,119.78
10.966,22.198,1061.4,2.5933,0.0,0.0,0.0,1016.5,0.0,1022.1,119.81
11.134,21.748,1062.5,3.0975,0.0,0.0,0.0,1007.7,15.3,1016.8,119.81
11.191,22.583,1065.2,3.7849,0.0,0.0,0.0,1008.1,27.4,1013.0,119.81
11.02,22.284,1062.6,3.4015,0.0,0.0,0.0,1008.6,0.0,1016.0,119.81
11.003,21.569,1058.4,3.0887,0.0,0.0,0.0,1021.2,89.0,1012.0,119.81
11.204,22.641,1065.7,4.1076,0.0,0.0,0.0,1015.6,86.3,1016.0,119.82
10.995,20.891,1058.8,2.5386,0.0,0.0,0.0,1020.1,51.2,1021.0,119.82
11.333,22.76,1065.3,4.1989,188.5,0.7,2.0,1019.9,89.1,1022.9,119.84
11.206,22.176,1064.4,4.074,109.0,0.4,1.0,1020.7,89.1,1012.2,119.84
11.015,21.828,1062.2,3.116,0.0,0.0,0.0,1004.4,0.0,1016.1,119.84
10.945,21.434,1058.4,2.9901,141.5,0.5,1.0,1019.9,90.3,1006.1,119.85
10.973,21.538,1061.2,3.1828,0.0,0.0,0.0,1005.6,0.0,1015.0,119.86
11.214,22.568,1066.2,4.1258,355.6,1.3,4.0,1020.7,0.0,1022.0,119.87
11.31,22.294,1065.9,3.3785,0.0,0.0,0.0,1011.5,14.9,1014.0,119.87
10.887,21.821,1057.7,2.8084,48.2,0.2,0.0,1006.9,46.0,1030.6,119.91
11.021,23.903,1059.7,2.9045,0.0,0.0,0.0,1016.0,89.1,1024.1,119.91
10.989,22.868,1061.9,2.6268,506.0,1.8,5.0,1017.3,23.9,1023.1,119.91
11.058,21.981,1063.8,3.9585,0.0,0.0,0.0,1019.1,0.0,1023.1,119.92
10.957,21.676,1061.9,3.8733,0.0,0.0,0.0,1014.9,27.4,1017.8,119.93
11.43,23.63,1069.8,3.9507,840.1,3.0,8.0,1011.4,29.0,1006.5,119.94
11.375,23.105,1067.1,3.8763,370.8,1.3,4.0,1012.5,55.9,1005.8,119.94
11.223,21.945,1064.3,3.0325,0.0,0.0,0.0,1018.2,86.9,1021.2,119.95
11.339,22.566,1066.6,4.1145,0.0,0.0,0.0,1023.6,0.0,1015.1,119.97
11.145,22.831,1065.4,4.1167,0.0,0.0,0.0,1002.9,78.2,1020.1,119.99
11.104,22.204,1061.7,2.6173,400.7,1.4,4.0,1019.5,47.5,1017.9,119.99
11.344,22.626,1066.7,4.1974,308.9,1.1,3.0,1019.9,89.1,1022.9,119.99
11.258,22.546,1066.2,3.3334,679.9,2.4,7.0,1008.2,86.9,1011.1,120.0
11.361,23.514,1068.1,3.9263,0.0,0.0,0.0,1006.9,30.0,1006.8,120.0
11.23,22.719,1066.8,4.1836,621.2,2.2,6.0,1019.2,81.0,1023.8,120.02
11.331,22.555,1066.5,4.1753,283.8,1.0,3.0,1020.1,79.8,1024.0,120.03
11.309,22.391,1065.7,3.3205,658.2,2.4,7.0,1009.7,82.1,1011.0,120.04
10.864,21.373,1055.6,3.0261,324.2,1.2,3.0,995.75,23.9,1020.1,120.04
11.259,22.316,1065.1,4.1039,81.3,0.3,1.0,1020.5,89.1,1012.2,120.05
11.123,22.372,1063.6,4.0149,0.0,0.0,0.0,1009.1,89.0,1013.9,120.05
11.18,21.978,1063.8,3.954,0.0,0.0,0.0,1018.8,0.0,1023.0,120.06
10.927,21.886,1060.7,2.5739,0.0,0.0,0.0,1005.4,89.0,1017.9,120.06
11.216,22.05,1063.5,3.9053,166.0,0.6,2.0,1013.7,43.4,1022.0,120.07
11.398,23.25,1068.3,3.9541,383.6,1.4,4.0,1011.8,48.2,1015.8,120.07
11.389,22.905,1069.4,3.62,109.2,0.4,1.0,1018.8,0.0,1020.8,120.08
10.928,21.698,1055.1,3.3538,0.0,0.0,0.0,1019.3,93.4,1021.1,120.09
11.197,22.169,1065.0,3.9248,250.4,0.9,3.0,1019.9,24.6,1012.8,120.09
11.124,21.28,1062.4,3.1284,176.6,0.6,2.0,1028.8,17.9,1032.5,120.1
11.212,22.742,1066.5,4.1253,0.0,0.0,0.0,1015.9,85.5,1016.0,120.11
11.175,21.974,1062.4,2.6507,424.5,1.5,4.0,1016.9,0.0,1022.2,120.11
11.352,22.748,1066.6,4.1966,54.4,0.2,1.0,1015.2,89.0,1016.0,120.11
11.204,22.453,1065.8,3.2638,542.9,2.0,5.0,1010.0,42.0,1010.9,120.12
11.094,21.847,1059.3,2.9401,303.7,1.1,3.0,1014.8,52.2,1033.2,120.12
11.258,22.35,1065.8,4.0775,0.0,0.0,0.0,1019.9,89.0,1022.0,120.13
11.018,22.411,1061.9,3.0433,371.8,1.3,4.0,1003.9,87.9,1010.1,120.13
11.16,22.595,1065.3,3.9393,0.0,0.0,0.0,1016.8,50.0,1018.3,120.13
11.114,22.294,1063.5,3.4443,0.0,0.0,0.0,1011.4,89.0,1010.2,120.13
11.128,22.007,1062.9,4.0594,0.0,0.0,0.0,1005.9,77.6,1007.0,120.14
11.003,21.703,1048.1,3.14,0.0,0.0,0.0,1018.7,48.8,1018.1,120.14
10.944,21.376,1059.4,3.2394,0.0,0.0,0.0,1010.4,78.1,1016.2,120.14
11.092,21.969,1062.2,3.7617,0.0,0.0,0.0,1011.2,89.1,1016.2,120.14
11.343,22.645,1066.7,4.1923,0.0,0.0,0.0,1020.7,89.1,1009.1,120.14
10.991,21.447,1059.5,3.2486,14.1,0.1,0.0,1010.7,84.0,1016.0,120.15
11.186,22.165,1065.4,4.0082,0.0,0.0,0.0,1025.8,0.0,1018.0,120.17
11.028,21.486,1056.1,2.9492,0.0,0.0,0.0,1011.8,0.0,1026.1,120.19
11.362,22.747,1067.4,4.1846,702.8,2.5,7.0,1020.7,0.0,1023.2,120.19
11.008,21.589,1048.4,2.5666,117.5,0.4,1.0,1016.4,50.8,1031.4,120.19
11.281,22.397,1065.4,4.1038,176.5,0.6,2.0,1020.8,89.1,1012.3,120.2
11.194,22.001,1063.0,4.0862,0.0,0.0,0.0,1006.2,88.9,1008.0,120.2
11.01,20.87,1060.3,2.9213,0.0,0.0,0.0,1018.5,0.0,1018.1,120.2
10.914,20.971,1060.9,2.7867,0.0,0.0,0.0,1019.5,0.0,1016.3,120.2
11.342,22.52,1066.3,4.1445,0.0,0.0,0.0,1021.1,89.1,1009.0,120.2
11.276,22.312,1065.7,3.9407,461.2,1.7,5.0,1020.3,53.6,1013.8,120.21
11.259,22.187,1065.0,4.0139,451.2,1.6,5.0,1019.0,48.3,1028.1,120.21
11.283,23.005,1066.8,3.7903,0.0,0.0,0.0,1007.6,8.4,1009.8,120.22
10.948,21.911,1060.9,2.7143,0.0,0.0,0.0,1016.6,90.3,1018.5,120.24
11.275,22.385,1065.2,4.0434,0.0,0.0,0.0,1020.5,0.0,1023.0,120.24
11.35,22.774,1066.7,4.1798,53.2,0.2,1.0,1010.4,0.0,1012.0,120.24
11.354,22.318,1063.3,4.0594,185.0,0.7,2.0,1018.0,0.0,1024.0,120.25
11.262,22.592,1062.8,3.2834,0.1,0.0,0.0,1015.1,8.8,1017.7,120.25
11.142,27.026,1063.6,3.0167,130.5,0.5,1.0,1016.2,89.1,1018.0,120.27
11.11,22.067,1063.1,4.0647,0.0,0.0,0.0,1006.4,0.0,1008.0,120.27
11.253,22.285,1064.8,4.0118,0.0,0.0,0.0,1019.8,0.0,1023.0,120.3
11.028,23.782,1061.5,2.6493,5.6,0.0,0.0,1021.2,90.3,1020.0,120.31
11.098,23.391,1063.2,2.6538,490.5,1.8,5.0,1015.6,0.0,1025.1,120.32
11.185,22.61,1065.9,4.1316,22.3,0.1,0.0,1019.3,89.0,1022.8,120.32
11.024,21.512,1058.8,3.1146,0.0,0.0,0.0,1016.9,89.1,997.9,120.32
11.215,22.682,1066.9,4.1729,433.2,1.6,4.0,1020.1,79.8,1024.0,120.33
11.246,22.848,1067.3,4.2043,16.2,0.1,0.0,1020.0,89.1,1009.3,120.34
11.265,22.435,1065.6,4.0667,0.0,0.0,0.0,1021.1,0.0,1023.1,120.34
11.242,22.456,1066.2,4.0898,0.0,0.0,0.0,1019.9,89.0,1021.3,120.35
11.27,22.473,1065.7,4.0704,0.0,0.0,0.0,1020.6,0.0,1023.1,120.35
11.201,22.122,1064.5,3.6359,0.0,0.0,0.0,1012.6,5.3,1013.0,120.36
11.289,22.56,1066.4,4.1728,159.2,0.6,2.0,1019.9,31.3,1023.9,120.37
11.058,21.327,1060.4,3.065,0.0,0.0,0.0,1029.6,86.8,1011.0,120.39
11.06,21.697,1058.2,2.5965,94.5,0.3,1.0,1023.5,89.1,1024.3,120.4
11.034,22.036,1061.6,2.5733,81.9,0.3,1.0,1022.2,85.5,1024.2,120.41
11.044,22.695,1061.2,2.6389,0.0,0.0,0.0,1013.2,89.0,1017.3,120.41
11.272,22.847,1066.4,3.6627,0.0,0.0,0.0,1011.1,0.0,1015.0,120.42
11.229,22.587,1066.7,4.1242,73.4,0.3,1.0,1019.2,89.1,1021.2,120.42
11.295,22.492,1065.8,4.0639,289.5,1.0,3.0,1020.7,89.1,1012.2,120.43
11.055,22.7,1057.9,2.4588,0.0,0.0,0.0,1024.6,89.1,1008.9,120.44
11.135,22.482,1064.0,3.568,0.0,0.0,0.0,1003.4,8.7,1015.1,120.44
11.257,22.454,1064.4,3.9546,144.2,0.5,1.0,1009.7,86.9,1004.1,120.44
11.178,21.542,1064.0,3.3984,0.0,0.0,0.0,1021.4,0.0,1024.9,120.45
11.206,22.57,1061.9,3.2007,0.0,0.0,0.0,1012.8,43.6,1010.9,120.46
11.506,24.036,1071.6,4.1013,149.8,0.5,1.0,1007.8,11.9,1014.8,120.46
11.138,22.481,1062.2,2.6443,0.0,0.0,0.0,1012.1,90.3,1018.0,120.46
11.285,22.485,1066.0,4.0637,0.0,0.0,0.0,1020.2,25.2,1026.1,120.47
11.338,22.638,1067.6,4.1543,0.0,0.0,0.0,1025.8,0.0,1017.9,120.47
11.077,26.33,1061.5,3.0778,0.0,0.0,0.0,996.36,51.0,1015.2,120.48
11.25,21.996,1064.7,3.4512,0.0,0.0,0.0,1010.3,0.0,1009.9,120.48
11.22,22.246,1065.6,3.9754,0.0,0.0,0.0,1025.3,0.0,1018.0,120.48
11.142,21.551,1061.3,3.1162,0.0,0.0,0.0,1031.2,89.1,1002.0,120.48
11.368,23.008,1066.9,4.1867,57.1,0.2,1.0,1004.7,89.1,1018.0,120.49
11.167,22.111,1064.5,4.0032,0.0,0.0,0.0,1018.4,0.0,1023.0,120.5
10.946,22.106,1059.8,3.0965,287.1,1.0,3.0,1012.0,89.1,1021.0,120.51
11.386,22.841,1067.5,4.2131,0.0,0.0,0.0,1020.2,89.1,1009.2,120.51
11.062,24.129,1062.5,2.8758,392.5,1.4,4.0,1014.1,89.1,1019.1,120.53
11.196,22.474,1066.6,3.4669,0.0,0.0,0.0,1014.6,0.0,1017.9,120.53
11.033,20.987,1060.5,2.5663,0.0,0.0,0.0,1023.6,89.3,1025.9,120.53
11.208,21.608,1061.0,3.0432,252.7,0.9,3.0,1032.1,89.1,1022.9,120.54
11.3,22.544,1066.6,4.1044,0.0,0.0,0.0,1020.0,89.1,1021.2,120.55
11.221,22.925,1067.7,4.179,77.1,0.3,1.0,1019.8,89.1,1010.2,120.55
11.2,22.496,1066.9,4.048,546.3,2.0,5.0,1025.7,23.9,1018.2,120.56
11.252,22.835,1067.2,4.2073,190.4,0.7,2.0,1014.8,87.9,1015.8,120.57
11.073,20.999,1061.3,2.5036,22.6,0.1,0.0,1024.3,90.3,1023.1,120.57
11.268,22.641,1066.3,3.7893,582.2,2.1,6.0,1012.3,23.9,1009.8,120.58
11.37,22.734,1067.1,4.1527,527.7,1.9,5.0,1020.5,0.0,1023.2,120.58
11.181,22.312,1065.5,4.0441,351.4,1.3,4.0,1019.1,85.9,1028.8,120.58
11.029,22.398,1061.1,3.1267,4.0,0.0,0.0,1008.7,13.5,1020.1,120.58
11.305,22.91,1067.5,4.1799,78.3,0.3,1.0,1019.8,89.1,1010.3,120.6
11.021,22.771,1061.2,2.6102,0.0,0.0,0.0,1019.9,89.0,1012.3,120.6
11.321,22.513,1066.2,4.0714,0.0,0.0,0.0,1020.4,26.2,1026.1,120.61
11.137,22.279,1060.7,3.0547,388.9,1.4,4.0,1008.4,0.0,1019.0,120.61
11.435,23.878,1071.0,4.0698,0.0,0.0,0.0,1008.9,0.0,1014.0,120.61
11.017,20.815,1060.2,2.5659,0.0,0.0,0.0,1023.6,89.3,1025.9,120.61
11.135,22.56,1065.3,3.9384,0.0,0.0,0.0,1015.6,30.0,1018.1,120.62
11.371,23.132,1067.1,3.8047,0.0,0.0,0.0,1008.0,28.1,1012.0,120.62
11.173,23.04,1062.9,2.6418,343.6,1.2,3.0,1017.2,11.5,1021.0,120.62
11.144,22.588,1062.6,2.6469,223.9,0.8,2.0,1018.5,81.1,1016.3,120.63
11.441,23.402,1069.3,4.0331,0.0,0.0,0.0,1013.6,4.0,1007.0,120.63
10.985,25.185,1061.0,2.8864,0.0,0.0,0.0,1018.0,89.1,1015.1,120.63
11.374,22.676,1064.7,3.3484,0.0,0.0,0.0,1015.1,0.0,1014.9,120.64
11.004,21.882,1060.6,2.8722,0.0,0.0,0.0,1014.1,61.9,1017.2,120.64
11.097,22.945,1062.0,2.6012,0.0,0.0,0.0,1018.8,0.0,1019.2,120.64
11.197,21.647,1064.9,3.4072,0.0,0.0,0.0,1023.4,54.3,1026.2,120.65
11.194,22.178,1063.7,4.068,0.0,0.0,0.0,1006.4,0.0,1007.9,120.65
11.473,23.799,1071.3,4.1077,657.3,2.4,7.0,1011.6,48.8,1016.0,120.65
11.253,22.914,1067.4,4.1621,99.9,0.4,1.0,1018.2,79.8,1022.9,120.65
11.18,22.479,1061.3,3.1672,170.8,0.6,2.0,1018.5,88.1,1026.3,120.66
10.949,22.225,1059.7,2.9355,0.0,0.0,0.0,1009.1,0.0,1015.1,120.66
11.03,22.466,1060.7,2.8864,0.0,0.0,0.0,1005.2,87.9,1017.4,120.66
11.317,23.324,1063.9,3.6466,0.0,0.0,0.0,1008.2,11.9,1014.0,120.67
11.339,23.189,1067.5,3.7616,0.0,0.0,0.0,1009.9,0.0,1010.0,120.67
11.177,22.371,1064.5,3.9856,489.0,1.8,5.0,1011.1,87.9,1005.1,120.68
11.057,21.228,1061.6,2.6044,0.0,0.0,0.0,1022.8,90.3,1023.2,120.69
11.058,22.175,1063.5,3.9563,0.0,0.0,0.0,1012.3,0.0,1013.0,120.69
11.034,22.065,1059.8,3.0075,171.5,0.6,2.0,1017.7,50.0,1016.2,120.71
11.134,21.028,1060.5,2.943,0.0,0.0,0.0,1030.9,10.0,1022.2,120.71
11.171,22.328,1064.5,3.9866,525.5,1.9,5.0,1009.9,87.9,1003.0,120.71
11.075,21.348,1063.0,3.0403,115.4,0.4,1.0,1032.0,81.7,1025.2,120.72
11.402,22.879,1068.1,4.2103,270.7,1.0,3.0,1019.6,89.1,1022.8,120.72
11.292,22.101,1064.9,4.0249,0.0,0.0,0.0,1018.6,0.0,1023.1,120.72
11.036,22.987,1063.3,2.6729,452.4,1.6,5.0,1017.3,0.0,1022.3,120.73
11.282,23.071,1067.6,3.6964,1.9,0.0,0.0,1012.4,0.0,1020.0,120.73
11.091,21.479,1061.1,2.5589,0.0,0.0,0.0,1006.0,85.6,1019.0,120.73
11.043,21.053,1061.5,2.4844,170.1,0.6,2.0,1024.1,90.3,1023.2,120.73
11.218,22.77,1067.1,4.1794,106.0,0.4,1.0,1019.8,89.1,1022.9,120.75
11.259,22.703,1067.3,4.1437,159.8,0.6,2.0,1018.9,89.1,1021.1,120.75
11.378,22.777,1068.2,4.113,49.9,0.2,0.0,1025.6,0.0,1018.0,120.76
10.985,21.187,1061.5,2.575,0.0,0.0,0.0,1023.0,89.4,1023.1,120.76
11.039,21.237,1061.5,2.6217,0.0,0.0,0.0,1023.0,90.9,1023.3,120.77
11.279,22.525,1065.9,3.4248,0.0,0.0,0.0,1004.4,85.5,1022.1,120.77
11.471,23.468,1070.1,4.0388,123.3,0.4,1.0,1013.4,0.0,1015.8,120.77
10.938,21.108,1061.0,2.4698,0.0,0.0,0.0,1021.7,89.4,1019.3,120.78
11.623,24.022,1072.0,4.0821,646.8,2.3,6.0,1010.2,46.0,1013.9,120.78
11.311,22.548,1067.2,3.5619,0.0,0.0,0.0,1015.0,4.5,1018.1,120.78
11.338,22.539,1067.6,3.4503,151.4,0.5,2.0,1018.7,0.0,1017.9,120.78
11.455,23.427,1069.3,3.9891,199.7,0.7,2.0,1011.4,44.9,1015.8,120.78
11.226,22.675,1067.7,4.0885,390.6,1.4,4.0,1025.6,0.0,1018.1,120.78
11.195,22.317,1064.4,3.9729,63.7,0.2,1.0,1014.4,24.7,1022.0,120.79
11.166,23.453,1063.1,2.6228,168.0,0.6,2.0,1012.8,90.6,1016.2,120.8
11.048,23.56,1062.3,2.6222,0.0,0.0,0.0,1020.1,78.2,1024.2,120.8
11.105,23.545,1062.9,2.6702,259.3,0.9,3.0,1013.0,90.6,1014.1,120.81
11.447,23.532,1070.3,4.0358,111.1,0.4,1.0,1013.5,0.0,1009.9,120.81
11.259,21.7,1065.2,3.4241,0.0,0.0,0.0,1023.2,68.1,1026.1,120.82
11.389,22.724,1067.4,4.1775,0.0,0.0,0.0,1021.2,89.1,1008.3,120.82
11.405,22.924,1068.2,4.2229,698.7,2.5,7.0,1020.5,0.0,1023.0,120.82
11.311,22.908,1067.6,4.1593,0.0,0.0,0.0,1015.5,89.0,1016.0,120.82
11.215,22.831,1066.3,3.7733,0.0,0.0,0.0,1009.3,0.0,1011.0,120.83
11.139,21.382,1062.1,2.6156,0.0,0.0,0.0,1020.8,0.0,1018.1,120.83
11.073,22.229,1064.0,4.0294,0.0,0.0,0.0,1006.9,86.7,1005.0,120.83
11.384,22.661,1067.7,4.1303,0.0,0.0,0.0,1026.0,0.0,1018.1,120.84
11.192,22.756,1065.3,3.5279,0.0,0.0,0.0,1014.0,30.7,1017.1,120.84
11.409,23.449,1068.8,3.9076,226.3,0.8,2.0,1011.0,82.9,1010.8,120.84
11.039,23.808,1061.8,3.1926,0.0,0.0,0.0,1006.0,49.8,1007.1,120.85
11.159,23.57,1063.2,2.6356,127.8,0.5,1.0,1017.8,11.5,1020.2,120.85
11.425,23.458,1069.4,3.9543,313.6,1.1,3.0,1013.3,31.1,1013.6,120.86
10.945,21.74,1060.9,2.7484,0.0,0.0,0.0,1016.1,40.0,1017.3,120.86
11.223,22.346,1065.0,4.0461,0.0,0.0,0.0,1008.3,87.9,1005.8,120.86
11.083,22.033,1062.8,2.6272,0.0,0.0,0.0,1016.4,0.0,1022.1,120.88
11.434,23.441,1066.7,3.4898,934.9,3.4,9.0,1015.5,24.0,1016.8,120.88
11.137,22.173,1063.9,4.0589,0.0,0.0,0.0,1006.1,50.0,1006.8,120.9
10.923,21.093,1059.9,2.5624,0.0,0.0,0.0,1019.2,90.3,1021.0,120.9
11.401,22.869,1068.2,4.1743,47.1,0.2,0.0,1020.1,85.5,1018.0,120.9
11.047,24.007,1063.0,2.682,27.3,0.1,0.0,1013.1,89.1,1020.1,120.9
11.286,22.667,1066.8,4.1066,363.3,1.3,4.0,1020.1,0.0,1023.9,120.9
11.446,23.413,1069.6,4.0129,537.8,1.9,5.0,1011.8,48.8,1015.8,120.9
11.394,22.779,1068.2,4.1287,0.0,0.0,0.0,1025.7,0.0,1018.0,120.91
11.304,22.836,1067.7,4.2087,456.4,1.6,5.0,1019.9,81.0,1023.9,120.91
11.129,24.567,1063.0,2.6045,0.0,0.0,0.0,1016.4,0.0,1021.3,120.93
11.169,24.064,1062.7,2.5963,60.2,0.2,1.0,1013.4,87.9,1018.0,120.94
11.103,22.112,1060.1,3.2432,21.0,0.1,0.0,1016.0,85.5,1015.1,120.94
11.171,24.516,1063.1,2.7015,143.8,0.5,1.0,1018.2,87.9,1023.1,120.94
11.161,21.553,1062.8,2.606,0.0,0.0,0.0,1016.4,0.0,1022.0,120.94
10.99,22.317,1061.8,2.6282,78.7,0.3,1.0,1019.8,90.3,1017.0,120.94
10.991,22.875,1062.2,2.5956,0.0,0.0,0.0,1020.1,83.1,1024.3,120.95
11.038,22.826,1062.8,2.6548,0.0,0.0,0.0,1017.7,35.9,1024.0,120.95
11.068,22.543,1062.0,2.6356,0.0,0.0,0.0,1006.0,87.9,1017.0,120.96
11.04,25.894,1061.6,2.8885,0.0,0.0,0.0,1016.3,89.1,1023.3,120.97
11.18,22.254,1065.4,4.0276,0.0,0.0,0.0,1019.0,0.0,1023.1,120.97
11.096,23.381,1062.7,2.6647,201.9,0.7,2.0,1018.5,84.3,1023.2,120.98
11.314,22.932,1063.9,3.3367,57.0,0.2,1.0,1015.6,7.5,1016.8,120.98
10.952,21.913,1059.0,3.0488,0.0,0.0,0.0,1013.4,82.9,1015.1,120.98
11.335,22.192,1066.3,3.4753,147.8,0.5,1.0,1022.4,29.0,1024.0,120.98
11.294,22.493,1066.1,4.0763,0.0,0.0,0.0,1018.6,0.0,1024.0,120.99
11.126,21.661,1062.1,2.6204,0.0,0.0,0.0,1020.7,89.1,1019.2,120.99
11.231,22.782,1067.0,3.8216,726.8,2.6,7.0,1012.2,23.9,1009.9,120.99
11.615,24.046,1072.5,4.0977,143.4,0.5,1.0,1010.6,90.0,1013.1,121.0
11.122,26.461,1063.1,2.9477,321.1,1.2,3.0,1010.4,85.5,1013.1,121.0
11.348,22.871,1068.0,4.2222,570.1,2.1,6.0,1019.5,81.0,1023.9,121.01
11.29,22.881,1066.9,3.8068,210.6,0.8,2.0,1014.5,0.0,1008.6,121.01
11.017,21.706,1058.5,3.0753,448.4,1.6,4.0,1002.6,30.3,1015.1,121.01
11.291,22.896,1064.3,3.2828,0.0,0.0,0.0,1004.7,0.0,1008.8,121.02
11.302,22.6,1066.4,4.1026,0.0,0.0,0.0,1018.5,0.0,1024.0,121.03
11.213,22.728,1066.7,4.1153,0.0,0.0,0.0,1009.5,1.2,1017.0,121.03
11.114,22.525,1062.4,2.6723,220.8,0.8,2.0,1018.8,55.7,1024.2,121.04
11.415,22.931,1068.5,4.2171,377.7,1.4,4.0,1019.3,89.1,1022.1,121.04
11.411,23.051,1068.3,4.2176,229.3,0.8,2.0,1018.2,48.8,1022.9,121.04
11.237,21.99,1055.7,3.2415,189.1,0.7,2.0,1030.0,0.0,1032.4,121.04
11.115,22.15,1060.1,3.6223,76.7,0.3,1.0,1018.7,89.1,1026.2,121.04
11.156,21.913,1063.1,2.6208,221.1,0.8,2.0,1018.5,76.6,1017.1,121.05
11.25,22.452,1065.1,3.9844,429.9,1.5,4.0,1009.8,86.9,1003.9,121.05
11.17,22.904,1063.2,2.63,0.6,0.0,0.0,1019.6,0.0,1018.3,121.05
11.342,22.586,1066.5,4.1065,0.0,0.0,0.0,1018.5,0.0,1024.0,121.06
11.186,21.97,1065.2,3.3797,194.4,0.7,2.0,1020.1,54.9,1025.2,121.06
11.055,21.807,1057.6,3.0721,2.3,0.0,0.0,1019.3,89.1,1022.1,121.07
11.069,20.766,1060.7,2.5843,0.0,0.0,0.0,1023.0,89.3,1025.9,121.07
11.337,22.795,1068.5,4.1285,210.6,0.8,2.0,1025.6,0.0,1018.0,121.07
11.246,22.391,1065.8,3.3198,247.6,0.9,2.0,1002.5,83.1,1013.2,121.07
10.935,22.011,1059.2,3.0552,0.0,0.0,0.0,1012.9,82.9,1016.0,121.07
11.165,21.494,1062.5,2.6019,0.0,0.0,0.0,1020.6,0.0,1018.1,121.08
11.269,22.975,1066.7,3.6573,0.0,0.0,0.0,1009.0,0.0,1005.7,121.08
11.374,22.577,1067.0,4.0827,328.6,1.2,3.0,1017.4,48.8,1013.7,121.08
11.21,23.77,1063.6,2.6646,337.5,1.2,3.0,1016.3,0.0,1022.2,121.09
11.397,22.829,1067.4,4.1474,0.0,0.0,0.0,1019.1,83.3,1023.9,121.1
10.989,22.413,1060.3,3.2127,261.6,0.9,3.0,1006.2,50.0,1020.2,121.11
11.117,22.899,1063.4,2.6119,29.2,0.1,0.0,1018.1,7.7,1020.0,121.11
11.271,22.417,1065.3,4.0296,23.1,0.1,0.0,1009.6,87.8,1005.0,121.11
11.385,22.958,1068.5,4.2454,221.4,0.8,2.0,1019.9,89.1,1022.8,121.11
11.207,22.687,1067.1,4.1231,30.6,0.1,0.0,1020.9,0.0,1022.7,121.11
11.114,23.633,1062.9,2.588,0.0,0.0,0.0,1018.2,7.5,1020.0,121.11
11.408,23.496,1069.3,3.9606,494.8,1.8,5.0,1012.3,53.6,1005.7,121.12
11.043,21.062,1061.2,2.5018,119.0,0.4,1.0,1020.6,90.6,1020.3,121.12
11.218,22.271,1064.1,3.9517,0.0,0.0,0.0,1013.0,23.4,1013.1,121.12
11.221,22.043,1063.8,3.9242,0.0,0.0,0.0,1015.3,48.7,1019.7,121.12
11.158,22.233,1064.4,3.1124,0.0,0.0,0.0,1009.9,0.0,1009.9,121.12
11.219,22.813,1066.7,4.0211,0.0,0.0,0.0,1009.7,0.0,1017.0,121.12
11.16,22.08,1062.8,3.2424,0.0,0.0,0.0,1013.9,0.0,1013.0,121.12
11.447,23.616,1069.6,3.9475,669.8,2.4,7.0,1007.8,0.0,1013.9,121.12
10.984,25.494,1061.7,3.038,22.0,0.1,0.0,993.29,8.8,1017.0,121.13
11.261,22.658,1067.2,4.0885,407.9,1.5,4.0,1017.1,48.8,1013.7,121.13
11.085,21.782,1058.9,3.0864,398.6,1.4,4.0,1002.8,30.3,1014.1,121.14
11.118,22.155,1063.2,2.6346,0.0,0.0,0.0,1016.3,0.0,1022.1,121.14
11.058,21.067,1062.3,2.9832,0.0,0.0,0.0,1019.8,89.1,1006.0,121.14
11.194,22.4,1065.4,4.0483,0.0,0.0,0.0,1009.0,87.8,1005.0,121.14
11.607,24.168,1073.1,4.1337,500.9,1.8,5.0,1010.1,45.0,1013.9,121.15
11.355,23.196,1067.4,3.9134,0.7,0.0,0.0,1006.7,0.0,1013.8,121.15
11.278,22.438,1066.1,3.5776,0.0,0.0,0.0,1012.1,0.0,1014.1,121.15
11.129,23.244,1063.5,2.6097,0.0,0.0,0.0,1016.5,0.0,1022.1,121.16
11.113,22.341,1060.6,3.0277,0.0,0.0,0.0,1010.7,0.8,1020.1,121.17
11.307,22.55,1066.3,3.5761,439.0,1.6,4.0,1008.6,81.8,1010.1,121.17
11.118,21.502,1062.6,2.5389,85.2,0.3,1.0,1022.5,90.3,1025.3,121.17
11.092,22.038,1060.6,3.0737,0.0,0.0,0.0,1018.6,86.7,1023.1,121.17
11.151,22.217,1064.2,4.0901,0.0,0.0,0.0,1006.0,87.8,1006.9,121.17
11.432,23.248,1067.9,4.0143,502.9,1.8,5.0,1006.6,8.9,1012.7,121.17
11.093,21.382,1062.5,2.5728,0.0,0.0,0.0,1020.1,0.0,1019.0,121.17
11.034,21.124,1062.1,2.5161,125.5,0.5,1.0,1024.0,90.6,1019.1,121.18
10.996,21.247,1061.8,2.5858,284.9,1.0,3.0,1013.3,84.5,1017.3,121.18
11.46,23.56,1069.1,3.9235,507.2,1.8,5.0,1007.7,0.0,1013.9,121.18
11.109,21.33,1061.2,3.0354,0.0,0.0,0.0,1025.4,89.1,1028.2,121.19
11.274,22.664,1065.9,3.5275,0.0,0.0,0.0,1012.5,60.1,1010.1,121.19
11.099,22.195,1062.4,2.6649,0.0,0.0,0.0,1006.2,87.9,1016.9,121.19
11.215,21.674,1064.8,3.4208,0.0,0.0,0.0,1021.1,0.0,1024.0,121.19
11.115,22.453,1062.2,2.6204,0.0,0.0,0.0,1020.0,89.0,1012.3,121.22
11.455,23.333,1066.4,3.4604,855.2,3.1,9.0,1015.1,14.9,1012.9,121.22
11.409,22.873,1068.2,4.1829,210.6,0.8,2.0,1018.9,89.1,1021.8,121.22
11.389,23.723,1070.9,4.0928,0.0,0.0,0.0,1013.3,31.0,1010.2,121.23
11.339,22.617,1067.4,4.0931,380.3,1.4,4.0,1021.7,85.5,1020.9,121.23
11.037,21.394,1062.6,2.5723,0.0,0.0,0.0,1019.3,0.0,1019.1,121.24
11.041,24.084,1062.6,2.6449,264.2,1.0,3.0,1018.5,84.3,1014.3,121.24
11.18,21.328,1057.8,2.7124,0.0,0.0,0.0,1019.7,90.3,1019.5,121.25
11.211,21.537,1063.8,3.1421,237.5,0.9,2.0,1028.7,20.9,1032.4,121.25
11.289,23.0,1068.0,4.165,20.9,0.1,0.0,1018.4,80.8,1023.0,121.26
11.068,22.138,1062.5,3.5926,0.0,0.0,0.0,1010.9,5.2,1023.9,121.26
11.167,22.094,1064.7,3.1724,0.0,0.0,0.0,1012.7,40.0,1013.9,121.26
11.191,22.783,1066.5,3.6178,0.0,0.0,0.0,1017.4,98.0,1013.8,121.27
11.262,22.729,1067.2,4.0816,0.0,0.0,0.0,1013.2,49.4,1014.1,121.27
11.184,23.327,1061.8,3.0238,0.0,0.0,0.0,1007.8,23.9,1015.1,121.27
11.059,20.757,1060.6,2.576,0.0,0.0,0.0,1022.8,89.0,1025.9,121.27
11.455,22.597,1068.9,3.5941,396.9,1.4,4.0,1022.6,84.5,1026.2,121.28
11.54,24.388,1073.1,4.208,305.0,1.1,3.0,1005.8,43.4,1013.8,121.29
11.442,23.664,1070.5,4.0286,838.6,3.0,8.0,1012.4,23.9,1009.0,121.3
11.303,22.733,1067.3,4.0905,341.2,1.2,3.0,1021.7,87.8,1013.1,121.3
11.2,22.611,1063.4,2.6602,149.4,0.5,1.0,1019.1,43.8,1017.0,121.3
11.048,21.658,1061.0,2.9062,0.0,0.0,0.0,1017.5,2.4,1013.3,121.3
11.215,22.579,1065.5,3.9849,155.5,0.6,2.0,1011.6,87.9,1007.5,121.3
11.242,22.367,1064.7,3.0734,0.0,0.0,0.0,1004.3,89.1,1014.0,121.3
11.383,22.994,1069.1,4.1879,0.0,0.0,0.0,1020.7,87.9,1016.0,121.31
11.271,23.275,1068.2,3.928,0.0,0.0,0.0,1008.8,0.0,1014.8,121.31
11.179,23.395,1063.5,2.6635,171.3,0.6,2.0,1013.2,90.6,1014.1,121.31
11.098,24.491,1063.0,2.6533,139.0,0.5,1.0,1023.8,89.1,1024.1,121.31
11.444,23.491,1070.2,3.947,0.0,0.0,0.0,1013.3,0.7,1015.7,121.31
11.135,22.285,1064.5,4.0556,0.0,0.0,0.0,1006.6,35.8,1005.9,121.31
11.303,22.695,1067.1,4.0726,0.0,0.0,0.0,1012.7,30.0,1014.0,121.32
11.266,22.845,1068.2,4.2074,387.6,1.4,4.0,1016.2,24.7,1022.9,121.32
11.111,21.412,1061.3,2.8444,0.0,0.0,0.0,1018.1,97.2,1016.0,121.32
11.584,24.011,1072.7,4.161,125.9,0.5,1.0,1012.7,28.1,1015.8,121.33
11.298,22.741,1067.8,4.1521,16.3,0.1,0.0,1019.4,89.1,1021.2,121.34
11.527,23.57,1070.6,4.0051,0.0,0.0,0.0,1013.5,1.5,1015.7,121.34
11.343,23.508,1069.8,3.9863,294.1,1.1,3.0,1013.3,31.1,1013.7,121.35
11.222,22.001,1065.7,3.3998,238.3,0.9,2.0,1020.3,47.9,1025.3,121.35
11.297,23.2,1066.7,3.7062,0.0,0.0,0.0,1003.9,8.8,1015.9,121.35
11.265,22.736,1067.8,4.1375,208.3,0.7,2.0,1020.7,81.9,1019.1,121.36
11.359,22.763,1067.2,4.12,0.0,0.0,0.0,1019.2,87.8,1024.7,121.36
11.396,23.669,1070.2,4.065,0.0,0.0,0.0,1013.0,31.0,1010.0,121.36
11.149,22.914,1063.7,2.663,261.5,0.9,3.0,1013.2,89.6,1013.3,121.36
11.139,21.45,1062.9,2.5793,0.0,0.0,0.0,1020.6,0.0,1018.8,121.36
11.325,22.413,1066.0,4.0634,0.0,0.0,0.0,1018.8,0.0,1023.9,121.36
11.161,24.266,1063.1,2.6183,64.2,0.2,1.0,1020.1,87.9,1023.1,121.36
11.066,22.643,1060.3,2.9114,0.0,0.0,0.0,1011.5,90.0,1022.1,121.37
11.044,25.553,1062.7,3.001,5.4,0.0,0.0,1012.4,89.1,1006.0,121.37
11.206,22.492,1065.4,4.0172,80.0,0.3,1.0,1009.8,87.9,1005.0,121.37
11.297,22.963,1067.3,3.5154,760.1,2.7,8.0,1011.1,87.9,1015.0,121.37
11.413,23.242,1068.5,4.246,21.2,0.1,0.0,1004.2,89.1,1018.2,121.37
11.172,22.23,1063.5,3.5585,0.2,0.0,0.0,1011.5,24.7,1023.0,121.38
11.111,22.236,1064.6,3.1148,202.2,0.7,2.0,1006.9,48.7,1017.2,121.38
11.043,22.214,1060.1,3.1324,0.0,0.0,0.0,1001.9,5.1,1020.0,121.39
11.15,21.497,1062.5,2.6408,0.0,0.0,0.0,1023.3,89.4,1022.3,121.39
11.419,22.946,1068.7,4.2003,0.0,0.0,0.0,1021.4,87.9,1014.9,121.4
11.086,22.84,1062.2,2.6112,0.0,0.0,0.0,1020.0,89.0,1012.3,121.4
11.324,23.011,1069.1,4.2003,27.5,0.1,0.0,1020.4,87.9,1016.2,121.4
11.132,23.377,1062.5,2.6523,0.0,0.0,0.0,1013.9,89.0,1017.3,121.41
11.065,24.423,1062.5,2.7853,231.1,0.8,2.0,1005.2,0.0,1024.8,121.41
11.449,23.478,1069.6,3.9853,549.6,2.0,5.0,1013.2,23.9,1007.9,121.41
11.407,23.59,1070.9,4.072,11.7,0.0,0.0,1013.5,0.0,1015.8,121.41
11.151,22.342,1061.3,3.1105,49.4,0.2,0.0,1018.6,88.1,1026.1,121.42
11.358,23.15,1067.7,3.887,0.0,0.0,0.0,1011.5,89.0,1008.9,121.42
11.204,22.807,1063.6,2.6142,0.0,0.0,0.0,1012.3,90.3,1018.0,121.42
11.219,23.606,1064.2,2.6343,316.6,1.1,3.0,1015.9,0.0,1024.2,121.42
11.269,22.712,1067.4,4.157,0.0,0.0,0.0,1021.1,87.9,1014.0,121.42
11.123,23.916,1063.9,2.6863,242.7,0.9,2.0,1016.3,63.0,1025.2,121.43
11.48,23.972,1071.9,4.0701,660.2,2.4,7.0,1012.0,26.3,1013.0,121.43
11.138,22.26,1063.6,2.6239,428.2,1.5,4.0,1019.5,48.8,1018.1,121.43
11.207,22.594,1062.4,3.1632,83.6,0.3,1.0,1009.0,56.0,1020.2,121.43
11.308,22.564,1066.4,4.0607,0.0,0.0,0.0,1020.2,0.0,1023.0,121.43
11.203,23.357,1063.6,2.7677,109.8,0.4,1.0,1012.6,87.9,1022.1,121.43
11.5,23.43,1066.4,3.4888,0.0,0.0,0.0,1008.4,50.0,1016.8,121.43
11.115,22.686,1065.0,2.695,195.1,0.7,2.0,1016.2,0.0,1021.3,121.43
11.087,25.28,1060.0,2.9264,0.0,0.0,0.0,1021.3,50.0,1013.3,121.44
11.258,23.322,1068.2,3.9983,0.0,0.0,0.0,1010.8,89.0,1009.8,121.44
11.455,23.558,1069.4,3.9147,46.8,0.2,0.0,1010.8,48.6,1010.9,121.45
11.664,24.181,1073.3,4.1221,21.9,0.1,0.0,1010.9,5.3,1012.9,121.45
11.254,22.592,1062.3,3.199,180.6,0.7,2.0,1009.0,77.0,1020.2,121.45
11.119,22.451,1062.6,2.6591,0.0,0.0,0.0,1005.6,87.9,1017.1,121.45
11.191,23.201,1063.9,2.6286,423.7,1.5,4.0,1016.9,11.5,1021.2,121.45
11.333,22.956,1067.9,4.1384,54.7,0.2,1.0,1017.0,50.0,1022.1,121.45
11.296,23.319,1068.4,3.9321,0.0,0.0,0.0,1008.9,0.0,1014.8,121.46
11.267,22.328,1065.2,3.936,0.0,0.0,0.0,1015.1,8.8,1022.9,121.47
11.157,23.672,1062.8,2.6408,0.0,0.0,0.0,1014.8,90.0,1017.3,121.47
11.156,22.282,1065.6,3.5917,0.0,0.0,0.0,1012.4,5.3,1013.0,121.47
11.173,25.863,1064.7,3.2672,0.0,0.0,0.0,1012.1,89.1,1012.9,121.48
11.235,22.344,1065.0,4.1262,47.6,0.2,0.0,1006.8,23.9,1007.9,121.48
11.427,23.796,1070.3,3.8892,215.3,0.8,2.0,1006.6,5.2,1006.8,121.49
11.094,21.946,1057.3,3.0679,0.0,0.0,0.0,1018.7,45.0,1018.0,121.5
11.08,20.794,1060.9,2.5573,0.0,0.0,0.0,1023.2,89.0,1025.9,121.5
11.217,22.125,1064.6,3.9394,0.2,0.0,0.0,1015.5,48.7,1019.7,121.5
11.324,22.921,1069.3,3.4915,0.0,0.0,0.0,1012.4,55.7,1013.0,121.5
11.03,21.269,1060.0,2.8021,0.0,0.0,0.0,1018.2,97.2,1016.0,121.5
11.404,22.806,1068.1,4.1655,0.0,0.0,0.0,1021.5,87.9,1014.1,121.52
11.324,22.547,1067.0,4.0442,1.5,0.0,0.0,1017.3,5.2,1013.8,121.52
11.145,22.358,1063.0,2.6302,0.0,0.0,0.0,1022.5,88.2,1023.2,121.52
11.214,22.382,1065.0,3.0752,0.0,0.0,0.0,1011.6,50.0,1011.2,121.53
11.18,22.037,1064.0,3.8875,0.0,0.0,0.0,1015.2,23.9,1017.9,121.53
11.331,22.849,1068.2,4.2258,202.3,0.7,2.0,1016.6,11.9,1022.9,121.53
11.229,22.471,1065.4,3.9957,203.6,0.7,2.0,1014.4,87.9,1013.0,121.53
11.368,22.785,1067.4,4.0848,0.0,0.0,0.0,1017.4,0.0,1022.0,121.54
11.502,23.706,1071.1,4.0455,0.0,0.0,0.0,1014.7,0.0,1008.9,121.54
11.053,22.037,1059.8,3.1156,170.2,0.6,2.0,1014.7,5.0,1021.1,121.55
11.105,22.04,1064.5,3.8886,0.0,0.0,0.0,1016.0,14.9,1022.0,121.55
11.204,22.512,1066.7,3.0779,0.0,0.0,0.0,1012.0,0.0,1015.1,121.55
11.507,23.35,1069.8,3.9808,544.6,2.0,5.0,1013.6,25.3,1014.9,121.55
11.188,22.239,1064.7,3.1948,0.0,0.0,0.0,1007.8,9.4,1013.1,121.55
11.215,22.958,1064.1,2.6628,231.4,0.8,2.0,1017.6,11.5,1020.2,121.56
11.121,22.487,1062.6,2.7527,0.0,0.0,0.0,1016.4,90.3,1018.5,121.56
11.19,23.148,1063.4,2.6884,243.4,0.9,2.0,1011.0,90.3,1015.2,121.56
11.042,21.51,1062.9,2.5984,0.0,0.0,0.0,1018.9,0.0,1019.1,121.56
11.302,23.025,1069.0,4.2182,224.3,0.8,2.0,1019.0,89.1,1021.9,121.57
11.421,22.913,1068.7,4.0717,0.0,0.0,0.0,1019.7,28.1,1013.8,121.57
10.967,21.153,1061.2,2.4908,0.0,0.0,0.0,1028.4,89.1,1021.3,121.58
11.279,22.411,1066.4,4.0394,378.6,1.4,4.0,1019.0,48.3,1028.0,121.58
11.376,23.184,1068.3,3.8802,577.8,2.1,6.0,1015.0,0.0,1008.1,121.59
11.068,22.544,1062.4,2.7442,0.0,0.0,0.0,1016.6,90.3,1018.3,121.59
11.3,22.877,1068.2,4.1669,290.2,1.0,3.0,1020.2,89.1,1012.1,121.59
11.542,23.751,1071.7,4.0989,15.9,0.1,0.0,1013.4,0.0,1009.8,121.59
11.196,22.798,1066.9,3.9861,0.0,0.0,0.0,1016.4,8.8,1018.2,121.6
11.093,22.27,1055.2,3.487,0.0,0.0,0.0,1010.9,0.0,1019.1,121.6
11.041,22.065,1062.7,3.0721,0.0,0.0,0.0,1001.7,43.6,1010.0,121.6
11.333,22.689,1067.8,4.114,409.1,1.5,4.0,1021.2,55.7,1020.1,121.6
11.52,24.02,1072.3,4.1191,646.0,2.3,6.0,1011.9,26.3,1013.0,121.6
11.077,22.796,1062.9,2.5538,5.9,0.0,0.0,1020.0,89.1,1009.9,121.6
11.532,23.903,1071.6,4.0692,676.2,2.4,7.0,1011.6,52.2,1006.9,121.61
11.238,23.16,1067.9,3.862,0.0,0.0,0.0,1011.7,89.0,1008.4,121.61
11.413,23.633,1069.4,3.9017,390.1,1.4,4.0,1006.9,0.0,1012.8,121.61
11.423,23.564,1069.0,3.8975,216.7,0.8,2.0,1006.9,0.0,1012.7,121.61
11.165,24.868,1063.3,2.6325,0.0,0.0,0.0,1018.8,0.0,1020.0,121.62
10.979,21.21,1062.1,2.4813,0.0,0.0,0.0,1019.6,90.3,1025.4,121.62
11.366,22.842,1067.5,4.1621,0.0,0.0,0.0,1009.6,27.4,1017.0,121.62
11.116,21.239,1061.5,2.7974,0.0,0.0,0.0,1019.1,89.1,1015.2,121.62
11.31,22.948,1068.9,4.1827,195.5,0.7,2.0,1020.4,81.9,1018.3,121.62
11.215,24.223,1063.4,2.7075,56.7,0.2,1.0,1019.5,89.1,1018.2,121.63
11.011,23.092,1063.0,2.6292,86.0,0.3,1.0,1023.9,89.1,1024.2,121.63
11.078,21.763,1059.9,3.0768,0.0,0.0,0.0,1013.4,46.0,1018.2,121.63
11.002,21.679,1062.1,2.552,346.7,1.2,3.0,1015.9,87.9,1019.0,121.63
11.285,23.174,1067.5,3.7336,0.0,0.0,0.0,1009.8,63.0,1008.8,121.63
11.12,21.682,1063.0,2.6671,13.9,0.1,0.0,1020.2,89.4,1017.0,121.64
11.184,22.457,1065.1,3.9833,0.0,0.0,0.0,1013.0,59.8,1013.0,121.64
11.575,23.858,1071.9,4.0842,16.1,0.1,0.0,1014.1,0.0,1009.0,121.64
11.334,22.433,1066.9,3.3926,313.8,1.1,3.0,1012.2,5.2,1015.8,121.64
11.167,21.387,1062.5,2.6105,268.5,1.0,3.0,1013.2,48.6,1017.3,121.64
11.017,21.448,1062.4,2.6691,0.0,0.0,0.0,1020.0,90.3,1016.2,121.64
11.113,21.355,1061.9,2.5623,0.0,0.0,0.0,1007.5,83.1,1019.1,121.65
11.123,22.08,1063.8,2.6172,206.0,0.7,2.0,1018.9,76.6,1017.0,121.65
11.133,26.472,1061.7,2.9705,0.0,0.0,0.0,1006.6,52.1,1015.1,121.65
11.336,23.114,1067.9,3.9359,0.0,0.0,0.0,1012.8,0.4,1007.8,121.66
11.192,22.132,1064.4,3.9304,0.0,0.0,0.0,1015.3,50.0,1019.0,121.66
11.252,21.89,1063.0,3.1459,0.0,0.0,0.0,1030.7,89.1,1001.1,121.66
11.217,22.923,1063.9,2.6661,84.9,0.3,1.0,1013.6,88.1,1017.0,121.66
11.118,22.529,1062.4,2.9216,0.0,0.0,0.0,1015.9,1.2,1022.2,121.67
11.183,21.584,1067.6,2.7639,0.0,0.0,0.0,1021.1,43.4,1019.1,121.67
11.032,24.56,1063.2,2.6296,42.3,0.2,0.0,1021.1,90.3,1020.0,121.67
11.108,21.458,1056.0,2.857,0.0,0.0,0.0,1007.3,84.3,1022.2,121.67
11.35,22.693,1067.8,4.0842,190.3,0.7,2.0,1017.6,43.8,1013.7,121.68
11.398,23.583,1070.2,4.0316,0.0,0.0,0.0,1014.6,0.0,1009.0,121.68
11.508,23.595,1070.3,3.9226,717.2,2.6,7.0,1010.7,78.2,1013.1,121.68
11.5,24.029,1072.2,4.0756,0.0,0.0,0.0,1011.6,51.2,1012.1,121.68
11.066,22.724,1063.4,2.7444,336.0,1.2,3.0,1011.8,85.3,1018.1,121.68
11.264,22.407,1066.3,4.0301,37.6,0.1,0.0,1019.4,0.0,1023.1,121.69
11.196,22.154,1064.8,2.6912,431.0,1.6,4.0,1015.7,0.0,1024.9,121.69
11.221,23.75,1063.9,2.6672,53.1,0.2,1.0,1019.5,0.0,1019.0,121.7
11.436,22.987,1068.9,4.2299,527.9,1.9,5.0,1015.8,44.0,1022.9,121.7
11.136,21.342,1062.6,2.5025,44.6,0.2,0.0,1018.2,90.3,1024.2,121.7
11.139,21.565,1064.0,2.6775,108.4,0.4,1.0,1019.2,90.3,1022.2,121.7
11.413,23.027,1069.0,4.2129,645.4,2.3,6.0,1020.6,0.0,1023.2,121.7
11.184,21.709,1064.8,2.9903,0.0,0.0,0.0,1020.0,14.9,1008.1,121.71
11.365,23.232,1068.9,3.8717,722.2,2.6,7.0,1015.1,0.0,1008.9,121.71
11.408,22.939,1067.9,4.1203,0.1,0.0,0.0,1017.3,28.1,1022.0,121.71
11.149,24.199,1064.2,2.6968,384.7,1.4,4.0,1015.5,0.0,1024.0,121.72
11.018,21.152,1061.3,2.6948,0.0,0.0,0.0,1015.2,90.3,1018.5,121.73
11.254,22.283,1066.4,3.3784,0.0,0.0,0.0,1015.4,0.0,1019.0,121.73
11.39,22.763,1068.0,4.1095,444.9,1.6,4.0,1021.6,53.3,1020.1,121.74
11.101,21.795,1062.0,2.844,0.0,0.0,0.0,1014.3,89.0,1013.1,121.74
11.609,23.952,1072.2,4.1603,129.2,0.5,1.0,1013.4,30.0,1007.9,121.74
11.575,23.909,1070.9,4.0144,737.5,2.7,7.0,1005.2,13.5,1012.8,121.74
11.484,23.83,1071.6,4.0737,0.0,0.0,0.0,1014.4,0.0,1008.9,121.74
11.516,23.721,1070.4,3.9616,382.9,1.4,4.0,1011.1,85.4,1010.9,121.74
11.435,23.463,1069.4,3.9251,59.1,0.2,1.0,1010.6,84.3,1008.8,121.74
11.159,21.444,1063.0,2.6185,344.3,1.2,3.0,1013.0,48.6,1018.1,121.74
10.976,20.957,1061.3,2.5924,0.0,0.0,0.0,1022.8,89.0,1025.9,121.74
11.433,23.615,1070.8,4.0548,656.5,2.4,7.0,1011.8,50.0,1015.8,121.75
11.162,22.438,1064.5,3.3513,0.0,0.0,0.0,1013.3,43.8,1019.0,121.75
11.555,24.142,1072.9,4.0662,720.4,2.6,7.0,1009.9,83.1,1014.7,121.75
11.649,24.165,1073.0,4.1577,96.0,0.3,1.0,1013.1,90.0,1011.9,121.75
11.413,23.748,1071.3,4.103,0.0,0.0,0.0,1013.7,3.4,1007.0,121.76
11.096,21.101,1059.7,2.6541,0.0,0.0,0.0,1012.3,52.3,1013.3,121.76
11.552,24.363,1073.4,4.1224,652.8,2.4,7.0,1007.1,37.0,1015.0,121.76
11.699,24.584,1074.2,4.2146,496.5,1.8,5.0,1005.7,43.4,1013.8,121.76
11.594,23.725,1068.3,3.5439,892.3,3.2,9.0,1014.0,0.0,1011.0,121.76
11.379,23.22,1068.2,3.8881,0.0,0.0,0.0,1011.6,89.1,1008.9,121.77
11.031,21.58,1063.0,2.5876,0.0,0.0,0.0,1023.1,89.6,1022.4,121.77
11.18,21.093,1063.1,3.1017,0.0,0.0,0.0,1030.7,0.0,1033.4,121.77
11.455,23.073,1069.0,4.2117,335.1,1.2,3.0,1021.4,10.2,1014.1,121.77
11.487,24.255,1072.6,4.1053,866.0,3.1,9.0,1004.9,8.8,1013.7,121.78
11.357,22.262,1066.9,3.5142,0.0,0.0,0.0,1014.5,24.6,1014.9,121.78
11.19,24.23,1064.4,2.7363,186.7,0.7,2.0,1013.8,89.1,1023.1,121.78
11.355,22.694,1068.0,4.1031,276.8,1.0,3.0,1021.5,87.9,1021.7,121.78
11.6,24.177,1072.5,4.2138,132.9,0.5,1.0,1007.8,50.0,1017.0,121.79
11.208,22.343,1066.1,4.0184,0.0,0.0,0.0,1019.2,0.0,1023.1,121.8
11.477,23.984,1072.1,4.1259,11.9,0.0,0.0,1013.4,31.0,1011.0,121.81
11.198,22.864,1064.0,2.7061,274.5,1.0,3.0,1013.9,88.1,1017.2,121.81
11.327,22.659,1068.3,4.0982,0.0,0.0,0.0,1026.0,0.8,1018.0,121.81
10.985,21.845,1060.2,3.1539,0.0,0.0,0.0,1020.0,99.6,1020.1,121.82
11.615,23.946,1072.3,4.0983,137.2,0.5,1.0,1013.6,0.0,1009.7,121.82
11.249,22.93,1067.9,4.0761,585.5,2.1,6.0,1015.4,52.2,1013.9,121.82
11.015,21.695,1060.7,2.9024,0.8,0.0,0.0,1014.2,89.1,1010.1,121.82
11.085,22.417,1061.4,2.7105,0.0,0.0,0.0,1020.2,14.9,1026.1,121.83
11.47,23.781,1071.8,4.0784,250.7,0.9,3.0,1013.3,11.5,1010.0,121.83
11.28,22.381,1065.3,3.9331,233.2,0.8,2.0,1016.0,43.3,1019.1,121.84
11.203,23.536,1064.0,2.6754,178.5,0.6,2.0,1019.7,6.0,1019.0,121.84
11.669,24.167,1073.5,4.1784,303.4,1.1,3.0,1012.3,24.6,1015.9,121.85
11.171,21.381,1062.8,2.5077,0.0,0.0,0.0,1020.7,90.3,1025.1,121.85
11.582,24.075,1072.7,4.1225,667.0,2.4,7.0,1011.6,49.8,1007.7,121.85
11.379,22.631,1068.6,3.4696,545.2,2.0,5.0,1015.9,24.0,1018.8,121.85
11.31,23.204,1067.7,3.821,0.0,0.0,0.0,1007.0,28.1,1012.9,121.85
11.442,23.383,1068.9,4.247,0.0,0.0,0.0,1003.7,89.1,1019.8,121.85
11.512,24.079,1072.8,4.1366,494.4,1.8,5.0,1013.1,0.0,1009.9,121.85
11.219,22.565,1066.8,4.0987,188.3,0.7,2.0,1019.7,0.0,1023.1,121.86
11.393,23.284,1069.9,4.2585,349.6,1.3,3.0,1018.4,50.0,1022.9,121.86
11.339,22.9,1068.3,4.0812,222.3,0.8,2.0,1014.7,82.9,1014.6,121.86
11.294,22.314,1065.4,3.938,0.0,0.0,0.0,1015.1,50.0,1023.0,121.86
11.117,24.503,1063.5,2.6213,46.6,0.2,0.0,1024.4,89.4,1025.2,121.86
11.219,23.288,1064.0,2.7669,31.3,0.1,0.0,1013.1,89.1,1020.3,121.86
11.264,22.331,1065.4,3.1479,0.0,0.0,0.0,1013.0,33.0,1009.0,121.87
11.554,23.884,1070.6,3.9519,703.6,2.5,7.0,1006.8,0.0,1012.9,121.87
11.162,22.272,1065.1,3.9574,0.0,0.0,0.0,1015.1,0.0,1016.9,121.87
11.32,22.915,1064.0,3.3103,0.3,0.0,0.0,1009.9,0.0,1017.0,121.88
11.025,21.308,1062.9,2.512,42.7,0.2,0.0,1023.6,90.3,1020.9,121.88
11.085,20.949,1061.5,2.5981,0.0,0.0,0.0,1023.3,89.3,1025.9,121.88
11.079,20.901,1061.7,2.5757,0.0,0.0,0.0,1023.3,52.3,1026.9,121.88
11.428,23.191,1068.5,3.8642,403.1,1.5,4.0,1014.8,0.0,1008.0,121.89
11.5,23.63,1070.1,3.9177,163.3,0.6,2.0,1010.7,87.9,1008.1,121.89
11.503,24.103,1073.3,4.1714,13.3,0.0,0.0,1013.1,28.1,1015.0,121.9
11.178,22.13,1064.4,3.0789,0.0,0.0,0.0,1010.0,0.0,1008.9,121.9
11.295,22.461,1065.9,3.9701,0.4,0.0,0.0,1014.9,5.2,1022.2,121.9
11.136,22.665,1064.1,2.7118,241.8,0.9,2.0,1011.2,90.3,1017.0,121.9
11.198,22.626,1066.1,4.0394,404.6,1.5,4.0,1010.9,87.9,1002.2,121.91
11.203,24.623,1063.5,2.6376,87.1,0.3,1.0,1024.4,89.4,1025.2,121.91
11.347,23.405,1069.2,3.9759,0.0,0.0,0.0,1010.1,89.0,1009.8,121.92
11.137,21.45,1062.7,2.6225,0.0,0.0,0.0,1016.3,89.0,1019.9,121.92
11.101,23.258,1064.8,2.6168,174.0,0.6,2.0,1016.3,50.0,1024.0,121.92
11.007,21.364,1062.2,2.6749,0.0,0.0,0.0,1017.1,87.9,1014.9,121.92
11.401,23.629,1068.2,3.687,0.0,0.0,0.0,1012.2,0.0,1015.8,121.92
11.397,22.945,1068.3,4.1083,0.0,0.0,0.0,1013.7,43.4,1014.7,121.93
11.127,20.905,1061.7,2.5802,0.0,0.0,0.0,1023.2,89.0,1026.0,121.93
11.347,23.536,1069.6,3.9127,0.0,0.0,0.0,1010.8,50.0,1012.8,121.93
11.191,24.102,1064.1,2.7381,110.2,0.4,1.0,1019.4,89.1,1019.0,121.93
11.52,24.155,1073.1,4.2012,413.7,1.5,4.0,1012.5,32.5,1007.9,121.94
11.464,23.431,1069.4,3.9276,205.3,0.7,2.0,1012.4,87.9,1006.2,121.94
11.399,23.739,1070.0,3.936,536.5,1.9,5.0,1006.8,0.0,1012.8,121.94
11.25,22.289,1065.2,3.9441,65.0,0.2,1.0,1015.8,47.4,1019.0,121.94
11.4,23.611,1070.6,3.9902,777.8,2.8,8.0,1011.0,49.0,1011.0,121.94
11.117,21.393,1058.9,2.8649,0.0,0.0,0.0,1023.7,89.1,1019.1,121.94
11.04,21.888,1062.5,2.591,0.0,0.0,0.0,1019.0,87.9,1014.1,121.95
11.143,21.542,1063.4,2.4754,0.0,0.0,0.0,1015.3,89.1,1021.3,121.95
11.093,21.208,1061.7,2.7739,0.0,0.0,0.0,1019.2,89.1,1015.3,121.95
11.412,22.927,1069.2,3.5634,0.0,0.0,0.0,1017.8,0.0,1019.9,121.95
11.076,21.667,1063.1,2.6132,0.0,0.0,0.0,1022.5,90.3,1023.1,121.95
11.501,24.263,1073.0,4.0938,770.1,2.8,8.0,1007.0,23.9,1015.0,121.95
11.428,23.268,1068.7,3.8856,21.6,0.1,0.0,1011.9,89.1,1008.1,121.95
11.097,21.283,1062.9,2.5199,172.0,0.6,2.0,1024.1,90.6,1020.1,121.95
11.354,23.071,1069.0,4.1711,438.6,1.6,4.0,1021.5,85.3,1014.0,121.96
11.416,23.153,1067.9,3.9493,0.0,0.0,0.0,1012.8,0.8,1008.0,121.96
11.177,21.287,1062.9,2.5215,0.0,0.0,0.0,1023.8,90.6,1020.1,121.97
11.077,21.633,1063.8,2.5469,192.4,0.7,2.0,1022.9,90.3,1025.2,121.97
11.177,21.563,1063.1,2.63,0.0,0.0,0.0,1023.4,89.4,1022.3,121.97
11.089,23.562,1061.6,2.9294,0.0,0.0,0.0,1002.1,30.0,1015.4,121.97
11.464,23.335,1069.4,3.8959,353.4,1.3,4.0,1010.1,20.8,1012.9,121.98
11.541,24.121,1072.4,4.0483,770.8,2.8,8.0,1007.1,27.4,1015.0,121.98
11.121,23.242,1063.3,2.6654,0.0,0.0,0.0,1013.5,89.0,1017.3,121.99
11.166,21.472,1063.1,2.6074,0.0,0.0,0.0,1019.7,89.0,1021.0,121.99
11.245,21.727,1064.8,3.1631,334.8,1.2,3.0,1028.8,49.3,1031.4,122.0
11.239,24.325,1064.9,2.7399,325.8,1.2,3.0,1016.2,48.8,1025.0,122.0
11.108,21.558,1063.2,3.0401,256.0,0.9,3.0,1016.7,60.0,1019.9,122.01
11.158,21.641,1060.2,2.9985,0.0,0.0,0.0,1016.8,87.9,1019.2,122.01
11.071,21.602,1063.5,2.5292,60.1,0.2,1.0,1016.3,90.6,1025.0,122.01
11.095,21.312,1063.3,2.5242,0.0,0.0,0.0,1024.0,90.6,1020.2,122.01
11.139,21.704,1063.3,2.6586,323.8,1.2,3.0,1012.7,82.0,1018.2,122.01
11.121,22.445,1063.4,2.6435,58.0,0.2,1.0,1019.8,14.3,1024.3,122.01
11.174,21.451,1063.1,2.5202,0.0,0.0,0.0,1022.4,90.3,1017.2,122.02
11.19,21.395,1063.0,2.5154,0.0,0.0,0.0,1022.9,90.3,1017.2,122.02
11.512,23.626,1070.6,4.0028,175.6,0.6,2.0,1013.3,26.3,1013.8,122.03
11.68,24.282,1073.9,4.1703,545.1,2.0,5.0,1012.2,26.3,1012.1,122.03
11.505,23.58,1070.1,3.9746,209.2,0.8,2.0,1013.3,23.9,1007.6,122.04
11.21,22.007,1065.6,3.1006,0.0,0.0,0.0,1015.2,0.0,1020.0,122.04
11.139,24.776,1063.5,2.8529,338.9,1.2,3.0,1003.9,23.9,1024.9,122.04
11.174,22.347,1063.4,2.5665,0.0,0.0,0.0,1021.1,89.1,1009.1,122.04
11.377,22.783,1067.8,4.0959,370.6,1.3,4.0,1015.2,86.9,1014.0,122.05
11.146,22.215,1064.9,3.9779,0.0,0.0,0.0,1015.3,30.0,1022.9,122.05
11.336,22.669,1067.8,4.0147,343.0,1.2,3.0,1020.2,53.6,1012.9,122.05
11.483,22.736,1069.8,3.6066,322.6,1.2,3.0,1022.1,51.2,1026.0,122.06
11.488,23.649,1069.6,3.9332,65.7,0.2,1.0,1006.7,0.0,1012.7,122.06
11.665,24.457,1073.6,4.2225,137.4,0.5,1.0,1006.3,1.3,1013.7,122.06
11.108,21.281,1062.4,2.6556,0.0,0.0,0.0,1019.9,90.3,1016.2,122.06
11.544,24.216,1073.6,4.1911,595.7,2.1,6.0,1011.5,48.3,1015.9,122.06
11.393,22.796,1070.0,3.6219,442.5,1.6,4.0,1022.3,51.2,1026.1,122.06
11.415,23.365,1068.4,3.4774,532.7,1.9,5.0,1014.9,43.4,1011.8,122.06
11.198,23.824,1064.1,2.7137,251.5,0.9,3.0,1020.8,87.9,1022.4,122.07
11.148,21.527,1062.7,2.5714,12.3,0.0,0.0,1013.5,87.9,1018.1,122.07
11.429,23.406,1068.6,3.9637,0.0,0.0,0.0,1006.5,0.0,1014.6,122.07
11.45,22.767,1069.8,3.612,296.6,1.1,3.0,1023.2,84.5,1026.2,122.07
11.402,23.486,1069.2,4.0491,322.8,1.2,3.0,1006.4,8.9,1012.8,122.07
11.168,22.429,1061.8,3.2312,78.8,0.3,1.0,1015.9,87.9,1015.0,122.07
11.427,23.122,1068.9,4.2546,0.0,0.0,0.0,1011.1,0.0,1011.9,122.07
11.299,22.47,1066.6,3.1584,0.0,0.0,0.0,1010.3,90.0,1009.9,122.07
11.04,21.237,1062.4,2.6081,0.0,0.0,0.0,1018.7,90.3,1021.2,122.08
11.279,22.565,1066.0,4.0844,0.0,0.0,0.0,1007.6,89.0,1005.8,122.08
11.433,23.469,1069.3,3.9228,0.9,0.0,0.0,1009.2,0.0,1013.8,122.08
11.114,21.379,1062.9,2.751,0.0,0.0,0.0,1014.9,90.3,1017.4,122.08
11.195,21.7,1063.2,2.71,0.0,0.0,0.0,1017.6,87.9,1015.0,122.08
11.415,23.919,1071.1,4.0214,0.0,0.0,0.0,1011.1,89.0,1009.1,122.08
11.457,23.614,1070.7,3.9571,0.0,0.0,0.0,1012.8,0.4,1015.8,122.09
11.267,22.272,1065.6,3.195,0.0,0.0,0.0,1007.7,44.6,1016.8,122.09
11.401,22.785,1067.6,4.1299,33.9,0.1,0.0,1018.0,0.0,1024.0,122.09
11.2,22.847,1067.3,4.0862,0.0,0.0,0.0,1015.3,65.5,1016.8,122.09
11.098,22.439,1062.0,3.1473,279.9,1.0,3.0,1013.9,27.5,1014.0,122.1
11.241,22.564,1066.3,4.0602,281.1,1.0,3.0,1010.2,87.9,1002.0,122.1
11.266,22.674,1065.6,3.9842,414.9,1.5,4.0,1015.9,43.8,1019.0,122.1
11.167,21.4,1062.4,2.5947,118.2,0.4,1.0,1015.4,87.9,1019.0,122.1
11.65,24.297,1073.5,4.1083,140.1,0.5,1.0,1012.4,40.0,1006.9,122.1
11.073,21.296,1063.3,2.6088,0.0,0.0,0.0,1018.9,89.0,1020.9,122.1
11.489,23.681,1070.8,3.9939,690.4,2.5,7.0,1013.0,43.6,1008.0,122.1
11.207,22.796,1063.7,2.8319,0.0,0.0,0.0,1016.7,77.9,1010.0,122.11
11.127,23.111,1064.3,2.7068,259.5,0.9,3.0,1011.1,90.3,1016.1,122.11
11.621,24.076,1072.9,4.1261,314.7,1.1,3.0,1013.3,0.0,1009.8,122.11
11.466,23.488,1070.2,3.9818,361.3,1.3,4.0,1013.9,25.3,1014.0,122.11
11.204,21.319,1063.4,2.5429,183.4,0.7,2.0,1024.1,90.6,1019.8,122.11
11.102,21.249,1062.4,2.5182,283.0,1.0,3.0,1020.2,90.6,1020.3,122.11
11.491,23.738,1070.5,3.9519,144.5,0.5,1.0,1010.9,81.7,1010.9,122.12
11.417,23.453,1069.4,4.254,0.2,0.0,0.0,1004.0,89.1,1019.0,122.12
11.26,22.931,1068.1,4.0787,509.9,1.8,5.0,1015.2,52.2,1014.0,122.12
11.115,21.308,1062.3,2.6399,0.0,0.0,0.0,1019.0,90.3,1021.1,122.12
11.198,22.234,1065.2,3.9739,0.0,0.0,0.0,1015.7,5.3,1022.8,122.12
11.239,22.694,1065.6,3.6059,0.0,0.0,0.0,1012.6,82.6,1018.0,122.13
11.153,21.291,1062.9,2.5646,69.9,0.3,1.0,1020.3,89.4,1018.2,122.13
11.209,24.798,1065.7,3.1112,0.0,0.0,0.0,1015.3,8.6,1014.1,122.14
11.097,21.539,1063.6,2.5826,0.0,0.0,0.0,1019.6,0.0,1019.1,122.14
11.525,24.102,1073.2,4.1587,0.0,0.0,0.0,1013.3,8.8,1014.9,122.15
11.165,21.177,1062.2,2.608,0.0,0.0,0.0,1023.7,89.0,1026.0,122.15
11.169,21.721,1063.2,2.5508,0.0,0.0,0.0,1022.0,89.1,1008.3,122.15
11.44,23.017,1068.8,4.1106,0.6,0.0,0.0,1014.3,86.7,1014.8,122.16
11.169,21.473,1063.2,2.5237,37.8,0.1,0.0,1017.8,89.3,1024.2,122.16
11.609,23.934,1072.2,4.1678,14.5,0.1,0.0,1013.7,5.0,1007.1,122.16
11.512,23.526,1070.2,3.947,0.0,0.0,0.0,1010.2,35.2,1011.8,122.16
11.189,22.204,1064.4,2.7777,120.3,0.4,1.0,1011.9,90.3,1022.1,122.17
11.195,22.222,1064.9,3.9139,0.0,0.0,0.0,1015.4,50.0,1018.8,122.17
11.022,23.014,1063.3,2.5773,95.0,0.3,1.0,1018.5,52.1,1014.2,122.17
11.432,23.883,1071.9,4.1219,0.0,0.0,0.0,1013.4,5.3,1010.0,122.17
11.181,21.417,1063.7,2.5552,0.0,0.0,0.0,1025.2,90.3,1021.3,122.17
11.337,23.319,1068.9,3.9314,0.0,0.0,0.0,1012.8,0.0,1007.8,122.18
11.637,24.221,1073.3,4.1321,621.3,2.2,6.0,1012.1,27.3,1012.9,122.18
11.29,22.541,1067.4,3.2003,0.0,0.0,0.0,1016.5,83.1,1016.9,122.18
11.087,21.289,1062.7,2.6322,0.0,0.0,0.0,1018.2,90.3,1021.3,122.18
11.257,21.802,1064.5,2.5668,0.7,0.0,0.0,1015.0,89.1,1021.7,122.18
11.102,22.807,1063.6,2.7087,0.0,0.0,0.0,1013.1,89.0,1017.3,122.19
11.58,24.502,1074.5,4.1838,327.6,1.2,3.0,1007.5,11.9,1014.9,122.19
11.541,24.167,1073.2,4.2017,299.7,1.1,3.0,1013.0,24.7,1007.9,122.19
11.064,23.902,1063.5,2.6109,0.0,0.0,0.0,1023.8,89.3,1025.8,122.19
11.473,24.022,1071.9,4.0671,0.0,0.0,0.0,1011.4,44.8,1012.0,122.19
11.45,23.983,1072.1,4.0512,572.8,2.1,6.0,1012.6,32.3,1012.9,122.19
11.134,21.905,1062.8,2.6062,387.0,1.4,4.0,1016.5,87.9,1018.1,122.2
11.174,23.328,1064.4,2.6674,274.0,1.0,3.0,1014.1,88.1,1018.0,122.2
11.199,22.375,1063.7,2.7266,0.0,0.0,0.0,1017.6,97.2,1015.0,122.21
11.185,21.568,1064.9,2.9713,0.0,0.0,0.0,1026.2,50.0,1021.2,122.21
11.182,21.361,1063.6,2.5337,0.0,0.0,0.0,1024.8,90.3,1021.1,122.21
11.164,21.396,1062.7,2.6556,0.0,0.0,0.0,1017.4,90.3,1022.1,122.22
11.344,23.435,1069.4,3.93,0.0,0.0,0.0,1012.8,0.0,1007.6,122.22
11.672,24.488,1074.5,4.2092,220.5,0.8,2.0,1012.8,26.3,1012.0,122.22
11.147,21.556,1062.5,2.5845,0.0,0.0,0.0,1006.9,82.0,1019.1,122.22
11.141,21.656,1063.8,2.545,2.7,0.0,0.0,1021.7,90.3,1024.4,122.22
11.104,24.228,1064.0,2.688,75.0,0.3,1.0,1017.5,89.1,1015.1,122.23
11.304,23.022,1068.6,4.1246,639.9,2.3,6.0,1015.8,82.9,1013.8,122.23
11.433,23.729,1070.4,3.9408,1.0,0.0,0.0,1010.8,54.8,1011.8,122.23
11.031,21.305,1062.8,2.519,0.0,0.0,0.0,1020.3,89.4,1020.1,122.23
11.204,21.353,1063.6,2.5562,158.7,0.6,2.0,1024.2,90.6,1020.0,122.23
11.231,22.371,1064.4,2.7407,55.8,0.2,1.0,1011.6,90.3,1022.1,122.25
11.175,23.633,1065.0,2.698,199.8,0.7,2.0,1012.8,90.3,1016.2,122.25
11.125,22.37,1064.4,2.6626,0.0,0.0,0.0,1016.6,0.0,1022.1,122.25
11.436,23.593,1069.5,3.9094,0.5,0.0,0.0,1006.5,0.0,1012.8,122.25
11.166,21.35,1063.1,2.5912,0.0,0.0,0.0,1023.6,50.8,1026.0,122.25
11.22,22.447,1066.4,3.1383,762.0,2.7,8.0,1008.5,0.0,1010.8,122.26
11.149,21.323,1063.6,2.5457,105.7,0.4,1.0,1024.1,90.6,1020.0,122.26
11.006,21.31,1062.6,2.6126,0.0,0.0,0.0,1020.4,89.1,1020.3,122.26
11.135,21.477,1063.3,2.5474,0.1,0.0,0.0,1018.7,90.3,1025.2,122.27
11.403,22.471,1067.9,3.522,238.6,0.9,2.0,1017.7,24.0,1021.0,122.27
11.121,22.013,1064.3,2.6481,0.0,0.0,0.0,1020.0,0.0,1018.1,122.27
11.053,22.422,1062.9,2.9482,30.7,0.1,0.0,1020.7,84.5,1013.0,122.27
11.145,25.468,1063.8,2.9854,0.0,0.0,0.0,1007.7,30.1,1027.1,122.28
11.188,21.319,1062.9,2.5747,149.1,0.5,1.0,1020.0,89.4,1018.2,122.28
11.065,22.389,1062.7,2.6499,13.7,0.0,0.0,1007.5,0.0,1022.1,122.28
11.226,23.719,1064.5,3.0715,219.7,0.8,2.0,1006.0,83.0,1014.4,122.28
11.113,24.209,1063.7,2.6159,10.9,0.0,0.0,1024.0,88.2,1025.9,122.29
11.042,21.697,1061.8,2.8914,165.5,0.6,2.0,1013.6,85.5,1011.2,122.29
11.131,21.357,1062.4,2.4834,0.0,0.0,0.0,1020.0,89.4,1019.1,122.29
11.129,21.451,1063.4,2.5358,0.0,0.0,0.0,1021.8,90.3,1017.1,122.29
11.324,22.803,1068.4,4.0835,41.1,0.1,0.0,1017.5,43.8,1013.8,122.29
11.159,21.434,1063.3,2.5137,13.0,0.0,0.0,1018.3,90.3,1024.4,122.29
11.464,23.58,1069.9,4.0101,0.0,0.0,0.0,1013.2,0.8,1007.9,122.3
11.099,21.345,1063.3,2.518,2.1,0.0,0.0,1023.5,90.6,1020.1,122.3
11.203,23.257,1064.5,2.7522,35.0,0.1,0.0,1013.4,89.1,1020.2,122.31
11.398,22.773,1067.6,4.0607,0.0,0.0,0.0,1017.4,22.2,1021.9,122.31
11.34,22.8,1067.6,3.8268,59.5,0.2,1.0,1011.7,0.0,1009.7,122.31
11.494,24.067,1068.6,4.0572,0.0,0.0,0.0,1005.0,0.0,1013.8,122.31
11.488,23.938,1071.3,3.9882,593.1,2.1,6.0,1005.5,0.0,1012.8,122.32
11.458,23.747,1070.3,4.0074,0.0,0.0,0.0,1010.9,87.9,1009.8,122.32
11.172,22.572,1064.7,2.6168,417.7,1.5,4.0,1019.5,50.0,1019.1,122.32
11.162,22.15,1063.6,2.6417,28.1,0.1,0.0,1015.5,90.3,1022.1,122.32
11.597,24.003,1071.9,4.0245,816.6,2.9,8.0,1011.8,83.4,1006.7,122.33
11.329,22.871,1068.8,4.1522,417.8,1.5,4.0,1020.9,55.7,1019.3,122.33
11.297,22.728,1068.0,3.6051,0.0,0.0,0.0,1012.0,0.0,1014.8,122.33
11.048,21.431,1063.6,2.5625,0.0,0.0,0.0,1023.5,89.1,1025.3,122.33
11.425,23.868,1071.6,4.0845,0.0,0.0,0.0,1012.8,14.9,1014.8,122.33
11.0,21.396,1063.0,2.4992,0.0,0.0,0.0,1021.7,89.4,1019.3,122.35
11.415,22.736,1067.9,4.0711,0.0,0.0,0.0,1017.1,30.0,1013.9,122.35
11.162,21.62,1063.5,2.5623,0.0,0.0,0.0,1014.7,89.1,1021.5,122.35
11.62,24.283,1073.5,4.1232,0.0,0.0,0.0,1011.4,90.0,1012.8,122.35
11.489,23.81,1071.5,4.0331,805.9,2.9,8.0,1012.7,43.6,1008.9,122.36
11.244,22.546,1065.5,4.0363,0.0,0.0,0.0,1013.3,85.3,1013.1,122.36
11.152,23.211,1062.4,2.7085,0.0,0.0,0.0,1019.9,14.9,1025.3,122.37
11.131,22.656,1062.0,2.678,0.0,0.0,0.0,1020.4,14.9,1026.1,122.37
11.227,22.723,1064.3,2.6217,0.0,0.0,0.0,1018.7,11.2,1019.9,122.38
11.513,23.783,1071.5,4.0165,303.4,1.1,3.0,1010.7,44.0,1011.9,122.38
11.424,23.79,1071.7,4.0418,651.0,2.3,7.0,1010.8,49.0,1011.8,122.39
11.456,23.696,1071.6,4.0325,858.5,3.1,9.0,1013.8,0.0,1010.0,122.39
11.105,21.43,1063.8,2.6241,0.0,0.0,0.0,1018.4,89.0,1020.9,122.39
11.23,22.654,1064.9,2.8148,93.5,0.3,1.0,1012.2,87.9,1022.1,122.39
11.35,22.871,1068.2,4.1553,477.6,1.7,5.0,1015.4,86.9,1014.0,122.39
11.669,24.352,1074.3,4.213,474.6,1.7,5.0,1011.8,43.4,1015.9,122.39
11.648,24.399,1074.3,4.1559,0.0,0.0,0.0,1011.0,20.9,1012.8,122.39
11.32,22.323,1067.1,3.395,0.0,0.0,0.0,1015.4,0.0,1019.8,122.39
11.459,23.394,1069.7,3.9286,131.6,0.5,1.0,1012.2,86.9,1007.1,122.39
11.419,23.271,1070.5,4.1524,394.5,1.4,4.0,1019.7,43.4,1014.8,122.4
11.171,21.478,1063.8,2.5754,162.1,0.6,2.0,1023.7,90.3,1023.3,122.4
11.125,24.245,1063.8,2.7639,0.0,0.0,0.0,1018.6,89.1,1015.3,122.4
11.135,22.461,1063.5,2.7513,0.0,0.0,0.0,1016.8,90.3,1017.4,122.4
11.446,23.407,1068.8,3.9611,0.0,0.0,0.0,1006.6,0.0,1014.0,122.4
11.255,21.993,1063.0,3.1305,4.4,0.0,0.0,1023.8,89.0,1018.1,122.41
11.209,22.649,1062.6,3.0592,176.7,0.6,2.0,1016.8,2.7,1019.2,122.41
11.3,22.61,1066.5,4.1173,187.0,0.7,2.0,1007.5,23.9,1007.9,122.42
11.156,22.117,1060.6,3.1992,260.2,0.9,3.0,1016.0,89.1,1014.0,122.42
11.215,21.627,1063.8,2.5352,71.1,0.3,1.0,1016.7,90.3,1024.2,122.42
11.588,24.29,1073.8,4.2206,567.4,2.0,6.0,1012.0,33.5,1007.9,122.42
11.118,21.974,1062.8,3.278,329.7,1.2,3.0,1011.6,84.0,1015.0,122.42
11.531,24.144,1073.2,4.1499,0.0,0.0,0.0,1013.2,50.0,1014.8,122.42
11.513,23.094,1069.9,4.0732,213.0,0.8,2.0,1020.0,25.7,1013.9,122.43
11.204,23.611,1063.9,2.661,0.0,0.0,0.0,1014.2,89.0,1018.0,122.43
11.054,21.454,1063.4,2.5112,0.0,0.0,0.0,1020.2,90.3,1025.2,122.43
11.417,23.229,1070.4,4.0967,53.7,0.2,1.0,1020.1,28.1,1013.8,122.43
11.228,21.901,1063.4,3.1384,0.0,0.0,0.0,1029.5,89.1,1009.0,122.43
11.258,21.779,1063.7,3.0408,0.0,0.0,0.0,1019.9,89.1,1014.2,122.44
11.608,24.329,1072.9,4.0959,879.6,3.2,9.0,1005.0,13.5,1013.0,122.44
11.582,24.223,1073.5,4.1305,652.5,2.3,7.0,1012.8,0.0,1009.9,122.44
11.511,24.032,1072.0,4.0151,727.8,2.6,7.0,1007.7,40.0,1014.7,122.44
11.189,23.082,1063.2,2.8239,0.0,0.0,0.0,1016.2,33.0,1019.0,122.44
11.22,21.96,1063.7,3.1464,0.0,0.0,0.0,1029.9,56.9,1008.0,122.44
11.541,24.527,1074.3,4.2607,498.4,1.8,5.0,1007.0,8.9,1017.8,122.46
11.333,22.615,1066.3,3.9652,271.9,1.0,3.0,1013.0,44.0,1021.9,122.46
11.547,23.563,1071.1,3.9924,702.5,2.5,7.0,1013.7,25.3,1015.0,122.46
11.635,23.925,1072.6,4.0958,392.3,1.4,4.0,1013.3,4.5,1010.0,122.46
11.366,23.242,1070.2,4.1314,695.2,2.5,7.0,1019.7,51.2,1013.9,122.46
11.404,23.732,1071.5,4.0699,0.0,0.0,0.0,1013.0,0.0,1009.8,122.47
11.309,25.61,1065.1,2.7851,154.3,0.6,2.0,1014.0,89.1,1024.0,122.47
11.185,23.801,1064.3,2.7392,229.9,0.8,2.0,1012.5,74.7,1023.2,122.47
11.589,24.631,1074.8,4.1781,500.7,1.8,5.0,1007.3,14.9,1015.0,122.48
11.267,24.686,1064.8,2.6402,82.0,0.3,1.0,1013.3,89.1,1018.1,122.48
11.336,23.56,1069.2,4.2493,0.0,0.0,0.0,1002.6,89.0,1020.0,122.48
11.344,22.945,1069.3,4.0815,0.0,0.0,0.0,1019.2,50.0,1013.8,122.48
11.131,23.652,1063.9,2.6194,147.2,0.5,1.0,1018.6,56.9,1014.4,122.49
11.417,23.922,1071.3,4.0212,0.0,0.0,0.0,1011.3,51.2,1012.0,122.51
11.184,22.807,1063.4,3.1511,0.0,0.0,0.0,1008.9,45.2,1020.0,122.51
11.261,22.68,1067.0,4.0999,361.6,1.3,4.0,1010.6,87.9,1000.9,122.51
11.16,21.471,1062.8,2.6517,0.0,0.0,0.0,1017.9,90.3,1021.3,122.51
11.475,23.96,1072.2,4.0568,434.8,1.6,4.0,1013.0,31.1,1012.9,122.51
11.486,23.95,1072.4,4.0902,752.5,2.7,8.0,1011.4,48.3,1015.8,122.51
11.158,22.615,1062.8,2.9199,0.0,0.0,0.0,1004.9,55.7,1018.1,122.52
11.484,23.996,1071.8,4.0131,0.0,0.0,0.0,1011.5,33.9,1005.9,122.52
11.163,21.478,1063.1,2.7805,0.0,0.0,0.0,1017.3,87.9,1014.3,122.53
11.489,23.215,1070.4,4.1272,328.2,1.2,3.0,1019.8,44.5,1014.0,122.53
11.149,23.406,1064.0,2.6733,0.0,0.0,0.0,1013.8,89.0,1017.3,122.53
11.17,24.881,1064.3,2.7803,10.0,0.0,0.0,1018.7,88.1,1016.0,122.53
11.52,24.419,1073.8,4.2498,316.8,1.1,3.0,1007.2,8.8,1017.0,122.53
11.521,24.165,1073.2,4.0536,697.4,2.5,7.0,1009.9,89.1,1015.0,122.53
11.17,21.594,1063.9,2.5606,167.7,0.6,2.0,1023.4,90.3,1024.1,122.53
11.03,21.468,1063.0,2.6837,0.0,0.0,0.0,1016.8,86.9,1014.2,122.54
11.524,23.763,1071.1,3.9953,389.5,1.4,4.0,1013.3,23.9,1007.7,122.54
11.148,23.667,1061.9,2.9187,5.5,0.0,0.0,1003.1,52.2,1010.3,122.54
11.394,23.333,1069.1,3.9973,0.0,0.0,0.0,1012.9,1.4,1007.8,122.54
11.354,23.639,1069.7,3.963,65.4,0.2,1.0,1007.0,0.0,1013.7,122.55
11.546,24.164,1073.1,4.1057,771.3,2.8,8.0,1012.4,23.9,1009.8,122.55
11.151,21.999,1064.8,3.0605,0.0,0.0,0.0,1010.7,89.1,1023.2,122.55
11.169,21.471,1063.2,2.6805,0.0,0.0,0.0,1020.0,90.3,1016.3,122.55
11.083,21.439,1064.0,2.5362,0.0,0.0,0.0,1024.3,90.6,1021.0,122.55
11.339,22.724,1067.1,4.1058,350.7,1.3,4.0,1007.9,23.9,1008.1,122.56
11.169,22.579,1064.4,2.7803,361.6,1.3,4.0,1011.5,87.9,1019.1,122.56
11.182,21.392,1063.8,2.5344,178.5,0.6,2.0,1024.1,90.6,1020.8,122.56
11.055,21.625,1063.5,2.6374,0.0,0.0,0.0,1015.7,87.9,1019.2,122.57
11.225,21.551,1063.9,2.6345,0.0,0.0,0.0,1017.6,89.0,1020.0,122.58
11.768,24.623,1075.5,4.2086,430.7,1.6,4.0,1012.6,26.3,1012.1,122.58
11.336,21.819,1065.2,3.1391,0.0,0.0,0.0,1030.0,0.0,1034.2,122.59
11.184,23.713,1064.7,3.0238,345.0,1.2,3.0,1012.6,89.1,1014.1,122.59
11.092,21.454,1063.6,2.6621,0.0,0.0,0.0,1020.8,89.1,1019.4,122.59
11.23,22.575,1064.1,2.6894,130.6,0.5,1.0,1019.4,87.9,1024.2,122.6
11.208,22.585,1062.8,3.0935,384.6,1.4,4.0,1017.8,43.6,1017.1,122.6
11.263,21.874,1065.0,2.5685,0.0,0.0,0.0,1015.3,89.1,1021.4,122.6
11.621,24.522,1075.1,4.1855,304.8,1.1,3.0,1010.3,20.8,1013.8,122.6
11.259,24.799,1064.6,2.6944,15.2,0.1,0.0,1016.5,89.1,1016.1,122.6
11.172,21.363,1063.1,2.5358,11.9,0.0,0.0,1020.1,90.6,1021.0,122.6
11.289,22.154,1064.3,3.1672,0.0,0.0,0.0,1030.4,89.1,1001.0,122.6
11.32,23.037,1066.4,2.7226,47.0,0.2,0.0,1015.6,0.0,1021.2,122.61
11.541,24.149,1073.3,4.1532,755.0,2.7,8.0,1011.6,48.3,1015.9,122.61
11.135,24.02,1064.0,2.8024,0.0,0.0,0.0,1018.8,87.9,1011.4,122.61
11.104,21.778,1064.8,2.5614,91.4,0.3,1.0,1015.5,90.3,1024.3,122.62
11.197,21.369,1063.8,2.5549,99.9,0.4,1.0,1024.2,90.3,1023.1,122.62
11.162,21.082,1062.5,2.5999,0.0,0.0,0.0,1023.4,89.0,1025.9,122.62
11.172,21.441,1063.3,2.5173,33.6,0.1,0.0,1020.3,89.4,1018.2,122.64
11.668,24.321,1073.3,4.2217,13.1,0.0,0.0,1008.2,50.0,1017.0,122.64
11.681,24.518,1074.2,4.2378,19.8,0.1,0.0,1006.8,1.3,1013.0,122.64
11.553,24.023,1072.2,3.9907,19.9,0.1,0.0,1010.0,84.5,1008.0,122.64
11.343,22.761,1069.1,3.4713,0.0,0.0,0.0,1015.8,0.0,1019.1,122.65
11.119,21.591,1064.3,2.5418,216.5,0.8,2.0,1023.3,90.3,1024.3,122.65
11.14,21.322,1062.5,2.6822,0.0,0.0,0.0,1019.5,89.1,1016.2,122.65
11.229,24.228,1064.3,2.6994,0.0,0.0,0.0,1015.2,89.0,1018.0,122.65
11.136,22.711,1064.7,2.7838,172.4,0.6,2.0,1011.2,90.3,1015.1,122.65
11.262,21.803,1064.8,2.5541,0.0,0.0,0.0,1015.5,89.1,1021.4,122.65
11.153,22.245,1061.6,3.216,0.0,0.0,0.0,1019.3,99.6,1020.2,122.67
11.188,21.671,1063.9,2.6384,0.0,0.0,0.0,1019.5,89.0,1020.9,122.67
11.491,23.532,1069.2,4.0134,0.0,0.0,0.0,1007.1,0.0,1014.0,122.67
11.434,23.114,1069.2,4.1166,316.0,1.1,3.0,1021.5,87.8,1013.2,122.67
11.236,25.526,1065.2,3.0791,299.4,1.1,3.0,1009.8,49.8,1006.9,122.67
11.326,22.594,1067.0,3.1091,338.3,1.2,3.0,1012.5,60.0,1007.9,122.67
11.155,21.732,1064.4,2.5652,157.3,0.6,2.0,1015.8,90.3,1025.1,122.67
11.567,23.989,1073.0,4.1283,0.0,0.0,0.0,1013.4,0.0,1009.1,122.68
11.222,21.717,1064.2,2.5289,0.0,0.0,0.0,1021.9,90.3,1024.3,122.69
11.279,22.463,1065.9,3.1709,0.0,0.0,0.0,1004.3,0.0,1016.1,122.69
11.433,23.306,1070.0,3.9209,825.3,3.0,8.0,1012.2,23.9,1010.6,122.69
11.027,21.408,1063.0,2.596,0.0,0.0,0.0,1012.2,1.5,1018.9,122.7
11.154,22.703,1061.2,3.2232,0.0,0.0,0.0,1000.1,89.0,1025.2,122.7
11.614,23.941,1072.6,4.1152,0.0,0.0,0.0,1013.4,0.0,1009.0,122.71
11.136,24.754,1064.2,2.9565,0.0,0.0,0.0,1016.0,89.1,1023.3,122.71
11.244,22.622,1065.2,3.5281,0.0,0.0,0.0,1005.5,89.0,1015.0,122.71
11.487,23.243,1069.8,4.1591,66.7,0.2,1.0,1014.2,86.1,1013.9,122.72
11.437,23.763,1071.7,4.0133,872.4,3.1,9.0,1014.4,23.9,1009.8,122.72
11.267,23.879,1066.2,2.7241,465.2,1.7,5.0,1016.9,23.9,1022.1,122.72
11.254,22.866,1067.2,3.5328,0.0,0.0,0.0,1011.2,89.1,1010.2,122.72
11.354,22.764,1067.4,4.0434,0.0,0.0,0.0,1017.2,29.3,1022.0,122.73
11.077,21.657,1063.5,2.6017,100.5,0.4,1.0,1013.0,85.5,1018.1,122.73
11.104,22.315,1061.6,3.1521,0.0,0.0,0.0,1017.7,4.8,1022.1,122.73
11.186,21.838,1063.8,2.6619,3.6,0.0,0.0,1016.0,90.3,1022.0,122.74
11.253,22.987,1064.6,2.7504,0.0,0.0,0.0,1017.7,89.1,1015.0,122.74
11.224,22.501,1064.4,2.654,265.8,1.0,3.0,1022.4,50.8,1024.2,122.74
11.132,24.597,1064.4,2.6372,385.5,1.4,4.0,1018.6,55.7,1014.3,122.74
11.482,23.885,1072.1,4.0332,437.1,1.6,4.0,1010.8,48.8,1011.8,122.74
11.178,22.187,1064.8,3.1578,0.0,0.0,0.0,1010.0,0.0,1009.0,122.74
11.065,22.357,1061.6,3.1282,0.0,0.0,0.0,1013.7,87.9,1015.1,122.75
11.535,23.862,1072.4,4.1145,0.0,0.0,0.0,1013.2,0.0,1009.7,122.76
11.324,26.717,1065.9,3.0143,0.0,0.0,0.0,1014.8,89.4,1018.3,122.76
11.178,21.615,1063.6,2.7555,0.0,0.0,0.0,1017.5,87.9,1015.0,122.76
11.601,24.017,1072.0,4.0467,552.0,2.0,6.0,1012.1,85.9,1005.8,122.76
11.214,22.817,1066.5,2.7154,347.4,1.3,3.0,1016.8,0.0,1022.0,122.76
11.197,22.648,1063.7,3.1832,0.0,0.0,0.0,1017.0,88.3,1022.2,122.76
11.166,21.61,1064.1,2.529,0.0,0.0,0.0,1021.3,90.3,1025.1,122.77
11.083,21.783,1064.2,2.6685,125.0,0.5,1.0,1012.2,82.0,1018.1,122.77
11.24,21.92,1055.9,2.9758,0.0,0.0,0.0,1018.7,0.0,1023.3,122.77
11.408,22.62,1069.2,3.5365,367.1,1.3,4.0,1022.4,48.3,1024.1,122.77
11.247,23.663,1064.8,2.6984,6.2,0.0,0.0,1019.9,89.1,1018.0,122.78
11.211,23.017,1063.8,2.8334,0.0,0.0,0.0,1016.4,41.2,1018.2,122.78
11.195,21.537,1063.5,2.5845,159.8,0.6,2.0,1020.4,89.4,1018.2,122.78
11.594,23.961,1072.6,4.1065,0.0,0.0,0.0,1014.9,0.4,1008.9,122.78
11.092,23.873,1060.9,2.6513,0.0,0.0,0.0,1013.2,77.6,1027.3,122.79
11.107,21.396,1063.1,2.5402,63.3,0.2,1.0,1020.5,90.6,1020.3,122.79
11.056,21.403,1063.2,2.5264,180.6,0.7,2.0,1020.6,90.6,1020.3,122.79
11.198,21.702,1064.0,2.5709,46.4,0.2,0.0,1017.3,90.3,1024.2,122.79
11.547,23.327,1071.0,4.1395,0.0,0.0,0.0,1019.8,29.5,1013.8,122.79
11.211,22.595,1066.4,3.1892,0.0,0.0,0.0,1009.9,0.0,1008.0,122.79
11.512,23.571,1070.5,3.9238,0.0,0.0,0.0,1009.8,16.3,1011.8,122.79
11.083,23.752,1064.3,2.6454,127.2,0.5,1.0,1019.8,90.3,1017.1,122.79
11.158,22.938,1066.1,2.7228,532.3,1.9,5.0,1016.8,23.9,1022.2,122.79
11.481,23.237,1070.1,4.0913,651.0,2.3,7.0,1019.8,51.2,1013.8,122.79
11.222,21.585,1063.9,2.5434,0.0,0.0,0.0,1021.2,90.3,1017.2,122.8
11.039,21.894,1058.9,3.0952,389.3,1.4,4.0,995.52,51.3,1019.0,122.81
11.235,22.595,1063.1,3.2316,0.0,0.0,0.0,1015.4,87.9,1019.1,122.81
11.522,23.614,1071.3,3.93,824.6,3.0,8.0,1014.8,0.0,1009.0,122.81
11.225,21.773,1064.5,2.5186,0.0,0.0,0.0,1021.8,90.3,1024.3,122.83
11.125,21.862,1063.9,2.6322,7.0,0.0,0.0,1020.0,90.3,1017.0,122.83
11.657,23.97,1072.9,4.1019,648.2,2.3,6.0,1013.4,0.0,1010.0,122.84
11.636,24.224,1072.6,4.0688,835.9,3.0,8.0,1005.1,13.5,1013.0,122.84
11.274,22.833,1063.7,3.149,0.0,0.0,0.0,1006.3,1.3,1019.1,122.84
11.257,24.334,1064.7,2.6633,256.2,0.9,3.0,1018.0,89.1,1014.3,122.84
11.055,21.41,1063.2,2.591,0.0,0.0,0.0,1013.4,1.5,1018.2,122.85
11.131,21.548,1063.9,2.5254,0.0,0.0,0.0,1022.7,90.3,1018.0,122.85
11.157,21.55,1063.2,2.5014,13.0,0.0,0.0,1020.2,89.4,1018.9,122.85
11.514,23.957,1072.4,3.9867,713.0,2.6,7.0,1010.5,83.1,1013.9,122.86
11.581,23.896,1072.3,4.0352,141.1,0.5,1.0,1010.6,2.3,1011.9,122.87
11.139,21.647,1063.8,2.7578,0.0,0.0,0.0,1014.0,90.3,1017.4,122.88
11.211,21.669,1064.5,3.063,0.0,0.0,0.0,1018.1,0.0,1019.3,122.88
11.504,23.778,1070.4,3.9541,0.0,0.0,0.0,1006.3,0.0,1013.0,122.88
11.45,23.334,1071.1,4.1445,0.4,0.0,0.0,1020.0,28.1,1013.8,122.89
11.2,21.823,1064.1,2.6766,0.0,0.0,0.0,1016.4,90.3,1022.1,122.89
11.227,22.547,1066.6,3.9705,0.0,0.0,0.0,1016.7,0.0,1021.9,122.89
11.099,21.669,1063.6,2.5946,225.5,0.8,2.0,1015.6,87.9,1019.0,122.9
11.275,22.433,1066.0,3.1745,0.0,0.0,0.0,1004.4,0.0,1016.1,122.9
11.141,22.881,1061.6,2.8759,0.0,0.0,0.0,1005.3,87.9,996.2,122.91
11.484,23.767,1071.8,4.0097,855.9,3.1,9.0,1011.4,43.3,1010.9,122.91
11.652,24.28,1073.2,4.2101,0.0,0.0,0.0,1008.4,50.0,1016.8,122.92
11.052,21.507,1063.6,2.5233,0.0,0.0,0.0,1021.3,89.4,1019.4,122.92
11.185,23.155,1064.6,2.9508,200.5,0.7,2.0,1008.9,89.1,1013.2,122.92
11.027,22.96,1062.9,2.6866,0.0,0.0,0.0,1019.0,4.6,1025.9,122.92
11.043,23.025,1063.0,2.6648,0.0,0.0,0.0,1019.0,4.6,1025.1,122.92
11.499,23.516,1070.4,3.9513,224.1,0.8,2.0,1009.6,14.9,1012.9,122.92
11.215,21.425,1063.9,2.5462,0.0,0.0,0.0,1022.7,89.1,1009.2,122.92
11.206,24.501,1064.9,2.7157,106.6,0.4,1.0,1016.9,89.1,1015.4,122.93
11.148,24.351,1065.0,2.6741,0.0,0.0,0.0,1020.1,87.9,1023.4,122.94
11.39,25.556,1069.1,3.2115,0.0,0.0,0.0,1014.3,56.9,1011.9,122.94
11.154,21.561,1063.0,2.6443,0.0,0.0,0.0,1019.5,90.3,1020.3,122.95
11.083,21.505,1063.4,2.4994,0.0,0.0,0.0,1020.0,89.4,1019.3,122.95
11.281,21.989,1065.6,2.5694,0.0,0.0,0.0,1015.1,89.1,1021.5,122.96
11.083,21.477,1064.2,2.5434,97.2,0.3,1.0,1024.0,90.3,1020.8,122.96
11.254,25.157,1065.1,2.7054,0.0,0.0,0.0,1016.0,89.1,1016.2,122.96
11.11,21.326,1061.2,2.8375,0.0,0.0,0.0,1016.6,78.2,1031.3,122.96
11.233,26.803,1065.0,2.9194,292.4,1.1,3.0,1005.9,89.3,1023.3,122.97
11.097,21.858,1062.5,3.0213,0.0,0.0,0.0,997.12,89.4,1021.3,122.98
11.251,21.396,1063.7,2.564,79.4,0.3,1.0,1019.8,89.4,1018.2,122.98
11.116,21.615,1064.7,2.5412,295.2,1.1,3.0,1023.2,90.3,1025.1,122.99
11.262,22.763,1064.3,3.1763,0.0,0.0,0.0,1013.2,94.2,1021.1,122.99
11.203,22.125,1063.8,2.6517,317.0,1.1,3.0,1017.2,87.9,1017.0,123.0
11.071,21.655,1064.0,2.5343,0.0,0.0,0.0,1014.6,89.1,1021.3,123.0
11.485,23.681,1070.9,4.0355,0.0,0.0,0.0,1010.1,89.0,1009.8,123.01
11.141,21.516,1063.5,2.6202,0.0,0.0,0.0,1019.9,90.3,1020.1,123.01
11.552,24.403,1073.0,4.0661,858.4,3.1,9.0,1006.3,0.0,1013.8,123.01
11.47,24.074,1072.1,4.0661,0.0,0.0,0.0,1009.1,0.0,1014.0,123.02
11.438,23.723,1069.9,4.2797,0.0,0.0,0.0,1002.4,51.2,1020.1,123.02
11.572,23.988,1072.3,4.0785,45.9,0.2,0.0,1010.8,43.6,1016.7,123.02
11.144,22.394,1063.5,2.7754,0.0,0.0,0.0,1016.2,40.0,1018.0,123.03
11.586,23.833,1072.4,4.0439,847.1,3.0,8.0,1012.9,25.3,1016.0,123.03
11.133,21.123,1063.6,2.9687,0.0,0.0,0.0,1033.3,8.7,1020.5,123.03
11.063,21.638,1064.3,2.4711,0.0,0.0,0.0,1014.7,89.1,1021.3,123.04
11.091,22.366,1063.7,2.6095,0.0,0.0,0.0,1018.5,87.9,1015.0,123.04
11.425,23.159,1069.7,4.1689,444.0,1.6,4.0,1016.6,50.7,1013.8,123.05
11.026,21.507,1063.6,2.5225,0.0,0.0,0.0,1020.1,89.4,1019.3,123.05
11.518,23.986,1072.0,4.0517,0.0,0.0,0.0,1010.1,43.6,1016.8,123.05
11.133,21.841,1063.7,2.9729,0.0,0.0,0.0,1013.7,89.1,1032.2,123.06
11.183,22.377,1064.2,2.6345,0.0,0.0,0.0,1020.2,89.0,1012.8,123.07
11.273,21.963,1065.3,3.1008,0.0,0.0,0.0,1009.2,60.0,1022.1,123.08
11.133,21.45,1063.6,2.6295,0.0,0.0,0.0,1020.4,56.9,1021.2,123.08
11.222,24.746,1064.6,2.886,5.3,0.0,0.0,1009.5,17.0,1014.4,123.08
11.144,21.96,1065.5,2.58,51.5,0.2,1.0,1015.2,90.3,1023.4,123.08
11.294,22.999,1068.0,3.6592,0.0,0.0,0.0,1013.7,0.0,1014.9,123.08
11.234,21.351,1065.1,3.0681,0.0,0.0,0.0,1031.6,83.4,1020.3,123.09
11.354,25.08,1066.9,3.1189,99.1,0.4,1.0,1016.5,89.1,1019.2,123.09
11.295,22.823,1063.9,3.1175,109.0,0.4,1.0,1017.1,2.7,1019.1,123.09
11.293,22.784,1066.4,3.4955,0.0,0.0,0.0,1003.3,91.5,1016.9,123.09
11.225,21.549,1064.2,2.5322,0.0,0.0,0.0,1022.9,90.3,1018.0,123.09
11.235,23.084,1064.3,2.7617,0.0,0.0,0.0,1016.6,90.3,1017.4,123.09
11.172,21.154,1063.6,3.0066,0.0,0.0,0.0,1033.1,8.7,1021.2,123.09
11.172,23.763,1066.1,2.7052,143.9,0.5,1.0,1012.7,90.3,1016.3,123.1
11.158,21.682,1064.1,2.6639,0.0,0.0,0.0,1016.9,90.3,1022.1,123.1
11.086,23.907,1063.3,2.6818,0.0,0.0,0.0,1019.3,14.9,1025.3,123.1
11.459,23.816,1070.6,4.3032,0.0,0.0,0.0,1002.3,26.8,1020.0,123.1
11.36,23.044,1064.9,3.2387,317.0,1.1,3.0,1008.6,76.6,1020.1,123.11
11.243,22.206,1066.0,3.0882,0.0,0.0,0.0,1017.1,2.3,1019.3,123.11
11.251,25.486,1066.0,2.7221,360.2,1.3,4.0,1015.3,87.6,1023.1,123.12
11.676,24.576,1074.6,4.1717,793.8,2.9,8.0,1005.1,11.9,1013.9,123.12
11.46,23.598,1071.4,3.9866,870.2,3.1,9.0,1011.9,43.6,1010.8,123.12
11.223,21.944,1066.1,3.0793,0.0,0.0,0.0,1016.6,89.1,1010.0,123.12
11.23,21.778,1064.6,2.571,0.0,0.0,0.0,1021.8,90.3,1024.3,123.12
11.654,23.97,1072.9,4.0697,824.9,3.0,8.0,1012.7,44.5,1016.0,123.13
11.416,23.457,1071.5,4.1864,571.6,2.1,6.0,1019.7,44.0,1014.0,123.13
11.58,23.973,1073.1,4.1185,783.5,2.8,8.0,1013.6,10.0,1010.0,123.13
11.328,22.665,1067.7,3.1472,0.0,0.0,0.0,1012.8,0.0,1018.0,123.13
11.562,23.844,1071.6,3.943,528.9,1.9,5.0,1010.5,26.8,1013.0,123.13
11.209,21.533,1064.0,2.6004,117.8,0.4,1.0,1020.6,89.4,1018.2,123.15
11.116,21.379,1063.2,2.8219,0.0,0.0,0.0,1014.5,46.0,1030.5,123.16
11.501,24.381,1073.3,4.1388,0.0,0.0,0.0,1007.1,0.0,1013.0,123.16
11.523,24.006,1072.8,4.1163,685.2,2.5,7.0,1011.6,50.0,1015.8,123.16
11.179,24.235,1065.1,2.6745,0.0,0.0,0.0,1015.4,89.0,1017.2,123.17
11.548,24.241,1073.0,4.0643,172.3,0.6,2.0,1004.4,1.6,1005.0,123.17
11.131,23.067,1058.9,2.6924,0.0,0.0,0.0,1018.8,89.1,1013.3,123.17
11.24,22.612,1066.1,2.7315,486.5,1.8,5.0,1015.7,23.3,1023.3,123.17
11.165,22.096,1061.0,3.1157,357.6,1.3,4.0,1002.4,31.1,1015.9,123.18
11.13,21.585,1064.2,2.5403,0.0,0.0,0.0,1022.9,90.3,1018.0,123.18
11.172,21.675,1063.6,3.0031,0.0,0.0,0.0,1006.1,90.6,1026.3,123.18
11.598,24.405,1073.7,4.1617,0.0,0.0,0.0,1007.4,5.2,1012.9,123.19
11.212,23.716,1065.5,2.8962,82.8,0.3,1.0,1013.3,89.1,1018.2,123.19
11.392,22.645,1068.0,3.1493,0.0,0.0,0.0,1012.7,82.1,1019.9,123.19
11.537,23.77,1071.3,3.9833,53.2,0.2,1.0,1012.9,0.0,1007.6,123.19
11.018,21.978,1063.0,3.2995,0.0,0.0,0.0,1009.9,87.1,1017.2,123.21
11.438,23.959,1056.2,3.2697,402.7,1.4,4.0,1017.4,0.0,1023.1,123.22
11.307,22.822,1066.5,3.5127,0.0,0.0,0.0,1003.8,100.0,1016.0,123.22
11.254,25.21,1064.8,2.8364,254.6,0.9,3.0,1006.3,30.0,1021.0,123.22
11.349,22.634,1068.6,3.5157,0.0,0.0,0.0,1011.2,40.0,1013.0,123.22
11.263,25.148,1065.6,2.7216,291.0,1.0,3.0,1014.9,49.8,1025.9,123.22
11.466,23.916,1071.9,4.0623,0.0,0.0,0.0,1009.6,50.0,1017.8,123.22
11.108,22.534,1062.8,3.3871,0.0,0.0,0.0,1015.6,87.9,1018.1,123.23
11.208,22.711,1063.2,3.211,126.3,0.5,1.0,1015.6,87.9,1015.0,123.24
11.145,22.441,1064.9,2.6421,190.5,0.7,2.0,1022.3,83.1,1024.2,123.24
11.096,22.304,1064.1,2.8531,0.0,0.0,0.0,1018.4,97.2,1015.2,123.24
11.611,23.965,1072.2,4.0519,39.1,0.1,0.0,1013.0,25.7,1013.9,123.24
11.138,24.287,1065.2,2.6717,0.0,0.0,0.0,1015.4,89.1,1017.1,123.24
11.158,22.66,1063.1,3.1825,112.2,0.4,1.0,1014.7,50.8,1017.2,123.25
11.059,22.0,1063.2,3.3223,0.0,0.0,0.0,1010.2,87.1,1017.0,123.25
11.214,21.69,1064.6,2.4673,0.0,0.0,0.0,1015.1,89.1,1021.3,123.26
11.559,24.013,1072.6,4.0319,765.5,2.8,8.0,1012.8,43.6,1008.8,123.27
11.171,21.528,1063.2,2.7074,0.0,0.0,0.0,1015.2,90.3,1017.4,123.27
11.546,23.928,1071.3,3.9931,200.4,0.7,2.0,1007.1,0.0,1013.7,123.28
11.749,24.769,1075.2,4.1768,673.1,2.4,7.0,1005.3,11.9,1013.9,123.28
11.079,21.535,1064.1,2.5494,111.1,0.4,1.0,1020.6,90.6,1020.3,123.28
11.236,24.105,1066.5,2.7164,539.8,1.9,5.0,1016.1,23.9,1023.1,123.29
11.615,24.032,1073.0,4.0614,18.0,0.1,0.0,1010.4,28.1,1011.8,123.31
11.22,21.465,1057.2,2.6499,0.0,0.0,0.0,1018.3,90.0,1011.0,123.31
11.142,23.621,1064.9,2.6211,33.3,0.1,0.0,1018.8,89.1,1010.0,123.31
11.557,24.382,1073.2,4.0442,805.0,2.9,8.0,1006.5,0.0,1013.7,123.31
11.158,22.531,1064.8,3.0165,0.0,0.0,0.0,1016.6,76.9,1016.2,123.32
11.149,22.207,1064.2,2.6364,105.0,0.4,1.0,1017.9,87.9,1016.0,123.32
11.134,21.607,1064.3,2.8456,0.0,0.0,0.0,1012.0,89.1,1015.0,123.33
11.361,22.962,1069.7,4.1011,0.0,0.0,0.0,1018.7,8.8,1013.9,123.33
11.185,21.994,1065.7,2.5298,9.9,0.0,0.0,1015.0,89.1,1022.5,123.34
11.29,22.696,1063.6,3.2367,0.0,0.0,0.0,1015.7,87.9,1019.1,123.34
11.344,22.238,1065.2,3.1781,0.0,0.0,0.0,1030.1,89.1,1005.9,123.36
11.187,22.887,1065.4,2.7364,311.6,1.1,3.0,1012.1,85.3,1018.0,123.36
11.168,24.882,1065.8,2.7187,164.7,0.6,2.0,1017.4,89.1,1015.1,123.37
11.249,21.727,1064.7,2.6619,0.0,0.0,0.0,1016.8,89.0,1019.9,123.37
11.278,23.126,1068.1,4.1626,0.0,0.0,0.0,1009.2,89.0,1013.8,123.37
11.226,23.0,1063.3,3.2583,5.5,0.0,0.0,1006.7,51.3,1021.3,123.38
11.553,23.55,1071.9,4.2854,515.5,1.9,5.0,1020.4,23.9,1022.1,123.38
11.49,23.882,1071.5,3.7278,0.0,0.0,0.0,1009.8,5.2,1015.0,123.38
11.303,25.078,1065.4,2.6961,88.0,0.3,1.0,1023.8,89.4,1025.2,123.38
11.321,22.544,1068.8,3.526,0.0,0.0,0.0,1016.5,0.0,1018.2,123.39
11.124,21.704,1064.6,2.4646,0.0,0.0,0.0,1014.9,89.1,1021.3,123.39
11.543,24.24,1073.9,4.1685,0.0,0.0,0.0,1013.0,69.9,1014.1,123.39
11.087,21.548,1064.2,2.5513,0.0,0.0,0.0,1020.9,89.4,1020.1,123.41
11.228,22.445,1066.7,3.9474,0.0,0.0,0.0,1016.2,32.3,1022.0,123.41
11.147,23.08,1065.3,2.6458,60.9,0.2,1.0,1014.9,90.3,1022.1,123.42
11.337,24.328,1067.2,3.1316,0.0,0.0,0.0,1015.5,0.0,1015.1,123.42
11.207,21.766,1064.5,2.6094,214.2,0.8,2.0,1012.9,84.5,1017.3,123.43
11.112,21.521,1063.7,2.6899,0.0,0.0,0.0,1019.8,89.1,1016.1,123.45
11.209,22.376,1055.5,3.2786,460.8,1.7,5.0,1012.0,89.1,1001.1,123.46
11.209,21.681,1065.2,3.0021,0.0,0.0,0.0,1019.8,89.1,1013.1,123.48
11.152,21.342,1064.5,2.6906,0.0,0.0,0.0,1017.5,89.1,1011.1,123.48
11.198,21.739,1064.4,2.8252,0.0,0.0,0.0,1010.6,84.3,1016.1,123.5
11.424,23.772,1070.9,3.8017,0.0,0.0,0.0,1011.1,0.0,1014.8,123.5
11.366,23.209,1069.2,3.8573,0.0,0.0,0.0,1008.6,1.6,1012.8,123.5
11.396,23.144,1065.6,3.2773,364.8,1.3,4.0,1007.3,76.6,1020.0,123.51
11.308,22.804,1066.2,2.7125,368.3,1.3,4.0,1015.3,49.8,1026.0,123.51
11.392,23.12,1070.3,4.0602,605.4,2.2,6.0,1020.1,51.2,1013.8,123.51
11.2,21.565,1064.2,2.5529,220.0,0.8,2.0,1020.4,90.6,1020.3,123.53
11.384,23.055,1070.0,3.6074,435.8,1.6,4.0,1011.1,81.0,1015.0,123.53
11.203,21.593,1064.0,2.5321,0.0,0.0,0.0,1027.4,90.6,1021.1,123.54
11.234,21.877,1064.9,3.077,130.1,0.5,1.0,1017.1,60.0,1019.9,123.55
11.572,23.781,1071.4,3.9829,69.5,0.3,1.0,1009.4,0.0,1013.0,123.55
11.41,22.831,1069.5,3.4124,175.7,0.6,2.0,1011.9,5.2,1015.8,123.56
11.137,22.096,1065.3,2.6699,245.7,0.9,2.0,1012.5,80.8,1018.1,123.57
11.344,25.142,1066.5,2.7212,368.9,1.3,4.0,1015.9,88.1,1023.9,123.59
11.148,24.973,1065.8,2.7067,217.4,0.8,2.0,1017.4,89.1,1015.1,123.6
11.218,21.97,1064.9,3.9841,0.0,0.0,0.0,1017.2,76.1,1020.2,123.61
11.303,23.195,1067.6,3.493,0.0,0.0,0.0,1003.4,89.1,1011.0,123.61
11.397,22.701,1068.1,3.1477,0.0,0.0,0.0,1009.1,86.9,1021.0,123.62
11.3,23.754,1065.6,2.7347,8.3,0.0,0.0,1017.6,89.1,1015.0,123.63
11.319,24.672,1066.5,2.7257,274.2,1.0,3.0,1016.4,88.1,1024.1,123.63
11.496,23.891,1073.0,4.0495,801.7,2.9,8.0,1013.3,25.3,1015.9,123.64
11.249,22.525,1063.0,3.5969,0.0,0.0,0.0,1017.7,49.4,1025.2,123.64
11.261,22.3,1065.2,2.688,0.0,0.0,0.0,1020.9,90.3,1019.3,123.65
11.567,23.934,1071.3,3.9336,0.0,0.0,0.0,1006.4,0.0,1013.7,123.67
11.154,21.572,1063.9,2.5236,0.0,0.0,0.0,1028.9,90.6,1021.1,123.68
11.041,23.503,1063.9,2.6757,0.0,0.0,0.0,1019.2,87.8,1026.0,123.69
11.266,22.869,1064.9,3.6256,665.5,2.4,7.0,1003.6,49.4,1016.0,123.7
11.457,23.877,1071.0,3.7137,0.0,0.0,0.0,1008.3,0.0,1009.9,123.72
11.263,22.537,1066.7,3.9598,0.0,0.0,0.0,1015.1,40.4,1017.0,123.72
11.227,24.468,1066.8,2.7543,36.1,0.1,0.0,1013.0,89.1,1020.2,123.72
11.225,21.621,1063.8,2.575,0.0,0.0,0.0,1029.2,58.4,1021.3,123.72
11.287,24.034,1067.2,3.0855,0.0,0.0,0.0,1016.8,90.0,1019.3,123.74
11.665,24.271,1074.6,4.1777,296.8,1.1,3.0,1013.1,25.7,1015.9,123.74
11.485,23.231,1068.3,4.1399,371.6,1.3,4.0,1014.5,89.1,1013.9,123.74
11.143,22.501,1062.4,3.1433,0.0,0.0,0.0,1023.3,1.5,1025.1,123.74
11.402,22.831,1069.4,3.2179,419.7,1.5,4.0,1017.5,51.0,1012.1,123.75
11.187,24.828,1065.9,2.7179,0.0,0.0,0.0,1015.7,89.1,1016.4,123.75
11.196,21.938,1065.1,2.8175,0.0,0.0,0.0,1010.4,84.3,1016.2,123.76
11.718,24.213,1074.2,4.1385,732.1,2.6,7.0,1012.6,25.8,1016.0,123.76
11.366,27.902,1067.2,3.1435,0.0,0.0,0.0,1020.1,68.6,1013.8,123.77
11.229,22.407,1063.3,3.1847,0.0,0.0,0.0,1021.3,89.0,1012.1,123.77
11.329,24.062,1066.4,2.7101,50.2,0.2,1.0,1023.1,89.4,1023.1,123.77
11.282,24.43,1066.7,2.7425,364.0,1.3,4.0,1014.9,87.6,1022.9,123.77
11.472,23.923,1071.7,3.9558,8.5,0.0,0.0,1010.7,23.9,1007.8,123.78
11.205,23.293,1066.5,2.7426,25.7,0.1,0.0,1014.4,88.1,1022.0,123.78
11.372,22.847,1068.8,3.2115,103.4,0.4,1.0,1011.1,0.0,1018.6,123.79
11.451,22.997,1069.8,3.6152,231.7,0.8,2.0,1006.7,89.1,1009.0,123.79
11.584,24.032,1073.2,4.045,0.0,0.0,0.0,1010.4,0.9,1011.8,123.8
11.109,22.537,1062.9,3.2651,0.0,0.0,0.0,1015.6,87.9,1018.0,123.8
11.25,22.157,1059.1,2.7265,0.0,0.0,0.0,1009.9,48.8,1015.2,123.81
11.135,24.241,1065.5,2.6626,248.7,0.9,2.0,1018.7,55.7,1015.1,123.82
11.263,22.171,1065.0,2.6615,0.0,0.0,0.0,1019.5,89.0,1012.1,123.83
11.286,23.099,1066.7,2.6828,292.3,1.1,3.0,1019.3,47.5,1017.0,123.84
11.431,22.302,1068.7,3.514,0.0,0.0,0.0,1021.5,0.0,1024.9,123.84
11.508,24.075,1072.0,3.8773,0.0,0.0,0.0,1009.6,86.9,1008.6,123.85
11.244,23.707,1066.8,2.7318,446.7,1.6,4.0,1017.3,43.8,1022.0,123.86
11.138,21.463,1064.0,2.9107,0.0,0.0,0.0,1018.9,89.1,1004.1,123.87
11.227,24.577,1067.3,2.788,317.3,1.1,3.0,1016.2,52.3,1025.1,123.87
11.404,22.595,1068.3,3.2388,95.8,0.3,1.0,1006.9,87.9,1021.0,123.88
11.319,22.054,1065.9,3.1419,0.0,0.0,0.0,1010.7,40.0,1022.2,123.88
11.319,22.16,1066.3,3.143,0.0,0.0,0.0,1009.5,40.0,1022.2,123.89
11.249,22.343,1065.0,3.0471,0.0,0.0,0.0,1016.9,43.6,1016.2,123.89
11.263,22.647,1066.5,2.7204,0.0,0.0,0.0,1009.7,89.0,1017.0,123.89
11.409,22.747,1068.8,3.2395,0.0,0.0,0.0,1008.2,30.8,1016.8,123.9
11.598,24.081,1073.3,3.7808,2.6,0.0,0.0,1015.7,51.2,1011.0,123.9
11.525,23.964,1072.3,4.0316,1.3,0.0,0.0,1010.3,83.1,1009.0,123.9
11.309,24.085,1062.6,2.9674,161.6,0.6,2.0,1015.9,53.3,1017.1,123.91
11.276,21.91,1065.8,3.0919,0.0,0.0,0.0,1018.0,30.0,1019.3,123.92
11.274,22.553,1067.2,3.2132,0.0,0.0,0.0,1000.3,0.0,1010.0,123.93
11.726,24.32,1074.7,4.1708,629.0,2.3,6.0,1012.6,25.8,1015.9,123.93
11.524,24.01,1071.6,3.9199,0.0,0.0,0.0,1007.3,0.0,1005.9,123.93
11.326,22.126,1066.0,3.1124,0.0,0.0,0.0,1010.9,51.3,1022.2,123.94
11.257,21.616,1065.7,3.0656,0.0,0.0,0.0,1026.0,46.0,1012.5,123.96
11.349,22.82,1064.9,3.2124,0.0,0.0,0.0,1017.9,86.7,1023.0,123.97
11.292,22.976,1065.8,2.6893,0.0,0.0,0.0,1003.4,52.3,1018.2,123.97
11.144,22.238,1065.1,2.6257,0.0,0.0,0.0,1019.4,89.0,1013.0,123.97
11.241,21.935,1065.8,3.0585,0.0,0.0,0.0,1014.1,60.0,1022.0,123.98
11.302,22.277,1067.7,3.0891,9.1,0.0,0.0,1015.1,91.7,1014.0,123.98
11.459,23.25,1066.1,3.37,0.0,0.0,0.0,1013.7,0.0,1019.0,123.98
11.16,24.185,1066.0,2.8468,0.0,0.0,0.0,1018.7,87.9,1012.3,123.98
11.253,22.213,1065.7,2.9821,46.1,0.2,0.0,1015.9,8.2,1015.2,123.99
11.226,22.139,1066.0,3.1107,0.0,0.0,0.0,1012.3,60.0,1022.1,124.01
11.33,23.142,1068.0,3.5716,0.0,0.0,0.0,1003.1,0.0,1015.1,124.02
11.312,22.544,1066.4,3.2277,6.9,0.0,0.0,1029.9,87.9,1001.0,124.02
11.459,23.757,1071.9,3.9933,0.0,0.0,0.0,1012.9,0.0,1009.8,124.05
11.349,22.105,1066.9,3.1208,0.0,0.0,0.0,1016.7,89.1,1010.0,124.05
11.479,23.674,1071.0,3.754,0.0,0.0,0.0,1008.8,0.0,1004.8,124.06
11.654,24.356,1074.9,4.1762,456.3,1.6,5.0,1012.8,25.1,1016.0,124.06
11.312,21.99,1065.9,3.0834,17.6,0.1,0.0,1017.3,60.0,1019.9,124.08
11.316,22.34,1068.5,3.1239,0.0,0.0,0.0,1020.2,8.8,1022.1,124.09
11.207,23.245,1066.7,2.6965,21.8,0.1,0.0,1009.2,90.3,1017.1,124.1
11.073,22.181,1060.8,3.0807,203.1,0.7,2.0,995.4,49.8,1020.1,124.11
11.444,23.063,1070.7,4.1287,722.7,2.6,7.0,1026.0,24.6,1018.0,124.12
11.18,22.082,1066.2,3.0935,30.8,0.1,0.0,1015.3,40.0,1022.2,124.12
11.249,21.641,1064.8,2.5775,0.0,0.0,0.0,1020.1,90.6,1021.1,124.12
11.26,21.692,1066.1,3.0348,0.0,0.0,0.0,1033.3,0.0,1021.4,124.12
11.622,23.239,1072.7,3.5867,337.6,1.2,3.0,1018.5,24.0,1018.6,124.13
11.2,22.833,1062.8,3.3766,0.0,0.0,0.0,1003.9,89.1,1016.2,124.13
11.186,22.821,1064.3,3.3242,0.0,0.0,0.0,1015.7,87.9,1019.0,124.13
11.553,23.627,1071.6,4.1605,173.1,0.6,2.0,1015.4,51.2,1011.8,124.13
11.358,24.023,1067.1,2.7395,332.3,1.2,3.0,1017.0,43.8,1022.0,124.15
11.52,23.178,1071.4,3.5238,538.9,1.9,5.0,1017.1,0.0,1019.7,124.15
11.231,22.097,1066.5,3.0743,143.8,0.5,1.0,1015.3,40.0,1022.2,124.16
11.28,22.409,1066.3,2.7101,224.8,0.8,2.0,1012.7,40.0,1018.1,124.16
11.464,23.738,1071.7,3.9402,0.0,0.0,0.0,1009.3,8.8,1011.9,124.18
11.219,21.361,1065.3,3.0553,0.0,0.0,0.0,1032.8,54.8,1018.5,124.2
11.28,22.744,1063.8,3.2043,0.0,0.0,0.0,1017.8,0.0,1022.1,124.2
11.25,22.424,1063.6,3.1988,0.0,0.0,0.0,1021.6,89.0,1012.1,124.21
11.338,24.412,1067.2,2.7286,124.4,0.4,1.0,1023.1,89.4,1023.3,124.22
11.286,21.965,1066.2,3.0986,0.0,0.0,0.0,1017.7,40.0,1020.0,124.22
11.317,22.916,1067.5,3.4691,0.0,0.0,0.0,1011.7,0.0,1014.0,124.23
11.173,21.979,1065.6,2.6594,0.0,0.0,0.0,1019.9,89.0,1012.9,124.24
11.533,23.634,1074.1,3.5887,670.7,2.4,7.0,1018.0,0.0,1020.8,124.25
11.284,22.694,1067.0,2.6879,0.0,0.0,0.0,1010.8,86.4,1016.1,124.25
11.401,23.557,1069.9,3.747,0.0,0.0,0.0,1006.5,89.0,1011.9,124.26
11.54,23.622,1071.6,4.261,0.0,0.0,0.0,1009.8,23.9,1016.8,124.26
11.17,21.578,1065.2,2.9925,0.0,0.0,0.0,1033.1,8.7,1021.2,124.26
11.265,25.751,1065.7,3.0442,0.0,0.0,0.0,1017.6,89.1,1014.3,124.26
11.295,22.033,1066.3,3.0797,0.0,0.0,0.0,1011.7,31.5,1022.1,124.27
11.633,24.27,1073.0,3.9811,96.9,0.3,1.0,1003.3,0.0,1010.7,124.3
11.228,21.864,1065.5,2.7779,0.0,0.0,0.0,1015.6,90.3,1016.7,124.31
11.437,23.283,1069.5,4.089,215.0,0.8,2.0,1011.3,87.9,1005.7,124.31
11.339,22.105,1059.7,3.182,0.0,0.0,0.0,1031.5,0.0,1027.3,124.32
11.617,24.236,1073.1,3.8848,487.3,1.8,5.0,1008.6,0.0,1014.7,124.32
11.341,23.031,1065.4,3.2296,0.0,0.0,0.0,1013.7,85.6,1019.2,124.34
11.349,21.999,1066.5,3.0368,254.8,0.9,3.0,1015.3,40.0,1022.2,124.35
11.215,22.17,1064.5,2.919,2.3,0.0,0.0,1015.9,89.1,1001.0,124.36
11.389,22.469,1068.6,3.1043,551.6,2.0,6.0,1016.0,47.5,1014.0,124.39
11.445,23.001,1069.7,3.1675,5.0,0.0,0.0,1009.5,86.9,1021.1,124.4
11.084,23.276,1063.3,2.6456,0.0,0.0,0.0,1016.7,89.1,1003.0,124.41
11.412,22.341,1068.2,3.1146,0.0,0.0,0.0,1014.8,75.8,1013.3,124.41
11.399,26.678,1067.7,3.016,384.9,1.4,4.0,1008.6,90.3,1023.3,124.41
11.235,21.558,1064.9,2.6277,0.0,0.0,0.0,1023.7,89.0,1026.9,124.43
11.384,23.1,1067.3,2.7268,0.0,0.0,0.0,1010.4,89.0,1016.1,124.45
11.352,22.08,1066.6,3.0713,337.3,1.2,3.0,1015.3,40.0,1022.0,124.45
11.376,26.543,1069.0,3.1845,873.0,3.1,9.0,1012.8,0.0,1012.1,124.45
11.186,22.123,1066.3,3.0676,331.2,1.2,3.0,1016.2,60.0,1020.0,124.45
11.428,22.928,1069.8,4.1694,0.0,0.0,0.0,1018.0,50.0,1021.6,124.46
11.346,22.962,1064.9,3.087,256.0,0.9,3.0,1020.0,30.6,1021.2,124.46
11.281,21.609,1066.1,3.0453,0.0,0.0,0.0,1033.3,8.7,1021.3,124.47
11.625,24.477,1075.0,4.0897,549.3,2.0,5.0,1010.1,85.5,1014.0,124.47
11.422,22.846,1069.2,3.331,0.0,0.0,0.0,1002.5,41.7,1019.0,124.48
11.234,22.713,1063.9,3.3367,0.0,0.0,0.0,1015.5,87.9,1018.0,124.49
11.244,23.043,1065.3,2.8579,19.8,0.1,0.0,1014.8,50.8,1030.4,124.5
11.378,23.017,1065.5,3.1327,142.5,0.5,1.0,1018.1,75.5,1019.2,124.51
11.308,22.848,1067.3,3.6815,0.0,0.0,0.0,1011.1,1.0,1019.0,124.52
11.14,21.906,1065.7,2.6361,0.0,0.0,0.0,1020.4,90.3,1020.0,124.52
11.261,22.213,1066.5,3.122,0.0,0.0,0.0,1013.3,60.0,1022.0,124.52
11.182,22.316,1062.6,3.142,0.0,0.0,0.0,1000.2,77.6,1018.0,124.54
11.454,23.599,1071.1,3.9019,0.0,0.0,0.0,1008.9,1.8,1012.8,124.54
11.331,22.72,1064.7,3.2546,0.0,0.0,0.0,1021.3,89.0,1011.3,124.56
11.318,22.462,1067.1,3.0278,178.1,0.6,2.0,1014.4,89.1,1033.3,124.57
11.193,21.713,1065.4,2.933,0.0,0.0,0.0,1023.6,89.1,1019.1,124.6
11.242,22.742,1066.8,2.6585,5.9,0.0,0.0,1023.3,89.4,1022.3,124.61
11.452,23.37,1071.7,3.2367,3.3,0.0,0.0,1011.8,0.0,1014.8,124.61
11.337,22.337,1067.0,3.1743,0.0,0.0,0.0,1010.1,40.0,1022.2,124.61
11.274,22.596,1065.2,2.9593,0.0,0.0,0.0,1018.7,0.0,1018.2,124.62
11.195,22.216,1066.9,3.0685,358.9,1.3,4.0,1015.9,60.0,1020.2,124.62
11.178,22.361,1061.8,3.1084,6.5,0.0,0.0,995.29,12.5,1019.1,124.63
11.241,22.854,1073.4,3.438,0.0,0.0,0.0,1011.3,50.0,1011.2,124.63
11.336,22.871,1068.1,3.4849,0.0,0.0,0.0,1015.0,89.3,1013.8,124.64
11.566,23.524,1072.0,3.2877,869.0,3.1,9.0,1016.9,82.1,1013.1,124.64
11.197,21.786,1065.6,2.7612,60.4,0.2,1.0,1017.6,90.3,1015.9,124.65
11.296,23.276,1066.4,3.209,0.0,0.0,0.0,1009.3,13.5,1020.1,124.67
11.357,27.035,1067.7,2.9462,9.2,0.0,0.0,1011.6,54.8,1011.2,124.68
11.403,22.512,1069.7,3.082,0.0,0.0,0.0,1019.9,50.8,1008.0,124.69
11.369,22.931,1068.8,3.2202,0.0,0.0,0.0,1000.5,0.0,1011.3,124.7
11.397,23.438,1070.4,3.3506,0.0,0.0,0.0,1007.7,78.2,1006.0,124.72
11.302,21.99,1059.8,2.908,0.0,0.0,0.0,1027.1,87.9,1019.3,124.72
11.39,23.239,1069.6,3.5905,0.0,0.0,0.0,1012.5,51.2,1011.9,124.73
11.448,22.498,1066.7,3.2098,0.0,0.0,0.0,1030.1,89.1,1007.0,124.74
11.265,23.044,1065.5,3.268,98.8,0.4,1.0,1012.3,89.1,1021.1,124.77
11.295,23.15,1068.0,2.7132,462.7,1.7,5.0,1019.7,50.0,1018.9,124.78
11.331,23.337,1068.6,3.6253,0.0,0.0,0.0,1006.3,8.7,1014.0,124.79
11.341,21.865,1067.5,3.1398,0.0,0.0,0.0,1031.8,32.5,1020.4,124.79
11.407,22.94,1068.9,3.1249,209.7,0.8,2.0,1011.9,91.3,1008.0,124.81
11.184,21.921,1066.4,2.7753,67.4,0.2,1.0,1018.4,90.3,1016.7,124.81
11.346,22.636,1067.8,3.2864,0.0,0.0,0.0,1004.2,85.4,1004.3,124.83
11.256,22.074,1067.0,3.0494,0.0,0.0,0.0,1015.3,40.0,1022.1,124.86
11.577,23.862,1073.6,4.3397,173.8,0.6,2.0,1021.5,60.0,1014.8,124.87
11.459,22.895,1070.8,3.5946,0.0,0.0,0.0,1015.2,4.8,1016.8,124.89
11.478,23.616,1072.8,3.3537,631.4,2.3,6.0,1013.2,50.0,1018.8,124.93
11.648,24.407,1074.0,3.8796,796.7,2.9,8.0,1007.9,0.0,1014.9,124.93
11.364,23.126,1066.4,2.7865,0.0,0.0,0.0,1016.5,90.3,1017.2,124.94
11.647,24.207,1073.8,3.7523,161.3,0.6,2.0,1011.6,4.1,1015.3,124.94
11.262,21.746,1065.6,3.0262,0.0,0.0,0.0,1025.8,43.4,1021.9,124.94
11.413,22.604,1064.9,3.4703,0.0,0.0,0.0,1020.2,87.2,1006.0,124.96
11.372,22.095,1066.6,2.679,59.3,0.2,1.0,1021.6,5.8,1024.1,124.96
11.484,23.338,1066.7,3.2229,0.0,0.0,0.0,1010.1,8.7,1019.8,124.96
11.256,22.182,1067.1,3.0786,0.0,0.0,0.0,1014.7,40.0,1021.3,124.97
11.798,25.119,1076.8,4.1807,33.5,0.1,0.0,1005.5,30.0,1009.8,124.99
11.405,22.357,1069.2,3.121,72.2,0.3,1.0,1018.3,53.3,1012.0,125.0
11.465,23.051,1070.1,3.6027,0.0,0.0,0.0,1006.5,44.9,1010.8,125.0
11.475,22.93,1069.8,3.1872,0.0,0.0,0.0,1009.0,82.7,1021.1,125.0
11.19,22.404,1061.9,3.1159,85.5,0.3,1.0,995.13,12.3,1020.0,125.0
11.388,22.314,1067.5,3.0815,1.4,0.0,0.0,1017.2,85.9,1030.2,125.0
11.549,31.079,1073.7,3.2801,832.0,3.0,8.0,1009.3,23.9,1019.1,125.01
11.468,23.01,1071.1,3.4718,0.0,0.0,0.0,1016.5,0.0,1020.0,125.01
11.599,23.955,1074.1,4.4043,560.3,2.0,6.0,1018.8,48.8,1022.9,125.03
11.39,23.65,1068.3,2.7724,253.4,0.9,3.0,1014.1,88.1,1018.9,125.03
11.482,23.001,1069.8,3.1968,682.2,2.5,7.0,1012.8,20.3,1013.1,125.03
11.317,22.288,1065.7,2.9304,0.0,0.0,0.0,1015.3,89.0,1000.2,125.03
11.338,22.998,1066.9,3.0631,0.1,0.0,0.0,1021.7,89.1,1023.2,125.04
11.311,22.126,1063.0,2.7617,0.0,0.0,0.0,1011.9,51.1,1014.4,125.04
11.561,23.717,1073.4,3.429,480.0,1.7,5.0,1013.3,49.5,1018.8,125.07
11.453,22.991,1070.4,3.1726,0.0,0.0,0.0,1008.9,54.8,1020.2,125.08
11.564,23.52,1071.5,3.9291,220.5,0.8,2.0,1012.0,0.0,1009.7,125.09
11.358,22.937,1066.0,3.2013,0.0,0.0,0.0,1018.4,88.3,1023.0,125.09
11.692,24.998,1075.0,4.2067,0.0,0.0,0.0,1011.3,89.0,1009.8,125.09
11.36,22.992,1067.0,2.978,34.0,0.1,0.0,1021.0,0.0,1021.2,125.17
11.28,22.285,1065.4,2.9141,0.0,0.0,0.0,1015.8,89.0,1013.0,125.19
11.332,23.652,1067.2,3.0787,0.0,0.0,0.0,1007.0,80.0,1014.2,125.2
11.503,22.737,1067.9,3.2541,0.0,0.0,0.0,1030.1,89.1,1001.0,125.21
11.721,24.135,1071.5,3.5634,0.0,0.0,0.0,1015.1,0.0,1014.8,125.21
11.484,23.81,1072.2,3.6809,0.0,0.0,0.0,1015.9,51.2,1011.8,125.22
11.419,23.239,1066.0,3.1513,0.0,0.0,0.0,1010.3,45.2,1020.1,125.22
11.369,22.659,1069.4,3.1945,0.1,0.0,0.0,1013.2,0.0,1015.0,125.22
11.614,24.248,1073.5,3.8405,113.1,0.4,1.0,1008.3,0.0,1012.8,125.23
11.394,22.603,1069.1,3.1984,0.0,0.0,0.0,1018.8,83.2,1018.1,125.24
11.412,22.466,1059.1,3.0492,0.0,0.0,0.0,1014.6,29.3,1023.0,125.24
11.255,22.12,1068.5,2.7162,0.0,0.0,0.0,1009.0,0.0,1022.3,125.24
11.423,24.815,1068.8,3.0537,186.2,0.7,2.0,1016.8,89.1,1025.0,125.28
11.282,22.011,1066.3,2.6851,33.0,0.1,0.0,1015.0,88.1,1018.9,125.29
11.752,24.077,1076.0,3.7442,116.6,0.4,1.0,1013.5,11.9,1016.8,125.29
11.824,25.002,1077.0,4.1867,331.3,1.2,3.0,1007.2,43.8,1009.8,125.29
11.582,23.554,1069.1,3.3152,0.0,0.0,0.0,1014.9,0.0,1013.0,125.31
11.464,28.631,1070.5,3.213,140.9,0.5,1.0,1002.7,89.1,1009.3,125.31
11.807,24.089,1076.2,3.7419,288.9,1.0,3.0,1013.4,28.1,1016.9,125.31
11.463,23.195,1067.0,3.1682,27.9,0.1,0.0,1016.9,2.7,1019.1,125.33
11.364,22.577,1069.6,3.0797,0.0,0.0,0.0,1021.7,88.1,1018.4,125.35
11.696,24.889,1076.7,3.9583,78.1,0.3,1.0,1007.0,44.0,1013.0,125.35
11.389,24.071,1065.6,2.9126,0.0,0.0,0.0,1016.3,0.0,1019.0,125.35
11.341,24.236,1067.5,2.9362,0.0,0.0,0.0,1006.5,89.1,1019.3,125.37
11.653,23.981,1075.5,3.7051,0.0,0.0,0.0,1013.5,24.6,1016.7,125.37
11.303,22.055,1066.8,2.8775,0.0,0.0,0.0,1011.1,87.9,1016.0,125.39
11.241,22.022,1065.4,2.8807,0.0,0.0,0.0,1006.5,77.2,1022.1,125.4
11.663,24.134,1076.6,3.7168,491.6,1.8,5.0,1013.4,43.4,1017.8,125.41
11.462,22.524,1067.9,3.8752,0.0,0.0,0.0,1028.8,46.0,1028.5,125.41
11.636,23.859,1075.1,3.6705,0.0,0.0,0.0,1013.5,0.0,1016.7,125.45
11.399,23.045,1067.9,3.4735,0.0,0.0,0.0,1006.7,89.0,1014.1,125.45
11.713,23.946,1074.5,4.319,0.0,0.0,0.0,1022.3,5.1,1014.9,125.47
11.789,24.162,1076.4,3.7348,457.0,1.6,5.0,1013.4,43.4,1017.8,125.47
11.261,22.993,1066.3,2.9137,0.0,0.0,0.0,1005.4,89.1,1014.1,125.48
11.62,24.424,1069.6,4.3687,0.0,0.0,0.0,1014.2,50.0,1015.0,125.48
11.406,22.724,1068.4,3.0347,0.0,0.0,0.0,1030.8,0.0,1022.5,125.49
11.286,26.658,1067.6,3.1906,0.0,0.0,0.0,1005.0,0.0,1015.3,125.49
11.337,22.734,1065.4,3.2138,0.0,0.0,0.0,1021.7,89.0,1012.2,125.51
11.354,22.636,1066.4,3.3039,0.0,0.0,0.0,1024.5,83.1,1010.2,125.52
11.389,23.02,1070.5,3.1799,0.0,0.0,0.0,1008.9,87.9,1020.9,125.53
11.571,23.93,1068.8,4.36,126.7,0.5,1.0,1013.0,15.8,1021.9,125.54
11.575,23.404,1072.8,3.5816,0.0,0.0,0.0,1017.5,0.0,1020.0,125.56
11.374,22.502,1069.5,2.8551,0.0,0.0,0.0,1022.6,46.3,1018.3,125.56
11.432,23.086,1071.2,3.2077,0.0,0.0,0.0,1009.0,87.9,1020.1,125.57
11.341,23.273,1066.4,3.2484,213.7,0.8,2.0,1014.6,89.1,1015.0,125.57
11.252,24.143,1065.2,2.9129,0.0,0.0,0.0,1002.1,46.0,1029.4,125.58
11.384,22.604,1068.9,3.0106,217.2,0.8,2.0,1029.6,76.2,1020.3,125.58
11.558,23.197,1072.5,3.5313,0.0,0.0,0.0,1018.0,0.0,1020.8,125.59
11.39,27.11,1065.0,3.0585,0.0,0.0,0.0,1022.5,7.4,1013.1,125.59
11.346,22.18,1064.9,3.0938,0.0,0.0,0.0,1019.5,50.0,1012.0,125.61
11.566,23.459,1072.0,3.352,0.0,0.0,0.0,1012.9,60.0,1013.9,125.61
11.714,24.931,1073.5,3.9643,239.4,0.9,2.0,1009.4,8.8,1017.2,125.61
11.667,24.331,1072.2,3.5785,0.0,0.0,0.0,1013.7,0.0,1010.9,125.61
11.691,24.16,1076.7,3.7146,579.5,2.1,6.0,1013.5,43.4,1017.7,125.62
11.449,23.167,1070.1,3.1642,0.0,0.0,0.0,1012.0,0.0,1018.8,125.62
11.497,22.726,1070.7,3.255,320.8,1.2,3.0,1015.4,5.3,1019.0,125.63
11.422,25.492,1068.4,3.1545,40.9,0.1,0.0,1019.6,0.0,1021.2,125.65
11.417,22.884,1069.6,3.1662,280.3,1.0,3.0,1007.8,47.4,1016.1,125.65
11.359,22.327,1068.0,3.1158,0.0,0.0,0.0,1019.9,0.0,1024.1,125.67
11.5,22.923,1069.7,3.162,183.1,0.7,2.0,1008.0,27.7,1016.0,125.69
11.424,23.559,1070.2,3.6899,0.0,0.0,0.0,1013.0,0.0,1017.9,125.7
11.414,22.494,1068.3,3.1793,0.0,0.0,0.0,1021.9,0.0,1024.1,125.71
11.664,24.46,1071.3,3.5891,0.0,0.0,0.0,1008.8,43.8,1010.9,125.73
11.378,22.442,1068.3,3.158,352.9,1.3,4.0,1015.6,60.0,1021.0,125.73
11.343,23.255,1069.1,3.6425,0.0,0.0,0.0,1004.3,87.8,1015.1,125.75
11.336,22.689,1063.8,3.4588,0.0,0.0,0.0,1018.5,14.8,1021.1,125.75
11.411,24.734,1068.6,2.9915,0.0,0.0,0.0,1014.9,89.1,1018.4,125.76
11.469,23.282,1072.4,3.5579,0.0,0.0,0.0,1014.4,0.0,1018.0,125.76
11.332,23.614,1066.7,3.2392,375.4,1.4,4.0,1000.6,50.0,1019.1,125.77
11.497,22.931,1068.6,3.2933,254.0,0.9,3.0,1029.5,87.9,998.2,125.78
11.543,23.662,1073.2,3.3323,784.1,2.8,8.0,1013.2,85.4,1018.9,125.78
11.393,22.806,1066.4,3.1984,0.0,0.0,0.0,1015.9,45.0,1018.1,125.8
11.443,23.028,1071.5,3.591,0.0,0.0,0.0,1012.7,89.1,1020.1,125.8
11.776,24.964,1077.8,3.9994,460.0,1.7,5.0,1013.7,82.0,1010.8,125.82
11.479,23.268,1069.3,3.6143,0.0,0.0,0.0,1004.4,87.8,1015.0,125.82
11.864,24.936,1077.7,4.0062,372.3,1.3,4.0,1011.9,44.0,1019.8,125.84
11.462,23.143,1071.8,3.6124,0.0,0.0,0.0,1015.2,50.0,1015.9,125.84
11.49,22.973,1069.9,3.1617,0.1,0.0,0.0,1005.6,0.0,1016.9,125.87
11.399,22.712,1070.9,3.1632,0.0,0.0,0.0,1019.8,8.8,1021.3,125.88
11.256,22.264,1068.8,2.7789,0.0,0.0,0.0,1022.2,90.3,1022.7,125.88
11.445,22.822,1068.4,3.2332,302.7,1.1,3.0,1029.6,87.9,999.1,125.9
11.663,24.515,1075.2,4.1005,0.0,0.0,0.0,1011.4,69.9,1005.8,125.9
11.503,23.496,1071.6,3.2334,910.4,3.3,9.0,1007.4,30.0,1012.0,125.91
11.414,23.521,1069.9,3.4863,0.0,0.0,0.0,1003.8,89.0,1011.0,125.91
11.326,22.926,1063.4,3.3343,0.0,0.0,0.0,1015.6,42.7,1024.1,125.91
11.587,23.977,1072.2,3.6725,103.8,0.4,1.0,1007.3,47.0,1013.8,125.92
11.395,22.025,1067.1,3.1851,0.0,0.0,0.0,1024.9,8.8,1026.2,125.92
11.361,21.999,1067.6,2.6124,0.0,0.0,0.0,1021.3,83.1,1024.2,125.92
11.441,22.96,1068.9,3.1043,0.0,0.0,0.0,1017.6,51.2,1030.3,125.93
11.456,25.188,1068.7,3.0654,0.0,0.0,0.0,1014.7,58.1,1021.2,125.94
11.566,23.193,1071.3,3.3179,0.0,0.0,0.0,1003.4,40.0,1019.1,125.94
11.832,25.22,1077.6,4.1808,0.0,0.0,0.0,1005.7,50.0,1009.8,125.95
11.784,25.103,1077.9,4.1738,168.1,0.6,2.0,1007.3,27.5,1009.1,125.97
11.355,21.939,1067.9,3.0814,0.0,0.0,0.0,1026.0,50.8,1012.2,125.97
11.663,24.181,1076.5,3.7595,8.6,0.0,0.0,1013.4,24.7,1016.8,125.97
11.647,24.613,1074.1,3.9509,0.0,0.0,0.0,1009.5,0.0,1010.9,125.98
11.39,23.22,1066.8,3.0715,302.8,1.1,3.0,1023.0,87.8,1022.0,125.99
11.719,24.621,1075.3,3.8865,658.0,2.4,7.0,1008.4,0.0,1014.8,125.99
11.353,22.467,1064.5,3.1153,0.0,0.0,0.0,1012.2,46.0,1018.9,126.0
11.177,22.655,1064.6,3.1817,230.4,0.8,2.0,1002.2,53.3,1015.1,126.0
11.41,22.405,1070.9,3.112,398.7,1.4,4.0,1031.2,81.0,1023.2,126.0
11.463,22.389,1069.0,3.0012,81.8,0.3,1.0,1029.3,76.9,1020.2,126.01
11.646,24.3,1069.7,3.5603,0.0,0.0,0.0,1009.0,14.5,1010.9,126.01
11.529,23.607,1071.4,3.6828,0.0,0.0,0.0,1007.0,0.0,1012.0,126.01
11.438,26.028,1069.1,3.089,0.0,0.0,0.0,1014.5,58.1,1021.2,126.01
11.34,22.118,1065.1,2.9447,0.0,0.0,0.0,1025.1,88.9,1018.1,126.02
11.407,25.992,1069.3,3.0854,0.0,0.0,0.0,1013.2,90.3,1021.3,126.03
11.412,22.973,1069.7,3.4776,0.0,0.0,0.0,1016.6,89.0,1007.0,126.06
11.611,23.111,1072.5,3.2264,16.7,0.1,0.0,1019.4,87.9,1012.1,126.06
11.552,23.172,1072.6,3.5804,0.0,0.0,0.0,1022.4,0.0,1024.1,126.07
11.506,28.267,1071.7,3.4413,226.4,0.8,2.0,989.8,89.4,1008.4,126.09
11.365,22.067,1067.8,2.6457,0.0,0.0,0.0,1021.2,50.0,1025.1,126.12
11.333,24.273,1068.2,3.06,108.5,0.4,1.0,1018.5,89.1,1004.1,126.12
11.601,26.083,1072.8,3.2576,820.1,3.0,8.0,1013.0,30.0,1016.2,126.12
11.563,23.331,1071.9,3.3383,0.0,0.0,0.0,1002.7,48.7,1019.1,126.13
11.859,24.97,1078.2,4.0364,913.6,3.3,9.0,1013.0,43.3,1021.0,126.13
11.381,23.152,1067.5,3.2422,0.0,0.0,0.0,1022.2,73.7,1025.2,126.16
11.325,23.309,1067.6,3.2378,0.0,0.0,0.0,1013.1,2.7,1021.1,126.17
11.504,23.136,1070.5,3.2222,256.1,0.9,3.0,1011.3,40.0,1007.8,126.17
11.755,23.843,1075.1,3.6242,19.2,0.1,0.0,1018.6,0.0,1017.8,126.18
11.419,22.474,1070.3,3.2366,0.0,0.0,0.0,1020.0,84.1,1014.9,126.21
11.624,23.64,1073.7,3.6743,367.9,1.3,4.0,1010.9,83.3,1014.1,126.22
11.375,22.08,1067.5,2.948,0.0,0.0,0.0,1015.7,50.8,1030.6,126.22
11.708,25.019,1077.3,3.9718,3.0,0.0,0.0,1007.0,48.8,1012.9,126.23
11.367,25.429,1066.1,2.9803,16.7,0.1,0.0,1016.8,89.1,1023.1,126.24
11.444,25.047,1070.6,3.1009,157.6,0.6,2.0,1008.2,53.3,1014.0,126.24
11.416,23.26,1066.9,3.2589,0.0,0.0,0.0,1005.7,0.0,1019.1,126.24
11.653,23.964,1073.1,3.7443,15.6,0.1,0.0,1014.1,5.2,1018.9,126.25
11.572,23.678,1071.3,3.7436,0.0,0.0,0.0,1002.9,0.0,1015.8,126.25
11.692,24.489,1074.5,3.8217,510.4,1.8,5.0,1008.3,50.5,1006.1,126.26
11.384,23.42,1067.5,3.2788,219.7,0.8,2.0,1015.0,90.3,1015.0,126.26
11.506,23.282,1072.8,3.5602,0.0,0.0,0.0,1013.8,43.6,1018.1,126.26
11.367,23.549,1066.8,3.4264,0.0,0.0,0.0,1004.1,89.1,1016.2,126.26
11.53,23.297,1071.2,3.2249,0.0,0.0,0.0,1008.2,0.0,1018.9,126.26
11.665,24.142,1070.8,3.4717,0.4,0.0,0.0,1012.4,0.0,1012.8,126.27
11.25,22.875,1064.3,3.1609,0.0,0.0,0.0,995.84,55.1,1019.0,126.27
11.49,22.825,1071.2,3.1572,562.8,2.0,6.0,1016.4,47.5,1013.1,126.27
11.582,23.895,1073.1,3.6641,80.0,0.3,1.0,1010.5,87.9,1013.9,126.28
11.408,23.609,1067.6,3.4482,0.0,0.0,0.0,1004.2,89.1,1016.1,126.28
11.725,24.673,1077.2,3.8185,77.9,0.3,1.0,1016.5,8.2,1014.8,126.29
11.482,23.261,1072.2,3.2175,0.0,0.0,0.0,1009.6,87.9,1020.1,126.3
11.504,27.307,1069.9,3.037,38.3,0.1,0.0,1009.3,89.1,1022.3,126.3
11.493,22.292,1069.4,3.008,419.2,1.5,4.0,1029.9,82.1,1021.3,126.32
11.81,25.178,1078.4,4.1704,226.0,0.8,2.0,1009.3,84.5,1008.0,126.32
11.425,22.919,1066.0,3.2737,297.9,1.1,3.0,1003.2,80.0,1011.1,126.32
11.515,23.555,1072.9,3.3241,66.3,0.2,1.0,1014.9,83.1,1013.1,126.33
11.495,22.585,1070.2,3.0928,18.0,0.1,0.0,1019.3,89.1,1006.9,126.33
11.635,24.208,1073.8,3.8081,0.0,0.0,0.0,1006.5,8.8,1008.9,126.35
11.367,21.799,1067.9,3.0913,0.0,0.0,0.0,1033.9,8.7,1021.2,126.35
11.525,24.481,1070.8,3.119,1.9,0.0,0.0,1014.4,50.0,1018.9,126.35
11.839,24.728,1076.8,3.9372,48.8,0.2,0.0,1011.0,87.9,1012.9,126.36
11.549,23.618,1074.1,4.2315,658.4,2.4,7.0,1025.8,24.6,1018.1,126.37
11.424,23.21,1071.4,3.185,0.0,0.0,0.0,1005.2,77.0,1018.0,126.37
11.481,25.174,1069.5,3.1418,0.0,0.0,0.0,1017.9,50.0,1030.3,126.37
11.616,24.523,1075.4,3.7782,61.4,0.2,1.0,1011.4,1.5,1015.1,126.38
11.583,23.283,1071.7,3.2367,0.0,0.0,0.0,1009.1,82.7,1021.0,126.39
11.695,24.389,1075.1,4.0396,368.1,1.3,4.0,1009.8,43.6,1007.6,126.39
11.252,22.029,1067.2,2.9927,0.0,0.0,0.0,1018.9,89.1,1003.3,126.4
11.553,23.96,1072.5,3.8384,4.3,0.0,0.0,1009.3,88.1,1012.9,126.4
11.391,23.179,1066.7,3.1839,0.0,0.0,0.0,1020.8,89.4,1023.0,126.41
11.697,24.315,1074.7,4.0182,0.0,0.0,0.0,1009.9,2.2,1008.0,126.41
11.77,24.6,1075.6,3.8826,324.5,1.2,3.0,1008.2,84.3,1005.9,126.42
11.866,25.156,1078.8,4.1059,478.7,1.7,5.0,1011.1,0.0,1011.9,126.44
11.533,23.839,1071.8,3.7296,78.8,0.3,1.0,1007.1,50.0,1011.9,126.45
11.542,23.879,1071.9,3.7344,4.6,0.0,0.0,1007.0,71.3,1012.0,126.45
11.672,23.97,1073.9,4.1359,0.0,0.0,0.0,1007.3,0.0,1008.9,126.46
11.385,23.705,1067.4,3.3477,0.0,0.0,0.0,1007.2,43.6,1022.1,126.46
11.896,24.956,1078.6,4.0118,160.8,0.6,2.0,1018.9,86.4,1015.0,126.46
11.891,25.139,1079.0,3.9324,840.4,3.0,8.0,1017.9,84.3,1014.8,126.47
11.705,24.428,1072.1,4.3504,0.0,0.0,0.0,1013.9,50.0,1015.0,126.47
11.439,22.938,1067.1,3.2066,0.0,0.0,0.0,1017.3,45.0,1018.1,126.47
11.651,24.417,1074.4,3.8493,0.0,0.0,0.0,1003.7,8.8,1015.8,126.47
11.546,23.75,1071.1,3.6615,0.0,0.0,0.0,1006.5,0.0,1014.9,126.47
11.677,23.223,1073.6,3.2677,252.1,0.9,3.0,1018.6,84.0,1010.9,126.48
11.416,25.106,1070.2,3.078,279.3,1.0,3.0,1016.9,89.1,1024.2,126.49
11.639,24.079,1074.3,3.6777,288.1,1.0,3.0,1017.9,46.5,1011.0,126.49
11.483,23.449,1069.5,3.1695,18.8,0.1,0.0,1013.1,89.1,1010.1,126.49
11.561,23.297,1071.2,3.2199,0.0,0.0,0.0,1008.0,0.0,1018.9,126.5
11.76,25.018,1077.4,3.9834,0.0,0.0,0.0,1006.8,6.3,1012.7,126.51
11.476,23.207,1067.9,3.2074,0.0,0.0,0.0,1021.8,73.7,1024.7,126.51
11.372,23.0,1066.6,3.119,137.2,0.5,1.0,1021.3,89.4,1023.1,126.51
11.575,23.863,1071.6,3.662,0.0,0.0,0.0,1006.5,30.0,1015.0,126.53
11.316,23.042,1066.6,3.1075,0.0,0.0,0.0,1021.1,89.4,1023.2,126.53
11.552,22.92,1069.2,3.2828,263.0,0.9,3.0,1029.6,87.9,1000.2,126.53
11.458,22.816,1071.4,3.1692,501.4,1.8,5.0,1017.1,48.8,1013.0,126.53
11.603,23.026,1072.6,3.1715,0.0,0.0,0.0,1020.7,89.1,1007.2,126.54
11.386,22.024,1067.5,2.6609,0.0,0.0,0.0,1021.2,53.7,1025.1,126.54
11.435,23.125,1065.4,3.3582,0.0,0.0,0.0,1018.2,89.0,1010.3,126.54
11.456,22.609,1069.5,3.9906,0.0,0.0,0.0,1018.0,76.1,1020.3,126.55
11.618,24.107,1074.1,3.7025,117.1,0.4,1.0,1018.2,0.0,1012.9,126.55
11.415,23.579,1070.6,3.5963,0.0,0.0,0.0,1006.9,89.1,1011.0,126.55
11.484,23.205,1068.1,3.1898,1.8,0.0,0.0,1020.8,89.4,1024.1,126.56
11.483,23.989,1072.5,3.7305,0.0,0.0,0.0,1007.2,44.5,1013.2,126.56
11.324,23.117,1074.3,3.4079,0.0,0.0,0.0,1007.9,100.0,1014.2,126.57
11.623,24.533,1075.2,3.7599,580.2,2.1,6.0,1009.2,89.1,1012.0,126.58
11.444,22.746,1071.2,3.1004,98.0,0.4,1.0,1019.1,89.1,1007.2,126.59
11.446,25.439,1069.7,3.1354,0.0,0.0,0.0,1018.2,36.0,1030.3,126.59
11.235,23.312,1066.2,2.7069,0.0,0.0,0.0,1016.7,90.3,1016.3,126.59
11.861,25.508,1079.9,4.2101,571.5,2.1,6.0,1008.8,44.0,1010.9,126.6
11.618,23.548,1073.2,3.416,232.7,0.8,2.0,1001.9,30.0,1012.0,126.61
11.625,23.928,1072.7,3.8012,0.0,0.0,0.0,1003.5,0.0,1015.8,126.62
11.6,23.915,1072.4,3.7992,0.0,0.0,0.0,1004.2,0.0,1015.9,126.62
11.53,22.818,1070.6,3.1865,0.0,0.0,0.0,1019.4,1.4,1018.3,126.62
11.52,23.825,1073.0,4.3894,0.0,0.0,0.0,1014.5,14.9,1022.7,126.63
11.726,24.469,1075.6,4.011,514.8,1.9,5.0,1009.8,24.0,1007.5,126.63
11.651,24.356,1074.4,3.7504,400.6,1.4,4.0,1009.7,89.1,1012.0,126.64
11.606,23.865,1071.9,3.7572,0.0,0.0,0.0,1007.1,40.0,1012.8,126.65
11.741,24.995,1077.4,3.9109,0.0,0.0,0.0,1009.9,7.5,1015.0,126.65
11.52,23.543,1073.4,4.29,0.0,0.0,0.0,1017.3,89.0,1022.0,126.66
11.363,23.074,1066.9,3.1099,0.0,0.0,0.0,1021.1,89.4,1023.1,126.66
11.612,23.537,1074.0,3.2483,0.0,0.0,0.0,1019.0,26.8,1021.2,126.66
11.453,26.932,1069.9,3.1092,0.0,0.0,0.0,1013.9,90.3,1021.2,126.67
11.613,23.265,1073.3,3.2174,0.0,0.0,0.0,1019.3,87.9,1013.1,126.67
11.655,23.927,1075.0,3.7187,37.1,0.1,0.0,1012.0,52.3,1012.0,126.68
11.715,24.92,1077.8,4.0123,0.0,0.0,0.0,1011.4,51.2,1004.1,126.69
11.384,22.777,1069.7,3.0965,72.4,0.3,1.0,1016.6,83.3,1029.4,126.69
11.572,23.888,1072.2,3.773,197.8,0.7,2.0,1007.2,48.7,1011.9,126.69
11.677,24.503,1074.8,3.806,415.7,1.5,4.0,1008.2,49.8,1006.0,126.7
11.281,22.142,1068.7,2.9173,0.0,0.0,0.0,1020.5,0.0,1019.0,126.71
11.921,25.519,1080.0,4.2316,503.9,1.8,5.0,1008.8,25.2,1010.8,126.71
11.379,24.669,1070.3,2.984,16.7,0.1,0.0,1013.4,89.1,1019.0,126.71
11.7,24.896,1076.7,4.0197,933.5,3.4,9.0,1006.4,0.0,1015.7,126.72
11.56,23.73,1072.1,3.6982,0.0,0.0,0.0,1007.1,0.0,1011.9,126.72
11.74,24.607,1075.9,4.0544,675.3,2.4,7.0,1008.9,5.2,1012.0,126.73
11.656,23.759,1074.0,3.3367,0.0,0.0,0.0,1015.2,16.7,1013.1,126.73
11.533,23.287,1072.4,3.2982,11.9,0.0,0.0,1007.8,87.9,1020.2,126.74
11.788,24.577,1076.0,3.9684,117.5,0.4,1.0,1006.6,50.0,1011.0,126.74
11.585,24.035,1072.1,3.6888,0.0,0.0,0.0,1006.5,30.0,1015.0,126.74
11.706,24.116,1075.3,3.397,651.4,2.3,7.0,1015.5,87.9,1018.0,126.74
11.699,24.531,1075.1,3.9273,195.5,0.7,2.0,1009.2,52.2,1008.3,126.74
11.786,25.096,1077.9,4.0573,55.1,0.2,1.0,1008.9,43.4,1012.8,126.75
11.793,24.622,1075.9,3.8957,128.5,0.5,1.0,1009.0,0.0,1015.7,126.75
11.568,23.809,1074.1,3.3697,0.0,0.0,0.0,1011.2,9.4,1017.9,126.75
11.77,24.801,1077.2,3.9662,226.9,0.8,2.0,1012.7,5.2,1021.0,126.76
11.764,25.027,1078.5,3.9456,0.0,0.0,0.0,1015.8,41.7,1011.0,126.76
11.469,23.533,1067.8,3.2845,165.1,0.6,2.0,1009.6,35.4,1019.2,126.76
11.558,23.495,1072.9,3.3132,0.0,0.0,0.0,1017.1,84.0,1013.8,126.76
11.679,24.296,1074.0,3.7754,0.0,0.0,0.0,1006.7,8.8,1008.1,126.77
11.901,24.897,1078.3,3.9824,2.9,0.0,0.0,1019.2,85.3,1014.0,126.78
11.511,22.673,1070.5,3.041,299.0,1.1,3.0,1029.8,82.1,1020.4,126.79
11.866,24.962,1078.1,4.0119,586.0,2.1,6.0,1013.0,0.0,1021.0,126.79
11.457,25.321,1071.7,3.2738,269.4,1.0,3.0,992.34,85.8,1017.5,126.79
11.755,24.707,1076.4,3.881,407.3,1.5,4.0,1008.6,85.4,1012.0,126.8
11.84,25.145,1077.6,3.851,839.7,3.0,8.0,1006.2,44.0,1014.9,126.8
11.614,23.82,1072.1,3.7524,0.0,0.0,0.0,1002.8,0.0,1015.1,126.81
11.395,22.507,1069.7,2.7155,0.0,0.0,0.0,1023.4,89.1,1025.3,126.81
11.721,24.795,1076.8,3.9922,423.2,1.5,4.0,1010.2,34.4,1007.8,126.81
11.795,25.012,1077.3,4.0145,416.1,1.5,4.0,1007.9,23.9,1012.8,126.81
11.559,23.437,1073.9,3.541,0.0,0.0,0.0,1013.8,0.0,1017.0,126.82
11.806,24.834,1077.0,3.9033,229.8,0.8,2.0,1011.0,87.9,1013.8,126.83
11.717,25.127,1077.3,3.8649,895.9,3.2,9.0,1005.9,25.2,1014.8,126.83
11.686,24.185,1073.9,3.807,73.0,0.3,1.0,1010.0,88.1,1012.1,126.84
11.803,24.774,1077.3,3.8048,519.6,1.9,5.0,1011.4,78.4,1015.3,126.84
11.958,25.16,1079.7,3.9836,301.2,1.1,3.0,1018.6,89.1,1014.8,126.85
11.78,24.788,1076.9,4.2843,761.9,2.7,8.0,1006.5,44.0,1011.8,126.85
11.84,25.21,1079.5,3.9816,474.2,1.7,5.0,1018.1,82.9,1014.9,126.86
11.876,25.151,1078.4,4.1575,95.4,0.3,1.0,1009.7,84.5,1008.8,126.86
11.757,25.17,1074.1,4.0343,0.0,0.0,0.0,1008.7,0.0,1011.8,126.86
11.867,25.043,1078.5,4.0266,738.6,2.7,7.0,1013.1,24.0,1021.0,126.86
11.771,25.04,1078.0,4.0074,215.2,0.8,2.0,1010.4,85.9,1005.0,126.86
11.612,23.619,1073.0,3.7694,0.0,0.0,0.0,1015.6,0.0,1020.8,126.87
11.456,23.003,1070.6,3.0518,0.0,0.0,0.0,1028.3,43.8,1025.2,126.87
11.452,22.985,1066.9,3.2673,0.0,0.0,0.0,1021.7,89.0,1012.2,126.88
11.653,23.737,1073.8,3.5134,138.3,0.5,1.0,1001.8,30.0,1012.2,126.88
11.501,23.133,1068.8,3.3772,0.0,0.0,0.0,1023.7,90.0,1006.2,126.89
11.434,23.094,1067.0,3.1689,0.0,0.0,0.0,1021.0,89.4,1023.1,126.89
11.505,22.936,1072.0,3.1919,348.6,1.3,3.0,1016.0,81.7,1014.1,126.9
11.45,23.545,1068.5,3.3179,2.9,0.0,0.0,1012.8,85.6,1020.1,126.9
11.447,23.235,1069.9,3.1244,0.0,0.0,0.0,1017.3,48.7,1016.2,126.9
11.399,22.927,1071.2,3.1374,0.0,0.0,0.0,1013.7,0.0,1016.1,126.92
11.795,24.886,1076.9,4.1466,368.5,1.3,4.0,1006.3,88.0,1009.6,126.92
11.674,24.407,1075.7,3.7115,450.2,1.6,5.0,1018.1,29.0,1011.1,126.92
11.879,25.178,1078.4,4.1602,0.0,0.0,0.0,1006.8,55.9,1009.0,126.93
11.555,24.23,1074.0,3.9619,0.0,0.0,0.0,1007.4,0.0,1006.7,126.93
11.371,23.554,1068.4,3.3058,38.8,0.1,0.0,1012.7,89.1,1021.0,126.94
11.789,24.931,1077.4,3.7997,290.2,1.0,3.0,1011.4,8.7,1016.8,126.94
11.918,25.083,1078.9,3.9718,145.9,0.5,1.0,1015.2,51.3,1010.9,126.94
11.62,23.22,1073.0,3.5741,0.0,0.0,0.0,1015.9,87.9,1020.0,126.96
11.555,23.296,1068.5,3.2051,0.0,0.0,0.0,1021.3,89.4,1024.1,126.96
11.662,24.305,1074.8,3.7872,338.4,1.2,3.0,1013.2,83.3,1013.8,126.97
11.519,23.204,1072.0,3.2647,0.0,0.0,0.0,1003.7,30.6,1018.2,126.97
11.765,24.92,1077.8,4.0765,523.6,1.9,5.0,1011.8,24.0,1005.6,126.97
11.435,24.516,1068.4,2.7607,185.5,0.7,2.0,1014.7,54.8,1025.2,126.98
11.684,24.292,1075.1,3.729,267.9,1.0,3.0,1018.2,23.9,1012.8,126.98
11.802,24.708,1077.5,3.8378,3.1,0.0,0.0,1016.2,5.8,1014.1,126.98
11.715,24.392,1074.3,3.724,457.5,1.6,5.0,1008.0,29.6,1013.8,126.98
11.841,24.842,1077.3,4.0885,395.0,1.4,4.0,1011.6,24.0,1005.6,126.99
11.564,23.671,1071.6,3.4885,621.8,2.2,6.0,1009.2,27.4,1012.2,126.99
11.72,24.279,1074.5,3.7974,0.0,0.0,0.0,1012.6,89.0,1006.4,126.99
11.775,25.035,1077.8,4.1327,609.4,2.2,6.0,1005.2,27.7,1007.6,127.0
11.529,23.344,1072.4,3.3921,0.0,0.0,0.0,1003.2,0.0,1019.0,127.0
11.403,23.083,1066.7,3.2558,324.7,1.2,3.0,1003.1,89.1,1011.0,127.0
11.987,25.513,1079.7,4.2787,126.5,0.5,1.0,1001.9,28.1,1012.9,127.0
11.879,24.904,1077.3,3.9249,806.0,2.9,8.0,1008.3,49.8,1013.9,127.0
11.606,24.076,1072.7,3.7934,0.0,0.0,0.0,1006.4,1.3,1013.1,127.0
11.507,22.7,1071.6,3.3424,0.0,0.0,0.0,1030.7,0.0,1033.5,127.0
11.448,23.667,1071.4,3.5844,0.0,0.0,0.0,1006.4,89.1,1013.0,127.0
11.801,24.863,1077.3,3.9092,366.4,1.3,4.0,1010.8,88.1,1013.7,127.0
11.835,24.672,1076.6,4.0547,0.0,0.0,0.0,1004.2,50.0,1010.0,127.01
11.835,24.672,1076.6,4.0547,0.0,0.0,0.0,1004.2,50.0,1010.8,127.01
11.835,24.672,1076.6,4.0547,0.0,0.0,0.0,1004.2,49.4,1010.8,127.01
11.852,25.104,1078.2,4.0242,457.6,1.6,5.0,1009.6,88.1,1005.0,127.01
11.676,24.21,1074.2,3.7706,0.0,0.0,0.0,1012.3,89.0,1007.1,127.01
11.523,22.834,1071.0,3.1266,0.0,0.0,0.0,1014.3,0.0,1018.9,127.01
11.835,24.672,1076.6,4.0547,0.0,0.0,0.0,1004.2,50.0,1010.0,127.01
11.835,24.672,1076.6,4.0547,0.0,0.0,0.0,1004.2,50.0,1010.9,127.01
11.46,23.227,1067.5,3.1581,0.0,0.0,0.0,1020.7,89.4,1022.2,127.01
11.581,23.548,1072.6,3.2519,0.0,0.0,0.0,1011.0,43.6,1014.9,127.01
11.897,25.096,1078.6,4.1628,527.8,1.9,5.0,1008.3,44.8,1013.7,127.02
11.694,24.984,1077.1,3.9888,891.1,3.2,9.0,1007.1,0.0,1015.6,127.02
11.835,24.673,1076.6,4.0547,0.0,0.0,0.0,1004.2,50.0,1010.8,127.02
11.427,23.819,1068.6,2.9258,135.1,0.5,1.0,1014.1,83.1,1030.2,127.03
11.709,24.639,1075.5,3.8327,0.0,0.0,0.0,1011.0,50.0,1014.1,127.03
11.86,24.965,1078.5,4.0107,0.0,0.0,0.0,1019.0,87.8,1013.8,127.03
11.741,24.342,1075.2,3.7386,399.7,1.4,4.0,1013.0,89.1,1006.9,127.03
11.844,24.985,1075.1,4.2645,31.1,0.1,0.0,1013.3,48.7,1009.7,127.03
11.763,24.913,1077.6,3.9049,776.0,2.8,8.0,1011.5,54.7,1006.8,127.04
11.584,24.254,1074.2,3.7768,692.4,2.5,7.0,1007.5,88.1,1012.1,127.04
11.754,24.871,1077.2,3.859,235.4,0.8,2.0,1008.3,87.9,1012.0,127.04
11.497,23.249,1071.5,3.1926,0.0,0.0,0.0,1012.2,40.0,1008.9,127.06
11.706,24.466,1074.6,3.8049,114.9,0.4,1.0,1007.2,49.8,1007.0,127.06
11.777,25.02,1077.5,4.0088,216.0,0.8,2.0,1010.8,11.9,1015.1,127.07
11.671,24.29,1073.9,3.7459,273.1,1.0,3.0,1007.7,47.0,1013.0,127.07
11.719,24.893,1076.9,3.9375,242.0,0.9,2.0,1008.2,23.9,1012.7,127.07
11.746,25.176,1078.0,4.0067,550.7,2.0,6.0,1003.6,86.9,1015.8,127.08
11.91,24.608,1058.9,3.408,86.0,0.3,1.0,1023.3,14.9,1027.4,127.09
11.647,23.403,1072.6,3.362,345.1,1.2,3.0,1005.1,87.9,1021.2,127.1
11.688,24.683,1076.2,3.8151,2.1,0.0,0.0,1011.1,1.3,1015.0,127.1
11.833,24.877,1076.7,3.9837,661.7,2.4,7.0,1003.8,82.0,1010.7,127.1
11.525,23.829,1072.4,3.7227,0.0,0.0,0.0,1007.4,0.0,1011.8,127.1
11.899,24.962,1079.0,4.0038,492.6,1.8,5.0,1016.5,48.8,1014.9,127.1
11.868,25.216,1068.9,3.9121,0.0,0.0,0.0,1012.1,0.0,1013.0,127.1
11.732,24.469,1075.1,3.9015,7.5,0.0,0.0,1008.9,52.2,1009.2,127.11
11.574,23.791,1069.7,3.3182,0.0,0.0,0.0,1006.5,0.0,1019.2,127.11
11.808,24.902,1077.3,3.9145,661.6,2.4,7.0,1009.7,0.0,1016.7,127.11
11.649,29.956,1073.4,3.2128,195.7,0.7,2.0,1017.4,0.0,1019.0,127.11
11.628,24.221,1073.8,3.7657,737.8,2.7,7.0,1007.7,86.9,1011.8,127.11
11.453,23.528,1069.0,3.2967,0.0,0.0,0.0,1017.4,86.7,1023.1,127.12
11.872,25.147,1078.5,4.0365,353.1,1.3,4.0,1010.1,86.9,1005.0,127.12
11.97,25.834,1081.1,4.2809,722.7,2.6,7.0,999.88,25.2,1015.0,127.14
11.636,24.206,1074.6,3.7926,0.0,0.0,0.0,1009.4,0.0,1011.7,127.14
11.83,25.106,1078.5,3.9204,3.3,0.0,0.0,1010.1,2.1,1015.1,127.14
11.605,24.271,1075.1,4.3717,436.7,1.6,4.0,1012.4,14.9,1020.9,127.14
11.807,24.932,1077.5,3.8561,0.0,0.0,0.0,1009.7,11.9,1015.0,127.15
11.861,24.975,1077.7,4.133,394.3,1.4,4.0,1010.8,87.9,1008.6,127.15
11.568,23.198,1071.6,3.1974,90.1,0.3,1.0,1008.5,30.0,1015.9,127.15
11.682,24.875,1076.7,3.8261,625.4,2.3,6.0,1008.2,50.8,1011.1,127.16
11.983,25.312,1080.0,3.9892,655.1,2.4,7.0,1018.0,84.1,1014.9,127.16
11.371,23.129,1068.6,3.0155,23.6,0.1,0.0,1018.7,89.1,1004.1,127.16
11.99,25.356,1080.2,3.9605,886.8,3.2,9.0,1018.0,80.6,1013.9,127.16
11.561,23.189,1071.3,3.3044,0.0,0.0,0.0,1007.5,48.7,1012.9,127.17
11.671,23.935,1074.3,3.838,125.0,0.5,1.0,1013.9,48.2,1016.8,127.17
11.934,25.401,1079.4,4.0299,205.5,0.7,2.0,1006.8,48.8,1013.9,127.18
11.427,26.135,1070.2,3.0472,0.4,0.0,0.0,1021.3,5.2,1012.9,127.18
11.614,24.168,1073.3,3.6499,0.0,0.0,0.0,1009.0,5.1,1015.1,127.19
11.877,25.185,1078.0,3.8587,899.8,3.2,9.0,1006.0,24.7,1014.8,127.19
11.661,24.104,1074.7,3.7268,122.6,0.4,1.0,1017.5,50.0,1011.0,127.2
11.933,25.529,1076.2,4.1006,1.7,0.0,0.0,1012.8,1.3,1019.9,127.2
11.759,25.016,1077.7,4.1236,0.0,0.0,0.0,1006.6,30.0,1009.7,127.2
11.786,25.106,1077.7,4.1533,0.0,0.0,0.0,1002.5,50.0,1005.0,127.2
11.849,25.244,1078.4,4.0591,578.1,2.1,6.0,1007.6,43.3,1012.9,127.2
11.316,23.129,1067.4,3.13,180.4,0.6,2.0,1021.2,89.4,1024.0,127.21
11.687,24.542,1075.1,3.7941,237.2,0.9,2.0,1007.7,48.6,1006.8,127.21
11.516,22.993,1072.4,3.1919,173.6,0.6,2.0,1015.9,81.8,1014.1,127.21
11.938,25.164,1079.0,4.1451,783.6,2.8,8.0,1011.2,23.9,1013.7,127.21
11.675,24.304,1074.8,3.7815,372.6,1.3,4.0,1007.1,86.3,1012.0,127.22
11.919,25.295,1079.2,4.0342,595.0,2.1,6.0,1011.4,5.2,1015.8,127.22
11.812,24.913,1077.4,3.8747,265.0,1.0,3.0,1009.4,23.9,1010.0,127.23
11.867,24.948,1077.8,3.9164,622.0,2.2,6.0,1011.1,88.1,1012.0,127.23
11.89,25.066,1078.5,4.0401,68.7,0.2,1.0,1010.7,85.9,1004.1,127.24
11.858,25.552,1080.2,4.1925,183.7,0.7,2.0,1006.4,87.8,1011.9,127.24
11.613,24.427,1074.4,3.7041,248.4,0.9,2.0,1007.2,33.5,1014.9,127.24
11.995,26.077,1079.8,4.4293,22.0,0.1,0.0,1008.2,7.5,1014.8,127.25
11.82,24.924,1077.3,3.8658,440.1,1.6,4.0,1009.3,23.9,1010.8,127.26
11.806,25.026,1078.0,3.9618,785.7,2.8,8.0,1008.7,82.0,1013.8,127.27
11.587,22.962,1072.1,3.201,3.1,0.0,0.0,1011.7,89.1,1020.0,127.27
11.939,25.199,1079.3,4.0394,199.7,0.7,2.0,1012.3,25.2,1019.8,127.27
11.75,24.932,1077.4,4.1168,428.6,1.5,4.0,1005.0,48.7,1006.8,127.27
11.499,23.492,1070.8,3.5242,0.0,0.0,0.0,1011.5,0.0,1015.0,127.27
11.807,24.834,1076.7,3.9726,13.7,0.0,0.0,1006.3,0.0,1004.8,127.28
11.679,24.237,1073.3,3.7688,0.0,0.0,0.0,1006.2,5.2,1014.1,127.28
11.826,24.845,1077.2,4.1225,254.4,0.9,3.0,1004.8,48.7,1006.6,127.29
11.626,24.449,1075.5,3.7914,749.4,2.7,7.0,1012.1,80.8,1013.7,127.29
11.888,25.443,1079.9,4.169,49.7,0.2,0.0,1006.8,89.0,1011.9,127.29
11.562,24.309,1074.6,3.7987,668.2,2.4,7.0,1007.5,86.9,1012.0,127.3
11.784,24.654,1076.1,3.833,11.9,0.0,0.0,1011.2,0.0,1014.8,127.3
11.944,25.256,1079.9,3.9281,828.1,3.0,8.0,1018.0,47.5,1013.1,127.3
11.842,25.293,1080.1,4.0207,481.9,1.7,5.0,1018.4,87.9,1014.2,127.31
11.734,24.779,1076.2,4.0211,390.7,1.4,4.0,1004.7,80.5,1009.8,127.31
11.724,24.808,1077.0,3.9456,225.7,0.8,2.0,1010.5,86.9,1007.8,127.32
11.504,23.152,1068.2,3.3164,0.0,0.0,0.0,1021.0,0.0,1013.1,127.32
11.328,23.188,1067.5,3.143,8.0,0.0,0.0,1021.2,89.4,1024.0,127.32
11.392,22.802,1066.1,3.1704,0.0,0.0,0.0,1010.9,46.0,1018.1,127.33
11.855,25.221,1078.9,3.9944,223.6,0.8,2.0,1012.6,5.2,1015.1,127.33
11.799,25.364,1078.7,4.1677,778.3,2.8,8.0,1006.6,48.3,1009.6,127.33
11.623,23.928,1073.2,3.6852,77.6,0.3,1.0,1013.0,85.5,1011.8,127.34
11.458,23.626,1067.5,3.4588,0.0,0.0,0.0,1003.7,89.1,1016.1,127.35
11.915,25.427,1079.6,4.1401,0.2,0.0,0.0,1006.9,89.0,1011.8,127.35
11.829,25.081,1077.9,3.8023,688.8,2.5,7.0,1011.1,78.4,1015.2,127.36
11.636,26.342,1073.0,3.1471,64.2,0.2,1.0,1014.3,80.0,1018.8,127.36
11.545,23.95,1072.9,3.7142,0.0,0.0,0.0,1002.9,0.0,1015.0,127.36
11.585,23.18,1072.6,3.1714,5.9,0.0,0.0,1016.9,58.2,1021.0,127.37
11.662,23.846,1073.3,3.6411,0.0,0.0,0.0,1012.7,51.2,1011.9,127.37
11.629,24.002,1074.0,3.6838,53.7,0.2,1.0,1013.1,87.9,1011.1,127.37
11.654,23.586,1073.6,3.361,91.6,0.3,1.0,1010.7,49.5,1013.9,127.37
11.436,22.033,1069.1,3.1582,0.0,0.0,0.0,1024.0,87.9,1028.1,127.38
12.056,25.684,1080.9,4.3234,876.7,3.2,9.0,1004.2,23.9,1004.8,127.39
11.826,24.776,1076.8,4.0909,73.7,0.3,1.0,1009.6,48.7,1007.8,127.39
11.703,25.0,1077.5,3.844,470.1,1.7,5.0,1008.5,84.5,1011.9,127.4
11.784,24.595,1075.9,4.0631,398.5,1.4,4.0,1005.7,24.6,1010.7,127.4
11.646,23.69,1073.8,3.2665,0.0,0.0,0.0,1009.1,86.9,1021.9,127.4
11.483,23.001,1068.3,3.2397,0.0,0.0,0.0,1014.3,45.0,1018.1,127.4
11.72,23.976,1075.4,3.6701,0.0,0.0,0.0,1012.2,52.3,1013.0,127.41
11.819,24.953,1077.6,3.9019,0.0,0.0,0.0,1010.2,82.0,1015.9,127.41
11.779,24.779,1076.7,3.9322,268.7,1.0,3.0,1008.7,52.2,1010.0,127.41
11.509,24.761,1070.5,3.101,0.0,0.0,0.0,1014.9,58.1,1021.3,127.42
11.513,23.864,1068.8,3.3775,0.0,0.0,0.0,1008.5,51.2,1022.0,127.42
11.962,25.406,1079.7,4.1767,686.4,2.5,7.0,1008.0,28.1,1013.9,127.43
11.755,25.186,1078.0,3.9349,0.0,0.0,0.0,1007.0,6.3,1012.1,127.43
11.756,24.865,1077.8,3.8403,326.9,1.2,3.0,1011.7,89.1,1007.7,127.43
11.375,23.047,1069.4,2.9768,0.0,0.0,0.0,1010.0,89.1,1020.3,127.43
11.666,23.376,1074.3,3.2406,0.0,0.0,0.0,1018.5,87.9,1014.0,127.43
11.821,25.129,1078.8,4.0411,2.8,0.0,0.0,1011.2,83.4,1004.1,127.43
11.548,24.226,1074.1,3.7464,0.0,0.0,0.0,1010.6,86.9,1005.9,127.43
11.6,23.623,1073.3,3.3625,428.9,1.5,4.0,1004.8,87.9,1021.1,127.43
11.954,24.968,1079.2,4.0156,620.9,2.2,6.0,1016.5,50.0,1014.9,127.43
11.754,24.762,1076.1,4.0231,232.7,0.8,2.0,1004.8,81.8,1009.8,127.44
11.855,25.033,1078.1,4.1616,814.5,2.9,8.0,1008.8,5.2,1007.7,127.44
11.589,23.155,1073.9,3.5846,0.0,0.0,0.0,1023.4,89.1,1026.0,127.44
11.748,24.919,1077.6,3.916,11.4,0.0,0.0,1011.0,87.9,1015.0,127.45
12.037,25.87,1081.6,4.3007,331.5,1.2,3.0,1005.1,47.0,1009.9,127.45
11.809,25.229,1079.0,3.9954,3.2,0.0,0.0,1012.4,0.0,1014.0,127.45
11.81,24.784,1076.4,3.8184,278.2,1.0,3.0,1007.6,11.9,1013.9,127.45
11.801,24.526,1076.5,3.7297,369.6,1.3,4.0,1012.5,89.1,1007.0,127.46
11.394,22.083,1064.6,2.715,0.0,0.0,0.0,1019.6,90.3,1018.3,127.46
11.804,24.778,1076.7,4.0821,218.5,0.8,2.0,1009.6,27.7,1007.8,127.47
11.557,22.906,1071.6,3.1667,76.0,0.3,1.0,1021.3,89.1,1009.3,127.47
11.6,24.13,1071.2,3.3907,323.5,1.2,3.0,1006.8,76.6,1019.1,127.47
11.483,23.327,1072.8,3.3353,0.0,0.0,0.0,1003.6,48.7,1019.0,127.47
11.957,25.811,1081.4,4.2955,878.1,3.2,9.0,1004.5,43.3,1008.9,127.47
11.655,23.414,1074.6,3.2809,80.0,0.3,1.0,1018.9,52.2,1011.2,127.48
11.841,24.872,1077.5,3.9106,0.0,0.0,0.0,1009.6,82.0,1016.0,127.48
11.928,25.122,1078.3,3.943,746.4,2.7,7.0,1008.4,89.1,1005.3,127.48
11.782,24.988,1077.8,3.9329,870.0,3.1,9.0,1008.0,48.8,1013.9,127.49
11.726,24.921,1077.3,3.8904,847.5,3.1,8.0,1007.8,48.8,1013.9,127.49
11.961,25.417,1079.5,4.1247,46.5,0.2,0.0,1005.3,87.8,1016.0,127.49
11.625,23.952,1072.5,3.7076,0.0,0.0,0.0,1006.3,30.0,1014.8,127.49
11.838,24.24,1077.3,3.7456,671.8,2.4,7.0,1015.5,0.0,1014.6,127.49
11.399,23.174,1063.1,3.4605,0.0,0.0,0.0,1019.0,91.7,1021.1,127.49
11.826,24.979,1077.7,3.9663,654.6,2.4,7.0,1002.6,0.0,1013.9,127.49
11.928,25.385,1079.2,3.9749,234.1,0.8,2.0,1005.9,0.0,1009.8,127.5
11.643,23.582,1074.8,3.4364,0.0,0.0,0.0,1011.5,0.0,1020.3,127.5
11.578,24.038,1073.3,3.7685,0.0,0.0,0.0,1002.9,0.0,1015.0,127.5
11.724,25.005,1077.6,4.0052,0.0,0.0,0.0,1005.9,81.0,1015.9,127.5
11.873,25.548,1080.1,4.1191,155.0,0.6,2.0,1004.7,36.0,1016.0,127.51
11.919,25.973,1081.4,4.261,854.6,3.1,9.0,999.96,23.9,1014.9,127.52
11.484,22.92,1072.8,2.8291,0.0,0.0,0.0,1019.1,90.3,1022.1,127.52
11.555,24.205,1073.7,3.7621,0.0,0.0,0.0,1006.6,77.2,1013.0,127.52
11.898,25.116,1078.2,4.147,591.0,2.1,6.0,1005.4,0.0,1011.6,127.52
11.851,25.722,1080.6,4.1153,384.0,1.4,4.0,1003.9,44.5,1015.9,127.52
11.708,24.917,1077.2,4.0033,0.0,0.0,0.0,1008.9,43.8,1012.0,127.52
11.729,23.851,1075.7,3.7148,1.7,0.0,0.0,1017.6,50.0,1018.0,127.52
11.905,25.019,1078.6,4.0467,0.3,0.0,0.0,1010.2,5.3,1010.0,127.52
12.007,25.917,1081.8,4.358,568.4,2.0,6.0,999.86,44.9,1014.9,127.52
11.95,25.351,1080.4,4.0864,867.6,3.1,9.0,1012.8,48.2,1020.8,127.53
11.976,25.643,1080.5,4.1111,284.9,1.0,3.0,1004.2,29.4,1015.9,127.53
11.951,25.394,1079.8,3.9815,223.6,0.8,2.0,1011.8,77.6,1014.0,127.53
11.917,25.533,1080.0,4.2736,29.1,0.1,0.0,1002.2,28.1,1012.1,127.53
11.783,24.714,1077.2,3.9757,454.6,1.6,5.0,1009.6,10.0,1010.7,127.53
11.955,25.345,1079.5,4.1576,762.4,2.7,8.0,1007.8,48.8,1013.9,127.54
11.707,23.811,1075.0,4.207,724.4,2.6,7.0,1025.9,78.8,1017.2,127.54
11.614,24.034,1072.9,3.7975,0.0,0.0,0.0,1003.1,43.6,1015.8,127.54
11.663,24.855,1076.5,3.8456,613.4,2.2,6.0,1008.6,84.3,1006.0,127.54
11.846,25.418,1079.3,4.0521,933.6,3.4,9.0,1001.0,0.0,1014.8,127.54
11.7,24.39,1075.0,3.8258,457.3,1.6,5.0,1007.3,86.9,1012.0,127.54
11.94,25.354,1080.1,4.0694,859.0,3.1,9.0,1012.0,48.8,1008.8,127.54
11.789,24.534,1075.9,4.0745,238.3,0.9,2.0,1007.0,48.3,1008.9,127.54
11.547,22.46,1070.9,3.2998,0.0,0.0,0.0,1030.8,0.0,1033.5,127.55
11.802,25.283,1079.3,3.9935,405.6,1.5,4.0,1012.0,0.0,1015.8,127.55
11.916,25.334,1079.5,3.9404,414.0,1.5,4.0,1011.3,43.6,1014.1,127.55
11.823,24.78,1076.6,4.0973,0.0,0.0,0.0,1002.6,10.0,1013.8,127.56
11.696,24.088,1074.4,3.7693,131.4,0.5,1.0,1013.1,0.0,1013.8,127.56
11.879,25.172,1079.9,4.0399,59.4,0.2,1.0,1019.2,89.1,1014.8,127.56
11.893,25.324,1078.8,4.1575,757.5,2.7,8.0,1005.0,43.6,1007.0,127.56
11.767,24.619,1075.8,3.8985,85.2,0.3,1.0,1009.1,81.9,1008.8,127.56
11.743,24.709,1077.4,4.073,0.0,0.0,0.0,1009.1,30.0,1007.8,127.56
11.563,23.926,1073.0,3.8925,0.0,0.0,0.0,1003.5,90.0,1005.2,127.57
11.806,25.392,1079.8,4.0088,73.4,0.3,1.0,1012.3,0.0,1014.0,127.57
11.718,23.631,1075.0,3.6068,0.0,0.0,0.0,1017.6,0.0,1020.8,127.57
11.892,25.105,1077.9,3.9063,94.8,0.3,1.0,1008.9,23.9,1010.0,127.57
11.779,24.879,1078.0,3.7935,615.2,2.2,6.0,1018.3,28.3,1011.9,127.58
11.476,22.326,1069.5,2.7331,0.0,0.0,0.0,1023.6,52.3,1025.9,127.58
11.516,23.398,1072.9,3.2726,0.0,0.0,0.0,1004.3,31.1,1018.1,127.58
11.756,25.164,1077.4,4.0011,656.7,2.4,7.0,1002.7,43.8,1014.8,127.58
11.728,24.329,1075.1,3.7554,198.3,0.7,2.0,1007.3,89.1,1011.9,127.58
11.773,24.655,1075.7,3.7514,628.4,2.3,6.0,1008.2,30.1,1013.1,127.58
11.85,25.286,1079.0,4.2192,868.7,3.1,9.0,1008.2,8.7,1007.9,127.59
11.962,25.376,1080.4,4.0794,905.0,3.3,9.0,1012.8,48.2,1021.0,127.59
11.915,25.15,1079.3,4.1147,534.9,1.9,5.0,1009.4,48.8,1014.0,127.59
11.459,22.946,1072.1,3.1471,0.0,0.0,0.0,1019.9,89.1,1013.1,127.59
11.872,25.355,1079.4,3.9378,537.4,1.9,5.0,1010.9,43.6,1014.0,127.59
11.503,23.628,1069.4,3.3039,0.0,0.0,0.0,1012.9,0.0,1020.2,127.59
11.793,25.232,1079.2,4.1646,798.1,2.9,8.0,1007.7,51.2,1012.8,127.6
11.792,25.189,1078.4,4.015,889.8,3.2,9.0,1001.7,10.0,1014.7,127.6
11.805,24.61,1076.7,3.9314,75.5,0.3,1.0,1010.7,84.5,1007.8,127.6
11.792,24.507,1076.4,4.4654,326.2,1.2,3.0,1015.8,48.8,1022.1,127.61
11.61,23.101,1072.7,3.2298,49.0,0.2,0.0,1011.7,89.1,1019.2,127.61
11.721,24.624,1077.1,3.4858,681.7,2.5,7.0,1005.5,56.9,1010.0,127.61
11.78,24.825,1077.1,3.913,0.0,0.0,0.0,1011.7,85.4,1011.8,127.61
11.737,24.37,1075.9,3.8262,254.0,0.9,3.0,1012.1,5.2,1015.0,127.61
11.777,24.116,1076.5,3.6711,151.0,0.5,2.0,1015.0,0.0,1012.8,127.62
11.585,23.16,1072.6,3.2414,0.0,0.0,0.0,1019.8,0.0,1018.1,127.62
11.77,24.483,1078.8,3.8186,750.0,2.7,8.0,1015.9,0.0,1015.9,127.62
11.71,24.703,1076.8,3.9321,62.9,0.2,1.0,1007.2,0.0,1003.8,127.62
11.694,24.679,1076.0,4.0416,0.0,0.0,0.0,1007.5,0.0,1008.8,127.62
11.432,22.542,1070.8,2.9959,418.2,1.5,4.0,1030.1,82.1,1021.4,127.62
11.436,23.454,1068.8,2.9858,0.0,0.0,0.0,1022.7,43.4,1021.0,127.63
11.496,22.17,1069.8,3.2296,0.0,0.0,0.0,1023.9,85.5,1028.2,127.63
11.69,24.693,1076.7,4.0939,0.0,0.0,0.0,1010.4,30.0,1008.0,127.63
11.78,25.227,1078.7,4.031,610.0,2.2,6.0,1009.1,89.1,1005.1,127.63
11.869,25.253,1078.9,4.0884,1.2,0.0,0.0,1005.8,82.0,1016.0,127.63
11.733,24.478,1075.6,3.9072,67.1,0.2,1.0,1008.1,84.3,1010.9,127.64
11.706,24.275,1075.6,3.8172,217.5,0.8,2.0,1013.5,51.0,1013.8,127.64
11.793,25.011,1078.7,3.8689,201.9,0.7,2.0,1011.6,89.1,1008.9,127.64
11.715,24.19,1074.1,3.697,33.5,0.1,0.0,1012.1,89.1,1009.1,127.64
11.956,25.21,1079.3,4.0219,59.9,0.2,1.0,1012.6,8.8,1019.9,127.64
11.602,22.956,1073.1,3.1569,0.0,0.0,0.0,1019.1,80.0,1019.1,127.65
11.854,24.985,1077.1,3.829,622.4,2.2,6.0,1007.0,8.9,1014.0,127.65
11.828,24.654,1077.0,3.8112,0.0,0.0,0.0,1008.9,23.9,1010.8,127.65
11.876,24.99,1077.8,4.0695,73.5,0.3,1.0,1008.6,77.2,1010.7,127.65
11.824,25.007,1078.6,3.9808,106.8,0.4,1.0,1010.5,87.9,1013.0,127.65
11.531,27.954,1071.2,3.3303,0.0,0.0,0.0,996.45,54.7,1015.2,127.65
11.75,24.643,1075.0,3.9016,0.0,0.0,0.0,1000.8,0.0,1014.9,127.66
11.514,24.104,1073.5,3.6732,428.4,1.5,4.0,1008.8,43.8,1009.0,127.66
11.53,23.16,1071.0,3.1008,226.2,0.8,2.0,1016.1,82.7,1029.2,127.66
11.713,24.403,1075.4,3.7707,143.3,0.5,1.0,1012.9,89.1,1006.1,127.67
11.823,24.94,1077.6,4.1468,3.8,0.0,0.0,1004.4,50.0,1005.9,127.67
11.45,23.146,1067.2,3.2741,296.7,1.1,3.0,1003.0,85.4,1013.1,127.67
11.827,25.504,1079.6,3.9915,413.8,1.5,4.0,1004.9,0.0,1009.8,127.67
11.8,24.823,1077.0,4.0875,266.3,1.0,3.0,1008.9,23.9,1010.9,127.67
11.533,24.121,1073.1,3.7941,0.0,0.0,0.0,1006.2,1.3,1013.9,127.68
11.823,24.837,1076.0,3.9004,0.0,0.0,0.0,1003.6,0.0,1014.8,127.68
11.823,25.357,1078.9,4.1749,603.8,2.2,6.0,1006.2,86.9,1011.0,127.68
11.732,24.629,1076.9,3.9834,269.6,1.0,3.0,1009.9,10.0,1010.8,127.69
11.611,23.965,1073.2,3.9426,0.0,0.0,0.0,1003.5,56.9,1006.0,127.69
11.911,25.562,1079.7,4.0835,517.6,1.9,5.0,1003.5,50.7,1015.8,127.69
11.846,25.377,1079.8,4.1636,709.0,2.6,7.0,1005.2,27.8,1011.6,127.69
11.868,24.892,1077.0,4.1044,0.0,0.0,0.0,1002.3,0.4,1013.8,127.69
11.576,24.074,1073.1,3.7932,0.0,0.0,0.0,1006.3,1.3,1013.9,127.69
11.659,24.336,1074.5,3.7157,191.3,0.7,2.0,1006.5,87.9,1011.8,127.69
11.83,25.184,1078.7,3.9025,626.0,2.3,6.0,1011.2,48.2,1013.9,127.7
11.742,24.813,1077.8,3.8172,362.1,1.3,4.0,1011.9,89.1,1007.0,127.7
11.782,24.893,1077.5,4.0842,455.4,1.6,5.0,1008.8,23.9,1010.9,127.7
11.8,24.359,1076.2,3.8223,884.9,3.2,9.0,1013.6,44.0,1017.7,127.7
11.515,24.249,1073.9,3.7109,678.6,2.4,7.0,1008.3,54.7,1010.0,127.71
11.511,23.681,1071.2,3.1233,361.1,1.3,4.0,1015.6,82.7,1029.1,127.71
11.758,24.496,1075.9,3.7857,750.2,2.7,8.0,1011.9,82.0,1013.8,127.71
11.89,24.986,1078.1,3.9319,0.0,0.0,0.0,1010.5,88.1,1015.1,127.71
11.679,24.386,1076.0,3.8562,363.6,1.3,4.0,1013.2,44.0,1017.9,127.71
11.775,24.59,1076.3,4.0838,249.5,0.9,2.0,1005.8,24.0,1010.6,127.72
11.849,24.949,1078.1,3.8354,305.6,1.1,3.0,1011.5,27.5,1016.0,127.72
11.871,25.138,1078.7,4.1156,205.5,0.7,2.0,1007.9,43.4,1008.8,127.72
11.802,25.431,1079.3,4.1702,611.3,2.2,6.0,1006.1,85.4,1011.0,127.72
11.838,25.361,1079.8,4.0461,896.4,3.2,9.0,1009.7,23.9,1017.7,127.72
11.771,24.405,1076.1,3.841,342.5,1.2,3.0,1014.8,48.8,1018.8,127.72
11.894,25.452,1079.5,4.0867,352.7,1.3,4.0,1003.5,84.5,1015.0,127.73
11.937,25.357,1079.4,4.1613,853.5,3.1,9.0,1004.8,43.6,1007.8,127.73
11.699,23.551,1074.5,3.674,0.0,0.0,0.0,1016.0,0.0,1020.2,127.73
11.832,25.231,1079.1,4.1265,798.4,2.9,8.0,1007.8,84.3,1012.8,127.74
11.847,25.144,1079.4,3.9311,57.1,0.2,1.0,1015.5,31.5,1010.9,127.74
11.844,25.072,1077.7,4.0767,6.3,0.0,0.0,1007.5,0.0,1009.0,127.74
11.76,25.179,1078.4,4.0387,343.0,1.2,3.0,1008.5,89.1,1009.9,127.74
11.708,24.255,1074.2,3.7224,51.3,0.2,1.0,1009.1,89.1,1005.9,127.74
12.0,25.894,1081.6,4.3361,406.2,1.5,4.0,999.9,43.3,1014.9,127.74
11.815,25.306,1079.9,4.0831,847.3,3.1,8.0,1013.1,24.0,1021.0,127.74
11.628,23.15,1072.6,3.18,0.0,0.0,0.0,1015.6,0.0,1022.1,127.75
11.465,23.747,1069.8,3.2504,368.8,1.3,4.0,1017.7,77.6,1018.2,127.75
11.591,24.031,1073.6,3.7949,0.0,0.0,0.0,1007.6,40.0,1011.1,127.75
11.45,23.688,1069.4,3.0238,3.0,0.0,0.0,1018.8,40.0,1018.1,127.75
11.965,25.36,1079.6,4.1869,644.7,2.3,6.0,1008.1,29.5,1013.8,127.75
11.768,24.877,1077.1,3.9862,0.0,0.0,0.0,1005.7,0.0,1003.9,127.75
11.507,23.446,1072.9,3.4675,0.0,0.0,0.0,998.78,0.0,1008.1,127.76
11.673,23.962,1074.5,3.7769,16.2,0.1,0.0,1015.8,0.0,1020.0,127.76
11.554,23.742,1069.9,3.3446,0.0,0.0,0.0,1014.6,85.4,1019.1,127.76
11.781,24.127,1076.3,3.6112,39.6,0.1,0.0,1004.7,85.5,1022.2,127.76
11.753,24.356,1074.9,3.7439,1.6,0.0,0.0,1007.6,74.8,1011.0,127.77
11.682,24.257,1073.6,3.7862,0.0,0.0,0.0,1006.1,0.0,1014.0,127.77
11.553,23.252,1072.6,3.2045,0.0,0.0,0.0,1016.4,8.8,1019.3,127.77
11.592,23.934,1073.3,3.8973,130.6,0.5,1.0,1005.5,89.3,1005.3,127.77
11.737,29.853,1075.8,3.3058,763.8,2.7,8.0,1016.6,50.0,1020.0,127.77
11.389,23.168,1069.5,3.0817,0.0,0.0,0.0,998.7,90.6,1024.2,127.78
11.771,24.293,1075.8,3.8018,0.0,0.0,0.0,1013.6,5.2,1018.9,127.78
11.757,25.107,1077.8,3.8656,505.2,1.8,5.0,1008.1,89.1,1011.4,127.78
11.867,25.466,1080.3,4.2015,0.0,0.0,0.0,1011.1,38.2,1009.8,127.78
11.876,25.615,1080.8,4.2939,783.5,2.8,8.0,1010.8,24.7,1007.9,127.78
11.807,25.175,1078.4,4.0188,794.1,2.9,8.0,1002.2,10.0,1014.0,127.79
11.639,23.216,1073.0,3.2416,207.7,0.7,2.0,1011.9,89.1,1019.2,127.79
11.669,24.353,1076.4,3.7394,0.0,0.0,0.0,1009.2,0.0,1014.0,127.8
11.728,24.86,1076.9,3.9595,248.4,0.9,2.0,1009.3,50.0,1006.0,127.8
11.787,25.265,1079.0,4.1982,867.9,3.1,9.0,1008.2,5.2,1007.8,127.8
11.496,24.041,1069.2,3.4158,404.2,1.5,4.0,1005.8,23.9,1020.2,127.8
11.957,25.399,1080.0,4.4474,120.1,0.4,1.0,1008.5,27.4,1015.8,127.8
11.793,24.731,1077.6,3.9275,199.2,0.7,2.0,1016.9,52.2,1017.9,127.8
11.858,25.272,1079.5,3.9359,81.2,0.3,1.0,1011.6,5.3,1014.1,127.8
11.87,25.253,1079.3,4.1921,198.7,0.7,2.0,1009.9,48.7,1006.7,127.81
11.9,25.137,1079.4,3.887,737.6,2.7,7.0,1018.1,24.6,1012.9,127.81
11.479,25.359,1071.1,3.0334,0.0,0.0,0.0,1009.8,89.1,1020.3,127.81
11.753,24.684,1076.2,3.9126,155.0,0.6,2.0,1008.4,87.9,1010.8,127.81
11.748,24.344,1075.9,3.8594,0.0,0.0,0.0,1013.0,24.0,1021.0,127.81
11.858,25.413,1079.9,4.1941,0.0,0.0,0.0,1010.9,39.5,1009.0,127.81
11.962,25.348,1079.5,4.2307,676.0,2.4,7.0,1008.2,8.7,1008.0,127.81
11.837,24.867,1077.3,3.8554,93.0,0.3,1.0,1012.6,85.9,1014.1,127.81
11.649,24.301,1075.2,3.7903,6.4,0.0,0.0,1012.6,89.1,1007.0,127.81
11.711,24.695,1076.2,4.0595,0.0,0.0,0.0,1007.1,0.0,1008.8,127.81
11.658,23.951,1073.3,3.9333,0.0,0.0,0.0,1003.6,56.9,1005.2,127.81
11.765,23.801,1075.6,3.7135,111.2,0.4,1.0,1017.3,5.2,1021.0,127.82
11.834,25.583,1080.1,4.2485,752.0,2.7,8.0,1001.8,44.0,1013.8,127.82
11.797,24.987,1077.2,4.0877,855.6,3.1,9.0,1005.1,43.3,1011.8,127.82
11.583,23.147,1072.7,3.2298,0.0,0.0,0.0,1015.4,0.0,1022.2,127.82
11.842,25.097,1077.1,3.965,485.5,1.7,5.0,1002.3,24.0,1014.7,127.82
11.613,24.361,1075.4,3.7361,6.3,0.0,0.0,1010.1,87.9,1013.8,127.83
12.032,25.512,1080.8,4.087,484.6,1.7,5.0,1013.2,84.5,1009.9,127.83
11.615,24.362,1075.0,3.7343,0.0,0.0,0.0,1007.6,50.0,1011.0,127.83
11.539,23.465,1069.6,3.2159,0.0,0.0,0.0,1020.9,89.4,1024.1,127.83
11.698,24.071,1074.8,3.3996,0.0,0.0,0.0,1008.0,82.7,1013.1,127.83
11.78,23.78,1076.0,3.715,53.2,0.2,1.0,1017.4,90.0,1018.0,127.83
11.855,24.785,1077.4,3.9451,215.0,0.8,2.0,1007.5,0.0,1003.8,127.84
11.862,25.116,1078.0,3.829,854.6,3.1,9.0,1006.2,24.7,1014.7,127.84
11.78,25.228,1078.8,4.1014,209.8,0.8,2.0,1008.7,77.2,1010.6,127.84
11.813,24.861,1077.3,4.0216,223.8,0.8,2.0,1008.7,32.0,1011.9,127.85
11.601,23.586,1075.1,3.3746,0.0,0.0,0.0,1013.9,33.0,1020.1,127.85
11.485,25.101,1072.4,3.068,484.0,1.7,5.0,1029.7,49.8,1022.4,127.85
11.727,24.755,1077.1,3.9389,887.1,3.2,9.0,1009.0,23.9,1001.9,127.85
11.636,24.235,1073.9,3.7157,0.0,0.0,0.0,1006.4,77.2,1013.6,127.85
11.925,25.184,1079.7,3.8975,224.2,0.8,2.0,1016.7,7.5,1014.8,127.85
11.814,25.092,1078.7,3.9751,0.0,0.0,0.0,1012.3,0.0,1015.0,127.85
11.905,25.194,1078.9,3.9091,806.4,2.9,8.0,1011.0,51.2,1013.9,127.86
11.795,25.231,1079.2,4.0452,0.0,0.0,0.0,1012.7,0.0,1019.9,127.86
11.834,24.974,1077.7,3.8896,285.3,1.0,3.0,1011.0,0.0,1013.9,127.86
11.759,24.357,1075.7,3.808,7.6,0.0,0.0,1016.5,80.0,1012.8,127.86
11.89,25.158,1077.9,3.9986,940.8,3.4,9.0,1012.7,2.8,1009.7,127.86
11.703,24.185,1075.4,3.8636,297.9,1.1,3.0,1014.0,48.2,1016.8,127.87
11.85,24.899,1077.3,3.9256,305.7,1.1,3.0,1009.3,0.0,1015.8,127.87
11.686,24.023,1074.5,3.6997,0.0,0.0,0.0,1011.2,89.0,1010.1,127.87
11.839,25.185,1078.7,3.9945,484.1,1.7,5.0,1003.0,0.0,1013.8,127.87
11.751,24.289,1075.9,4.4506,392.7,1.4,4.0,1012.0,85.5,1019.9,127.87
11.902,25.613,1080.8,4.2284,810.4,2.9,8.0,1005.1,48.8,1011.0,127.87
11.705,24.536,1075.5,3.7548,330.1,1.2,3.0,1006.3,87.9,1011.1,127.87
11.815,24.858,1076.6,3.8904,407.5,1.5,4.0,1004.1,48.8,1015.6,127.88
11.636,24.245,1075.5,3.8416,0.0,0.0,0.0,1017.0,80.0,1013.0,127.88
11.962,25.372,1079.5,4.2335,793.1,2.9,8.0,1008.1,8.7,1008.0,127.89
11.709,24.787,1076.9,3.8696,0.0,0.0,0.0,1011.7,52.3,1011.9,127.89
11.855,25.369,1079.3,4.1996,0.1,0.0,0.0,1005.5,50.0,1010.8,127.89
12.055,25.841,1081.7,4.2774,452.0,1.6,5.0,1007.1,51.2,1007.9,127.89
12.054,25.667,1081.2,4.2518,641.8,2.3,6.0,1008.2,48.8,1010.7,127.9
11.744,24.455,1076.3,3.8085,72.7,0.3,1.0,1016.3,60.0,1012.7,127.9
11.464,22.851,1069.6,2.9742,0.0,0.0,0.0,1010.9,93.5,997.2,127.9
11.8,25.255,1078.7,4.0615,372.6,1.3,4.0,1004.5,25.2,1015.8,127.9
11.861,25.389,1080.2,4.0803,939.8,3.4,9.0,1009.7,24.2,1017.9,127.9
11.497,23.809,1071.8,3.6357,0.0,0.0,0.0,1003.0,52.3,1013.2,127.9
11.785,24.998,1077.2,3.9347,409.6,1.5,4.0,1004.2,50.8,1015.8,127.91
11.988,25.96,1081.7,4.359,606.2,2.2,6.0,1005.0,50.0,1011.0,127.91
11.703,24.03,1074.5,3.6908,5.8,0.0,0.0,1012.8,55.7,1011.1,127.91
11.918,25.165,1078.8,4.1905,163.5,0.6,2.0,1008.9,0.0,1008.0,127.91
11.552,22.541,1072.4,3.3807,0.0,0.0,0.0,1028.5,2.3,1032.3,127.91
11.937,25.412,1079.6,4.2533,40.9,0.1,0.0,1005.6,28.7,1010.9,127.91
12.13,26.159,1082.8,4.3516,770.7,2.8,8.0,1004.5,43.3,1009.0,127.92
11.64,24.454,1075.2,3.7927,642.6,2.3,6.0,1007.5,86.9,1012.1,127.92
11.585,23.699,1074.0,3.3638,0.0,0.0,0.0,1003.1,40.0,1019.1,127.92
11.814,24.736,1077.1,3.945,771.0,2.8,8.0,1009.2,23.9,1001.9,127.92
11.699,24.426,1074.9,3.8673,40.9,0.1,0.0,1009.6,88.1,1012.2,127.93
11.869,25.293,1079.1,4.1485,674.5,2.4,7.0,1005.3,27.8,1010.9,127.93
11.667,24.51,1075.4,3.8269,247.4,0.9,2.0,1002.9,87.9,1008.7,127.93
11.764,24.95,1077.3,3.8346,762.8,2.7,8.0,1008.0,30.1,1013.8,127.93
12.046,25.45,1080.6,4.1026,919.6,3.3,9.0,1010.0,24.7,1018.0,127.94
11.97,25.499,1080.2,4.0276,732.9,2.6,7.0,1010.5,48.8,1016.6,127.94
11.835,25.371,1079.8,4.1478,733.0,2.6,7.0,1011.6,24.0,1005.7,127.94
11.649,24.403,1075.3,3.7618,63.7,0.2,1.0,1007.5,89.1,1011.1,127.94
11.772,24.671,1076.7,4.0702,7.9,0.0,0.0,1008.0,24.0,1012.8,127.94
11.8,25.202,1078.6,4.0538,651.5,2.3,7.0,1009.3,50.0,1007.0,127.94
11.902,24.607,1078.2,4.453,41.1,0.1,0.0,1021.9,40.0,1014.1,127.94
11.786,24.989,1078.6,3.851,623.0,2.2,6.0,1017.6,43.3,1012.8,127.95
11.77,25.072,1079.2,4.0172,751.4,2.7,8.0,1015.9,48.8,1018.7,127.95
11.833,25.057,1077.5,3.9121,0.0,0.0,0.0,1003.6,0.0,1014.8,127.95
11.791,24.679,1076.2,4.0786,75.9,0.3,1.0,1006.8,24.7,1008.9,127.95
12.097,25.799,1081.8,4.2899,788.0,2.8,8.0,1008.4,50.0,1010.7,127.96
11.537,23.604,1071.3,3.4962,0.0,0.0,0.0,1006.6,89.0,1014.1,127.96
12.009,25.981,1082.5,4.3103,422.2,1.5,4.0,1004.9,47.5,1009.8,127.97
11.447,23.156,1066.7,3.2407,313.0,1.1,3.0,1004.0,48.2,1011.0,127.97
11.694,24.911,1077.4,4.0133,0.0,0.0,0.0,1005.6,0.0,1003.8,127.97
11.856,25.04,1078.8,3.9654,773.4,2.8,8.0,1013.7,23.9,1009.9,127.97
11.997,26.02,1081.6,4.2129,920.9,3.3,9.0,1000.1,24.0,1014.8,127.98
11.62,23.396,1074.1,3.1859,513.1,1.8,5.0,1019.9,48.7,1018.0,127.98
11.388,21.697,1060.5,2.6439,0.0,0.0,0.0,1035.3,15.8,1036.6,127.98
11.794,24.773,1077.2,3.9531,0.7,0.0,0.0,1006.8,0.0,1003.7,127.98
11.831,24.962,1077.2,3.8523,460.6,1.7,5.0,1007.6,11.9,1014.7,127.98
11.882,25.209,1079.0,3.8643,455.8,1.6,5.0,1011.4,28.1,1015.9,127.98
11.775,25.446,1078.9,4.0721,740.0,2.7,7.0,1002.2,48.8,1015.7,127.98
11.908,25.284,1078.8,4.1094,96.9,0.3,1.0,1007.5,50.7,1005.9,127.98
11.716,24.889,1077.1,4.0354,487.9,1.8,5.0,1004.7,82.2,1009.9,127.98
11.406,24.114,1069.7,2.9898,2.3,0.0,0.0,1022.9,61.9,1020.3,127.99
11.567,23.665,1074.4,3.32,0.0,0.0,0.0,1016.1,87.9,1017.9,127.99
11.758,25.431,1078.8,4.0355,639.8,2.3,6.0,1002.1,50.0,1014.9,127.99
11.967,25.813,1081.6,4.2697,314.8,1.1,3.0,1008.8,11.9,1010.8,127.99
11.819,25.184,1078.8,4.0376,0.0,0.0,0.0,1011.1,53.6,1004.1,128.0
11.788,24.865,1077.8,4.0902,225.9,0.8,2.0,1012.0,0.0,1006.7,128.0
11.783,25.263,1079.1,4.1653,370.2,1.3,4.0,1008.6,0.0,1012.0,128.0
11.616,23.435,1074.3,3.7198,0.0,0.0,0.0,1015.8,8.7,1020.1,128.0
11.655,24.099,1074.6,3.8298,0.0,0.0,0.0,1011.9,82.7,1015.2,128.0
11.886,25.236,1078.9,4.1601,369.0,1.3,4.0,1007.7,48.2,1004.8,128.0
11.761,24.55,1076.6,4.1004,0.0,0.0,0.0,1007.8,27.5,1013.1,128.0
11.844,25.184,1078.7,3.9788,14.5,0.1,0.0,1010.3,0.0,1011.8,128.01
11.907,25.383,1080.0,4.0309,777.5,2.8,8.0,1011.5,48.8,1008.0,128.01
11.761,25.035,1077.8,4.1292,0.0,0.0,0.0,1008.2,0.0,1007.9,128.01
11.784,24.902,1077.9,3.8789,668.8,2.4,7.0,1013.0,44.0,1017.9,128.01
11.551,24.011,1073.6,3.8368,0.0,0.0,0.0,1003.8,87.9,1005.3,128.01
11.862,24.992,1078.0,4.1125,549.3,2.0,5.0,1008.8,5.2,1012.0,128.01
11.605,23.073,1072.4,3.4103,429.0,1.5,4.0,1018.0,0.0,1019.2,128.01
12.007,25.797,1081.2,4.3149,308.6,1.1,3.0,1001.8,25.2,1012.9,128.01
11.728,23.98,1076.5,3.2898,216.9,0.8,2.0,1017.2,85.5,1019.2,128.01
11.734,24.324,1075.6,3.7732,0.0,0.0,0.0,1016.8,98.4,1013.7,128.02
11.762,24.449,1075.2,3.9329,0.0,0.0,0.0,1003.0,0.0,1015.1,128.02
11.823,25.602,1080.4,4.274,0.0,0.0,0.0,1002.4,28.1,1012.0,128.02
11.835,25.017,1078.4,4.0156,0.0,0.0,0.0,1012.5,0.0,1011.8,128.02
11.795,25.483,1079.3,4.0585,660.5,2.4,7.0,1002.7,44.0,1015.7,128.02
11.924,25.611,1081.3,4.1312,121.1,0.4,1.0,1010.9,0.0,1012.6,128.03
11.921,25.184,1079.7,3.9336,750.9,2.7,8.0,1017.0,43.6,1013.1,128.03
11.715,23.808,1075.2,4.3297,0.0,0.0,0.0,1018.1,86.7,1021.1,128.03
11.788,25.194,1078.5,4.1477,0.0,0.0,0.0,1003.7,30.0,1012.9,128.04
11.832,25.119,1078.6,3.9706,3.0,0.0,0.0,1008.9,0.0,1016.9,128.04
11.829,25.051,1078.7,3.9691,20.4,0.1,0.0,1011.3,54.7,1012.0,128.04
11.899,25.191,1080.0,4.0382,870.8,3.1,9.0,1015.3,47.1,1018.7,128.05
11.616,23.567,1075.1,3.2501,6.2,0.0,0.0,1019.2,87.9,1012.1,128.05
11.783,24.642,1078.1,3.8981,642.4,2.3,6.0,1007.1,43.3,1009.0,128.05
11.698,23.713,1075.0,3.7183,0.0,0.0,0.0,1010.8,51.2,1013.0,128.06
11.672,24.232,1072.9,4.1323,77.4,0.3,1.0,1004.2,55.7,1005.0,128.06
11.794,25.093,1077.9,3.8433,580.5,2.1,6.0,1008.6,89.0,1011.2,128.06
11.596,23.345,1074.8,3.6185,386.6,1.4,4.0,1020.5,37.0,1025.1,128.06
11.691,24.456,1075.9,3.7729,0.0,0.0,0.0,1013.0,0.0,1008.8,128.06
11.697,24.937,1077.4,4.1533,0.0,0.0,0.0,1009.7,0.0,1010.9,128.06
11.582,28.573,1072.1,3.2055,670.7,2.4,7.0,1012.2,80.0,1022.2,128.06
11.883,25.072,1079.0,4.1459,26.7,0.1,0.0,1012.2,50.0,1007.9,128.06
11.926,25.544,1079.9,4.2369,848.1,3.1,8.0,1001.8,42.9,1013.8,128.06
11.817,24.7,1077.1,3.7941,0.0,0.0,0.0,1008.4,23.9,1010.8,128.06
11.997,25.475,1080.9,3.948,379.5,1.4,4.0,1012.0,89.1,1007.9,128.06
11.389,23.228,1067.4,3.2633,234.1,0.8,2.0,1003.7,13.5,1010.1,128.06
11.75,24.925,1077.1,4.0663,843.4,3.0,8.0,1008.8,25.3,1012.0,128.07
11.857,25.015,1077.8,3.9868,411.6,1.5,4.0,1009.4,52.2,1007.6,128.07
11.852,25.294,1079.2,4.1245,63.9,0.2,1.0,1006.7,0.0,1006.8,128.07
11.732,24.395,1076.0,4.4177,12.6,0.0,0.0,1013.4,17.9,1021.9,128.07
11.576,25.743,1072.3,3.1089,462.0,1.7,5.0,1026.6,85.5,1018.4,128.07
11.909,24.926,1078.1,4.1098,729.4,2.6,7.0,1009.6,5.2,1007.7,128.07
11.71,24.289,1075.7,3.83,0.0,0.0,0.0,1014.9,0.0,1020.8,128.07
11.842,24.822,1077.8,3.837,1.4,0.0,0.0,1012.5,89.1,1009.9,128.07
11.794,24.799,1077.2,3.8921,0.0,0.0,0.0,1010.3,0.0,1011.9,128.08
11.708,24.619,1077.1,3.874,218.8,0.8,2.0,1013.5,25.2,1017.9,128.08
11.822,25.113,1078.6,3.942,57.4,0.2,1.0,1011.2,87.9,1014.1,128.08
11.954,25.556,1080.6,4.0569,742.6,2.7,7.0,1010.9,45.0,1015.9,128.08
11.722,24.023,1074.6,3.7839,16.2,0.1,0.0,1012.6,0.0,1013.9,128.08
11.939,25.699,1080.3,4.1879,1.4,0.0,0.0,1000.8,0.0,1014.0,128.08
11.856,25.461,1079.7,3.9286,735.8,2.6,7.0,1010.4,50.0,1016.8,128.08
11.846,24.96,1077.8,3.8997,492.4,1.8,5.0,1009.9,0.0,1015.8,128.08
11.993,25.432,1080.6,3.9921,361.8,1.3,4.0,1009.4,14.9,1015.9,128.08
11.746,23.77,1075.7,3.6605,18.1,0.1,0.0,1016.9,5.2,1020.9,128.09
11.882,24.946,1078.5,4.0317,576.1,2.1,6.0,1009.1,10.0,1010.8,128.09
11.839,24.855,1077.4,3.8717,60.1,0.2,1.0,1012.4,84.5,1014.9,128.09
11.905,25.677,1080.7,4.075,366.1,1.3,4.0,1006.2,51.0,1014.8,128.09
11.946,25.631,1080.5,4.1482,751.6,2.7,8.0,1007.2,48.3,1013.0,128.09
11.832,24.98,1078.3,4.1462,28.9,0.1,0.0,1009.0,0.0,1007.9,128.09
11.54,23.931,1069.8,3.3843,0.0,0.0,0.0,1008.2,50.0,1022.0,128.09
11.703,23.674,1074.0,3.6666,0.0,0.0,0.0,1007.6,43.4,1010.1,128.09
11.787,24.552,1076.3,3.856,0.0,0.0,0.0,1010.0,0.0,1011.8,128.09
11.901,25.344,1079.8,4.1471,782.4,2.8,8.0,1011.2,43.6,1007.8,128.1
11.81,24.988,1077.6,3.9114,0.0,0.0,0.0,1010.8,53.6,1005.1,128.1
11.833,24.86,1076.5,4.0708,0.0,0.0,0.0,1004.3,50.0,1010.8,128.1
11.712,24.601,1076.3,4.0091,8.0,0.0,0.0,1007.1,51.2,1012.0,128.1
11.913,25.418,1079.7,4.1991,856.2,3.1,9.0,1002.1,43.3,1013.7,128.1
11.662,23.974,1075.9,3.7818,12.1,0.0,0.0,1010.2,83.8,1011.8,128.1
11.883,25.396,1080.3,3.98,729.4,2.6,7.0,1009.1,11.9,1015.9,128.11
11.748,24.843,1078.2,3.8665,0.0,0.0,0.0,1015.9,0.0,1014.0,128.11
11.708,25.006,1077.2,3.9677,0.0,0.0,0.0,1006.3,40.0,1016.8,128.11
11.723,23.935,1075.6,3.7262,261.3,0.9,3.0,1010.8,81.5,1013.9,128.11
11.807,25.309,1079.0,4.0909,793.2,2.9,8.0,1003.3,82.0,1010.8,128.11
11.777,24.829,1076.0,3.9113,15.5,0.1,0.0,1001.1,0.0,1014.8,128.11
11.855,25.387,1079.9,4.1271,197.0,0.7,2.0,1008.8,24.2,1012.9,128.11
11.99,26.028,1082.0,4.3104,733.1,2.6,7.0,1004.9,50.0,1011.7,128.12
11.6,22.847,1072.5,3.1344,0.0,0.0,0.0,1019.8,89.1,1014.1,128.12
11.941,25.207,1079.2,4.2161,343.8,1.2,3.0,1009.0,5.2,1008.7,128.12
11.91,25.53,1080.8,4.159,879.4,3.2,9.0,1010.9,43.3,1008.0,128.12
11.888,25.082,1078.0,3.8541,119.1,0.4,1.0,1011.2,0.0,1015.9,128.12
11.822,25.448,1079.8,4.1034,535.2,1.9,5.0,1008.5,56.9,1009.9,128.13
11.714,24.4,1077.4,3.7756,177.0,0.6,2.0,1011.6,51.2,1011.9,128.13
11.834,24.883,1077.1,3.8149,0.0,0.0,0.0,1011.4,0.0,1016.0,128.13
11.844,24.741,1077.3,3.8442,262.5,0.9,3.0,1016.0,60.0,1011.8,128.13
11.674,24.711,1077.2,3.865,494.3,1.8,5.0,1013.0,44.0,1018.0,128.13
11.787,24.877,1076.6,4.044,0.0,0.0,0.0,1003.9,10.2,1011.9,128.14
11.976,25.379,1080.2,3.9716,77.6,0.3,1.0,1010.1,20.8,1015.1,128.14
11.813,25.113,1078.5,3.9741,0.0,0.0,0.0,1010.3,0.0,1012.7,128.14
11.912,25.163,1078.6,4.0903,89.6,0.3,1.0,1007.7,29.0,1008.9,128.14
11.518,24.49,1072.7,3.2329,249.1,0.9,2.0,1013.2,89.1,1011.9,128.14
11.617,24.658,1075.5,3.8643,0.0,0.0,0.0,1003.5,8.8,1016.9,128.14
11.52,23.527,1068.8,3.7551,0.0,0.0,0.0,1017.8,87.2,1025.1,128.14
11.906,24.4,1078.9,3.8946,224.2,0.8,2.0,1016.4,24.7,1017.9,128.14
11.601,23.458,1074.7,3.7694,0.0,0.0,0.0,1015.6,5.2,1020.0,128.14
11.904,25.585,1080.8,4.2021,591.2,2.1,6.0,1008.0,48.8,1009.9,128.14
11.484,24.842,1069.5,3.0557,46.2,0.2,0.0,1024.5,85.5,1018.5,128.14
11.904,25.57,1080.2,3.9602,706.1,2.5,7.0,1010.1,43.6,1014.0,128.15
11.55,24.174,1071.8,3.0807,337.5,1.2,3.0,1027.1,85.5,1018.2,128.15
11.573,23.952,1069.8,3.4062,0.0,0.0,0.0,1008.0,43.8,1022.1,128.15
11.86,25.184,1078.0,3.8483,765.3,2.8,8.0,1006.5,8.9,1013.9,128.15
11.867,24.675,1077.2,4.0076,111.3,0.4,1.0,1009.9,0.0,1010.7,128.15
11.849,25.108,1077.8,4.049,414.7,1.5,4.0,1007.3,87.9,1011.1,128.15
11.899,25.414,1080.0,3.9607,845.3,3.0,8.0,1009.4,8.9,1016.0,128.15
12.056,25.808,1081.7,4.263,377.7,1.4,4.0,1010.8,0.0,1009.8,128.16
11.756,24.578,1078.5,3.7524,601.4,2.2,6.0,1010.3,31.1,1015.9,128.16
11.566,24.025,1071.1,3.3506,0.0,0.0,0.0,1006.7,2.6,1019.0,128.16
11.633,24.295,1074.3,3.704,598.1,2.2,6.0,1008.7,25.6,1009.8,128.16
11.757,23.58,1074.8,3.609,12.7,0.0,0.0,1015.6,87.9,1020.3,128.16
12.063,26.163,1083.2,4.3378,609.1,2.2,6.0,1004.6,43.8,1009.0,128.16
11.706,24.692,1075.4,3.919,0.0,0.0,0.0,1000.7,0.0,1015.0,128.16
11.791,24.815,1077.2,4.1024,893.0,3.2,9.0,1004.9,43.3,1012.0,128.17
11.579,24.071,1074.5,3.8145,0.0,0.0,0.0,1012.0,84.0,1016.9,128.17
11.679,24.093,1074.7,3.7024,4.8,0.0,0.0,1011.6,89.1,1009.2,128.17
11.914,25.634,1080.3,4.0993,582.5,2.1,6.0,1003.1,44.0,1015.9,128.17
11.797,24.158,1077.0,3.798,0.0,0.0,0.0,1013.5,43.6,1016.0,128.17
11.868,25.03,1077.9,4.0,116.4,0.4,1.0,1006.2,0.0,1004.8,128.17
11.753,24.96,1078.3,3.9918,728.4,2.6,7.0,1008.3,0.0,1003.0,128.17
11.769,24.51,1075.7,3.9414,0.0,0.0,0.0,1007.0,89.0,1011.1,128.17
11.998,25.174,1080.2,4.0437,725.2,2.6,7.0,1016.6,49.5,1015.0,128.17
11.291,22.547,1068.4,2.9371,0.0,0.0,0.0,1005.5,78.2,1029.3,128.17
11.959,25.693,1079.2,4.3082,560.4,2.0,6.0,1009.2,43.8,1015.0,128.18
11.85,25.225,1079.7,4.0456,68.5,0.2,1.0,1012.4,0.0,1012.8,128.18
12.049,25.63,1081.5,4.1149,685.9,2.5,7.0,1012.5,48.8,1009.0,128.18
11.905,25.587,1080.1,4.2251,0.0,0.0,0.0,1007.1,50.0,1006.9,128.18
11.944,25.241,1079.5,3.886,100.9,0.4,1.0,1013.5,89.0,1007.0,128.18
11.686,24.365,1074.3,3.7884,0.0,0.0,0.0,1006.0,0.0,1014.1,128.18
11.521,23.307,1072.0,3.047,438.2,1.6,4.0,1030.1,49.8,1022.3,128.18
11.854,25.11,1078.4,3.973,0.0,0.0,0.0,1011.0,53.6,1004.9,128.18
11.899,25.614,1080.5,4.1949,621.5,2.2,6.0,1007.3,48.3,1013.8,128.18
11.744,24.383,1075.0,3.9525,0.0,0.0,0.0,1008.8,0.0,1010.9,128.19
11.672,24.47,1076.0,3.6995,298.9,1.1,3.0,1013.3,89.1,1011.0,128.19
12.093,25.9,1082.1,4.2829,713.7,2.6,7.0,1008.7,48.8,1010.8,128.19
11.736,23.899,1075.6,3.7689,0.0,0.0,0.0,1010.5,50.7,1012.0,128.19
11.86,25.199,1078.5,4.1722,227.2,0.8,2.0,1006.0,86.6,1009.6,128.19
11.91,25.612,1080.1,3.9657,611.0,2.2,6.0,1006.3,50.0,1014.8,128.19
11.854,24.917,1077.5,3.9902,582.7,2.1,6.0,1004.5,85.9,1010.0,128.19
11.811,25.376,1079.1,4.1947,0.0,0.0,0.0,1003.5,1.5,1012.9,128.19
11.898,25.75,1081.1,4.311,676.9,2.4,7.0,1001.7,44.0,1013.8,128.19
11.907,25.51,1080.4,4.2613,801.1,2.9,8.0,1010.8,27.8,1007.8,128.19
11.524,22.913,1072.5,3.6111,0.0,0.0,0.0,1018.1,23.9,1018.2,128.2
11.813,24.817,1077.3,3.9543,614.4,2.2,6.0,1009.2,23.9,1002.0,128.2
11.939,25.609,1081.3,4.126,557.0,2.0,6.0,1011.7,44.0,1019.8,128.2
11.856,25.395,1079.5,4.2367,0.0,0.0,0.0,1002.0,0.9,1011.8,128.2
11.818,24.227,1077.5,3.8113,5.1,0.0,0.0,1015.6,43.6,1015.8,128.2
11.834,25.12,1079.3,3.9035,353.2,1.3,4.0,1011.7,89.1,1008.6,128.2
11.682,24.322,1073.2,3.816,80.8,0.3,1.0,1008.8,43.6,1009.0,128.2
11.635,22.665,1072.8,3.4454,0.0,0.0,0.0,1028.5,0.0,1033.1,128.21
11.63,23.183,1073.0,3.2608,0.0,0.0,0.0,1019.4,43.3,1018.2,128.21
11.774,24.606,1076.4,4.0523,0.0,0.0,0.0,1006.9,50.0,1012.9,128.21
11.804,24.313,1077.0,3.6155,205.1,0.7,2.0,1008.9,40.0,1008.9,128.21
11.938,25.377,1079.6,3.9516,731.7,2.6,7.0,1011.1,48.8,1014.0,128.22
11.81,24.508,1076.5,3.8984,0.0,0.0,0.0,1012.5,24.0,1021.0,128.22
11.787,25.268,1078.9,4.1532,0.0,0.0,0.0,1010.3,0.0,1009.9,128.23
11.687,24.676,1076.7,3.8602,679.0,2.4,7.0,1012.5,82.1,1013.0,128.23
11.89,25.289,1080.5,4.0251,883.8,3.2,9.0,1016.5,50.0,1014.8,128.23
11.869,25.882,1081.4,4.3011,645.7,2.3,6.0,1003.7,50.0,1013.0,128.23
11.831,24.963,1078.2,3.8431,11.3,0.0,0.0,1009.0,23.9,1010.0,128.23
11.775,23.888,1075.7,3.7437,137.6,0.5,1.0,1010.5,80.5,1013.0,128.24
11.839,25.272,1078.9,4.1409,0.0,0.0,0.0,1004.9,50.0,1010.0,128.24
11.972,25.476,1079.8,3.956,76.9,0.3,1.0,1006.6,0.0,1009.0,128.24
12.008,25.786,1081.4,4.3474,273.9,1.0,3.0,1005.1,79.8,1011.0,128.24
11.607,24.231,1074.5,3.939,1.0,0.0,0.0,1005.6,89.1,1005.9,128.24
11.87,25.213,1079.2,4.1574,515.2,1.9,5.0,1011.8,5.2,1006.9,128.25
11.811,25.24,1079.1,3.9163,596.6,2.1,6.0,1009.2,24.0,1011.0,128.25
11.917,25.463,1080.0,4.1407,717.5,2.6,7.0,1008.5,47.5,1011.1,128.25
11.757,24.357,1076.0,3.8072,0.0,0.0,0.0,1016.9,100.0,1013.7,128.25
11.881,25.036,1077.6,4.1371,0.0,0.0,0.0,1002.5,0.4,1013.8,128.25
11.56,25.812,1072.1,3.1805,0.0,0.0,0.0,1018.6,8.8,1030.1,128.25
11.916,25.562,1079.3,4.1116,0.0,0.0,0.0,1000.8,0.4,1014.0,128.25
11.855,25.427,1077.2,4.1036,455.9,1.6,5.0,1007.0,89.1,1011.9,128.26
11.767,25.146,1078.4,3.9674,0.0,0.0,0.0,1011.3,0.0,1014.0,128.26
11.782,24.468,1077.9,3.8783,0.0,0.0,0.0,1009.5,0.0,1008.9,128.26
11.54,25.813,1072.1,3.1711,0.0,0.0,0.0,1018.9,8.8,1029.3,128.26
11.959,25.394,1079.8,4.2529,513.5,1.8,5.0,1008.7,8.7,1008.8,128.26
11.821,24.591,1077.0,3.8624,485.0,1.7,5.0,1014.8,80.5,1018.9,128.26
11.702,24.431,1074.9,3.7429,775.1,2.8,8.0,1007.9,86.9,1010.9,128.27
11.835,25.208,1079.0,3.876,734.6,2.6,7.0,1011.6,88.1,1014.1,128.27
11.808,25.343,1079.3,4.173,722.6,2.6,7.0,1011.1,27.8,1007.7,128.27
11.509,24.562,1070.8,3.0895,405.5,1.5,4.0,1003.9,83.1,1006.4,128.27
11.394,23.633,1070.4,2.9753,0.0,0.0,0.0,1014.7,89.4,1019.2,128.27
11.896,25.21,1078.6,4.0918,580.5,2.1,6.0,1008.7,24.0,1011.0,128.27
11.838,24.987,1077.6,3.9971,0.0,0.0,0.0,1005.3,0.0,1004.7,128.27
11.393,23.411,1069.7,3.0397,0.0,0.0,0.0,1014.7,90.3,1022.2,128.27
12.044,25.639,1081.5,4.1394,729.9,2.6,7.0,1011.2,28.7,1019.7,128.28
11.828,24.769,1076.8,3.9356,479.3,1.7,5.0,1008.5,23.9,1005.7,128.28
11.805,24.3,1076.6,3.5962,0.0,0.0,0.0,1008.3,54.4,1009.9,128.28
11.599,24.021,1069.8,3.4393,0.0,0.0,0.0,1007.6,43.8,1022.1,128.28
11.649,23.143,1075.1,3.2573,0.0,0.0,0.0,1028.7,11.9,1021.3,128.28
11.819,24.919,1076.5,3.9052,129.2,0.5,1.0,1001.5,0.0,1014.8,128.28
11.734,24.707,1077.1,4.0902,0.0,0.0,0.0,1007.8,27.5,1013.0,128.29
11.904,25.332,1079.2,3.9579,346.2,1.2,3.0,1008.2,87.9,1006.0,128.29
11.799,23.916,1076.8,3.7432,167.1,0.6,2.0,1017.3,87.9,1018.8,128.3
11.835,25.506,1080.2,4.1743,528.7,1.9,5.0,1008.2,49.8,1009.9,128.3
11.82,25.214,1078.7,4.1195,250.4,0.9,3.0,1003.6,5.2,1010.0,128.3
11.708,23.732,1075.6,3.6738,0.0,0.0,0.0,1016.5,0.0,1020.9,128.3
11.51,23.03,1075.9,2.8306,0.0,0.0,0.0,1012.2,89.0,1022.9,128.31
11.874,25.718,1081.2,4.2418,874.0,3.1,9.0,1007.9,48.2,1005.9,128.31
11.575,24.085,1072.1,2.8664,0.0,0.0,0.0,1020.4,89.1,1018.3,128.31
11.821,24.771,1076.9,3.9431,0.0,0.0,0.0,1011.8,42.9,1015.9,128.31
11.845,25.021,1078.5,4.0033,395.4,1.4,4.0,1007.4,0.0,1003.8,128.31
11.583,24.39,1075.0,3.742,0.0,0.0,0.0,1007.6,40.0,1011.0,128.31
11.823,25.403,1079.7,4.2131,0.0,0.0,0.0,1010.6,38.0,1009.8,128.32
11.608,23.614,1075.0,3.7344,0.0,0.0,0.0,1015.8,0.0,1020.1,128.32
11.678,23.221,1074.3,3.1998,0.0,0.0,0.0,1020.8,89.1,1007.0,128.32
11.629,27.094,1072.8,3.2127,419.7,1.5,4.0,1004.5,85.5,1011.1,128.32
11.758,25.132,1079.0,4.0073,531.6,1.9,5.0,1007.7,0.0,1003.0,128.32
11.458,23.403,1069.2,3.1782,58.1,0.2,1.0,1021.1,89.4,1025.0,128.32
11.573,22.614,1072.5,3.522,0.0,0.0,0.0,1028.6,0.0,1033.1,128.32
11.71,24.8,1075.9,3.9144,0.0,0.0,0.0,1000.6,0.0,1015.0,128.32
11.732,25.037,1077.1,3.9374,301.7,1.1,3.0,1002.0,23.9,1014.7,128.32
12.029,25.661,1081.7,4.1433,828.3,3.0,8.0,1010.7,24.7,1018.8,128.32
11.65,23.575,1074.1,3.239,105.5,0.4,1.0,1013.2,80.5,1022.9,128.33
11.798,24.775,1078.2,3.8272,314.5,1.1,3.0,1013.7,89.1,1006.7,128.33
11.46,23.252,1067.4,3.1414,60.3,0.2,1.0,1009.2,89.1,1010.2,128.33
11.519,24.736,1072.2,3.0859,437.0,1.6,4.0,1026.7,85.5,1018.3,128.33
11.497,24.825,1072.9,3.1101,335.3,1.2,3.0,1026.3,86.8,1018.2,128.33
11.727,24.84,1077.9,3.854,0.0,0.0,0.0,1012.3,89.0,1009.1,128.34
11.724,23.881,1076.2,3.5162,0.0,0.0,0.0,1011.1,0.0,1020.4,128.34
12.031,25.798,1081.6,4.2586,895.1,3.2,9.0,1004.5,43.6,1008.0,128.34
11.736,24.475,1075.2,3.7693,90.4,0.3,1.0,1006.5,87.9,1012.8,128.35
11.791,25.307,1078.7,4.1627,0.0,0.0,0.0,1005.6,30.0,1010.7,128.35
11.903,25.923,1081.5,4.2498,751.4,2.7,8.0,1005.1,48.8,1011.7,128.35
11.745,25.103,1078.2,4.158,0.0,0.0,0.0,1010.0,0.0,1010.8,128.35
11.44,23.594,1069.3,3.3554,113.9,0.4,1.0,1003.6,33.0,1010.0,128.35
11.745,24.355,1075.8,3.7368,14.2,0.1,0.0,1017.1,50.7,1011.7,128.36
11.801,24.791,1077.4,3.9211,0.0,0.0,0.0,1011.2,0.0,1015.0,128.36
12.055,25.763,1081.6,4.2722,329.3,1.2,3.0,1009.8,48.2,1006.8,128.36
11.832,25.359,1079.9,4.0119,801.3,2.9,8.0,1009.7,23.9,1016.9,128.36
11.909,25.394,1080.2,4.0893,842.8,3.0,8.0,1011.2,5.3,1014.8,128.36
11.56,23.355,1073.4,3.2278,3.2,0.0,0.0,1009.1,0.0,1015.2,128.37
11.653,23.672,1075.5,3.7028,0.0,0.0,0.0,1013.8,11.4,1015.9,128.37
11.534,23.213,1073.5,3.2076,0.0,0.0,0.0,1015.2,0.0,1022.1,128.37
11.851,25.463,1080.0,4.1269,888.4,3.2,9.0,1005.6,24.0,1006.0,128.37
11.674,24.692,1075.8,3.874,0.0,0.0,0.0,1001.4,77.6,1009.9,128.38
11.786,25.394,1078.6,4.0063,752.3,2.7,8.0,1002.6,48.3,1014.8,128.38
11.629,23.329,1074.3,3.2288,108.4,0.4,1.0,1019.0,89.1,1008.0,128.38
11.819,25.104,1079.2,3.9085,470.4,1.7,5.0,1011.8,89.1,1008.6,128.38
11.712,24.585,1077.3,3.7752,857.4,3.1,9.0,1011.7,80.8,1013.9,128.39
11.726,23.509,1074.7,3.2991,0.0,0.0,0.0,1016.1,77.5,1005.5,128.39
11.874,25.514,1080.8,4.2719,0.0,0.0,0.0,1011.2,40.0,1007.9,128.39
11.64,22.86,1072.6,3.4881,17.3,0.1,0.0,1031.6,84.5,1030.2,128.39
11.79,24.816,1077.8,3.7538,438.9,1.6,4.0,1012.5,87.9,1008.3,128.39
11.881,25.3,1080.0,3.9903,0.0,0.0,0.0,1019.0,5.1,1014.0,128.39
11.906,25.178,1078.6,4.1929,91.1,0.3,1.0,1004.6,50.0,1005.9,128.39
12.023,25.753,1080.6,4.2091,0.0,0.0,0.0,1000.9,0.0,1014.0,128.4
12.002,25.683,1081.3,4.2302,328.1,1.2,3.0,1007.8,8.7,1013.0,128.4
11.708,24.896,1077.0,3.9633,0.0,0.0,0.0,1007.1,0.0,1016.8,128.4
11.844,25.338,1079.0,3.9511,581.8,2.1,6.0,1008.1,83.1,1005.2,128.4
11.935,25.343,1080.6,4.0674,399.3,1.4,4.0,1011.9,14.9,1013.8,128.4
11.931,25.222,1079.3,4.1121,494.8,1.8,5.0,1008.2,53.7,1012.0,128.4
11.812,24.963,1077.4,3.9384,0.0,0.0,0.0,1007.7,0.0,1016.0,128.4
11.78,24.499,1076.0,3.8063,73.8,0.3,1.0,1012.9,89.1,1006.9,128.41
11.73,24.368,1075.2,3.9175,0.0,0.0,0.0,1009.7,0.0,1009.9,128.41
11.856,25.114,1078.2,4.0197,0.0,0.0,0.0,1005.7,0.0,1003.0,128.41
11.512,23.276,1073.5,3.205,0.0,0.0,0.0,1015.3,0.0,1022.1,128.41
11.517,22.553,1070.6,2.9969,0.0,0.0,0.0,1020.8,0.0,1019.2,128.41
11.996,25.857,1081.9,4.2498,678.5,2.4,7.0,1008.7,89.1,1008.9,128.41
11.772,25.28,1078.8,4.005,841.4,3.0,8.0,1003.7,86.9,1015.8,128.42
11.992,25.768,1081.6,4.2684,35.6,0.1,0.0,1007.1,58.3,1009.0,128.42
11.723,23.988,1074.8,3.8066,0.0,0.0,0.0,1012.3,0.0,1014.0,128.42
11.938,25.203,1078.9,4.0844,460.5,1.7,5.0,1008.4,32.0,1012.0,128.42
11.401,22.307,1070.2,2.967,0.0,0.0,0.0,1020.5,0.0,1019.1,128.42
11.845,25.34,1079.8,4.1433,476.7,1.7,5.0,1007.3,49.3,1008.7,128.43
11.826,25.178,1079.5,3.8733,925.0,3.3,9.0,1010.2,0.0,1015.8,128.43
11.793,24.741,1077.2,3.8884,373.2,1.3,4.0,1012.1,23.9,1015.0,128.43
11.898,25.69,1081.3,4.2638,46.9,0.2,0.0,1011.0,39.5,1009.7,128.43
11.904,25.449,1079.8,4.1064,647.0,2.3,6.0,1009.0,87.1,1008.0,128.43
11.645,24.238,1076.0,3.849,16.1,0.1,0.0,1013.7,23.9,1016.7,128.43
11.533,23.416,1070.3,2.7144,0.0,0.0,0.0,1011.3,89.1,1016.2,128.43
11.811,24.931,1077.5,3.9372,0.0,0.0,0.0,1012.1,8.0,1015.8,128.43
11.86,25.593,1080.5,4.2649,0.0,0.0,0.0,1002.1,0.9,1011.9,128.44
11.763,25.172,1078.3,3.8982,0.0,0.0,0.0,1008.2,0.0,1009.8,128.44
11.841,24.978,1077.7,3.8489,0.0,0.0,0.0,1011.2,0.0,1016.0,128.44
11.331,22.666,1068.9,2.9258,0.0,0.0,0.0,1005.9,78.2,1028.6,128.44
11.672,24.22,1075.1,3.7418,0.0,0.0,0.0,1011.1,89.0,1010.1,128.44
11.949,25.533,1080.4,4.1725,397.0,1.4,4.0,1006.3,5.2,1006.9,128.45
11.479,23.047,1070.6,3.1227,0.0,0.0,0.0,1020.8,89.1,1009.0,128.45
11.906,25.509,1081.2,4.1211,772.5,2.8,8.0,1012.6,48.2,1020.8,128.45
12.023,25.525,1081.1,4.0113,539.6,1.9,5.0,1009.0,14.9,1015.9,128.45
11.884,25.076,1078.1,3.8398,12.7,0.0,0.0,1011.1,0.0,1016.0,128.45
11.937,25.836,1081.5,4.2996,0.0,0.0,0.0,1005.6,40.0,1010.8,128.46
11.556,26.408,1073.9,3.1191,498.7,1.8,5.0,1029.7,45.0,1023.2,128.46
11.536,24.429,1072.6,2.8659,285.5,1.0,3.0,1022.2,87.9,1022.4,128.46
11.709,23.471,1075.2,3.2977,0.0,0.0,0.0,1023.7,43.8,1022.0,128.46
11.789,25.204,1079.2,3.8589,878.8,3.2,9.0,1010.3,27.7,1015.7,128.46
11.834,24.819,1077.4,3.9569,433.0,1.6,4.0,1009.1,23.9,1002.0,128.46
11.909,25.624,1080.4,4.114,573.7,2.1,6.0,1007.4,42.9,1013.0,128.46
11.809,25.295,1079.1,4.1589,538.9,1.9,5.0,1006.8,53.7,1008.9,128.47
11.818,24.887,1076.8,3.8773,232.3,0.8,2.0,1003.9,49.8,1015.8,128.47
11.71,23.388,1074.9,3.2282,0.0,0.0,0.0,1020.5,85.5,1007.1,128.47
11.718,24.721,1077.4,4.5356,409.3,1.5,4.0,1012.7,27.3,1021.8,128.47
11.661,24.775,1076.9,3.9571,0.0,0.0,0.0,1011.7,0.0,1016.0,128.47
11.957,25.635,1079.8,4.1546,732.6,2.6,7.0,1009.3,86.3,1007.0,128.47
11.806,25.342,1079.8,3.9297,908.1,3.3,9.0,1009.4,5.3,1016.0,128.48
12.11,25.907,1082.5,4.3026,571.7,2.1,6.0,1008.5,50.0,1010.8,128.48
11.804,24.307,1076.6,3.6782,13.1,0.0,0.0,1008.1,27.4,1009.9,128.48
11.955,25.332,1079.5,4.2102,245.9,0.9,2.0,1010.8,85.5,1008.0,128.48
11.495,22.356,1070.6,3.3406,0.0,0.0,0.0,1030.5,71.6,1030.3,128.48
11.434,23.096,1066.9,3.3936,0.0,0.0,0.0,1013.7,77.6,1003.9,128.49
11.812,24.512,1077.0,3.8246,0.0,0.0,0.0,1013.3,0.0,1018.9,128.49
12.004,25.837,1081.8,4.3249,659.6,2.4,7.0,1009.1,47.0,1006.8,128.49
11.51,22.834,1071.5,3.0335,0.0,0.0,0.0,1009.8,61.9,1017.0,128.5
11.485,23.52,1068.0,3.2574,0.0,0.0,0.0,996.12,88.1,1019.0,128.5
12.041,25.57,1081.0,4.2443,0.0,0.0,0.0,1010.5,0.0,1006.9,128.5
11.837,25.397,1079.5,4.1641,790.8,2.8,8.0,1004.1,43.3,1013.0,128.5
11.572,23.85,1071.2,2.8368,0.0,0.0,0.0,1015.5,87.8,1025.0,128.5
11.856,24.784,1077.0,3.8912,0.0,0.0,0.0,1008.0,0.0,1015.9,128.5
11.58,22.776,1072.3,3.1322,181.8,0.7,2.0,1022.9,87.9,1024.9,128.5
11.547,22.651,1072.3,3.1044,166.4,0.6,2.0,1027.2,49.8,1021.0,128.5
11.782,24.796,1077.2,3.9303,0.0,0.0,0.0,1009.2,80.0,1005.8,128.51
11.886,24.881,1077.8,4.1222,0.0,0.0,0.0,1009.3,0.0,1011.0,128.51
11.829,24.929,1077.9,3.9623,0.0,0.0,0.0,1009.3,80.0,1005.9,128.51
11.84,24.913,1078.4,3.9546,69.1,0.2,1.0,1013.0,24.6,1018.0,128.51
11.908,25.362,1080.7,4.0097,849.5,3.1,8.0,1016.7,76.9,1014.0,128.51
11.827,25.415,1080.0,4.0932,565.5,2.0,6.0,1011.0,11.9,1015.7,128.52
11.788,24.558,1076.3,3.8566,10.4,0.0,0.0,1013.5,71.3,1013.9,128.52
11.759,25.382,1078.3,4.0347,0.0,0.0,0.0,1000.8,0.0,1014.8,128.52
11.739,24.222,1075.9,3.8894,0.0,0.0,0.0,1013.2,23.9,1016.9,128.52
11.816,24.324,1076.9,3.6025,0.0,0.0,0.0,1008.4,50.2,1009.8,128.52
11.716,24.322,1074.6,3.6959,0.0,0.0,0.0,1008.9,1.8,1016.8,128.52
11.84,25.409,1080.3,4.2074,351.1,1.3,4.0,1008.7,25.7,1013.0,128.53
11.703,26.596,1074.2,3.1303,366.1,1.3,4.0,1030.0,24.7,1023.2,128.53
11.881,25.382,1080.7,4.0813,567.6,2.0,6.0,1011.8,11.9,1013.9,128.53
11.75,24.455,1075.3,3.9318,0.0,0.0,0.0,1008.5,0.8,1010.8,128.53
11.985,25.677,1081.1,4.2112,800.7,2.9,8.0,1008.3,47.5,1011.9,128.54
11.834,24.621,1077.5,3.7981,373.8,1.3,4.0,1013.4,89.1,1004.7,128.54
11.883,25.267,1078.5,4.0728,66.0,0.2,1.0,1004.4,25.2,1015.9,128.54
11.875,24.721,1077.4,3.8726,0.0,0.0,0.0,1011.1,0.0,1014.9,128.54
11.92,25.828,1081.3,4.2346,889.6,3.2,9.0,1006.7,47.8,1009.7,128.54
12.008,25.035,1080.7,3.8661,567.7,2.0,6.0,1010.4,51.2,1015.0,128.55
11.777,24.439,1075.3,3.9451,0.0,0.0,0.0,1009.2,0.0,1010.8,128.55
11.671,23.038,1074.6,3.1815,287.0,1.0,3.0,1032.9,48.3,1022.0,128.55
11.714,24.284,1076.2,3.8941,0.0,0.0,0.0,1013.2,0.0,1016.8,128.55
11.981,25.74,1081.6,4.2365,518.6,1.9,5.0,1007.7,76.9,1013.0,128.55
12.02,25.626,1081.7,4.1443,655.6,2.4,7.0,1009.8,48.8,1009.7,128.55
11.73,24.944,1077.6,3.955,649.0,2.3,6.0,1008.7,23.9,1005.9,128.56
11.915,25.81,1081.8,4.3184,793.4,2.9,8.0,1010.7,28.3,1007.9,128.56
11.729,24.578,1075.5,3.7974,10.2,0.0,0.0,1006.3,89.1,1013.0,128.56
11.788,24.633,1076.5,3.9355,6.1,0.0,0.0,1007.6,85.5,1011.0,128.56
11.523,27.093,1073.0,3.1088,270.9,1.0,3.0,1012.5,89.1,1020.2,128.56
11.831,25.395,1079.6,4.1179,705.1,2.5,7.0,1008.8,47.0,1011.0,128.56
11.776,24.971,1077.8,4.1837,0.0,0.0,0.0,1009.5,0.0,1011.0,128.56
12.056,25.721,1081.5,4.2256,921.0,3.3,9.0,1010.5,43.3,1008.8,128.56
11.847,24.657,1077.2,4.0243,0.0,0.0,0.0,1009.3,0.0,1011.0,128.57
11.723,24.775,1076.5,3.8497,0.0,0.0,0.0,1006.4,7.7,1013.8,128.57
12.025,25.771,1081.7,4.2594,382.2,1.4,4.0,1009.0,86.9,1008.8,128.57
11.585,25.2,1072.4,3.038,0.0,0.0,0.0,1006.8,89.1,1013.0,128.58
11.861,25.335,1079.1,4.1556,438.5,1.6,4.0,1005.4,5.2,1010.8,128.58
11.688,24.095,1075.5,4.3582,0.0,0.0,0.0,1014.8,55.9,1022.8,128.58
11.928,25.097,1078.6,3.8446,206.8,0.7,2.0,1003.1,51.7,1012.1,128.58
11.708,26.668,1074.2,3.1303,496.3,1.8,5.0,1029.8,44.0,1023.2,128.58
11.748,24.983,1077.3,3.9026,0.0,0.0,0.0,1007.0,0.0,1009.1,128.58
11.928,25.675,1081.1,4.1979,727.2,2.6,7.0,1005.8,0.0,1006.9,128.58
11.736,24.969,1077.4,3.9585,0.0,0.0,0.0,1007.4,0.0,1016.0,128.58
11.749,24.471,1075.6,3.9384,14.8,0.1,0.0,1008.3,0.0,1010.7,128.58
11.66,25.04,1073.7,3.1657,43.5,0.2,0.0,1016.7,89.1,1025.1,128.59
11.591,23.262,1072.0,3.1733,0.0,0.0,0.0,997.33,89.4,1021.6,128.59
11.872,25.043,1078.3,4.1412,110.5,0.4,1.0,1009.0,0.0,1010.9,128.59
11.997,25.483,1080.3,4.1828,677.1,2.4,7.0,1007.6,43.3,1005.0,128.59
11.909,25.671,1074.6,4.4527,0.0,0.0,0.0,1006.8,13.5,1007.9,128.59
11.972,25.619,1081.2,4.2127,165.2,0.6,2.0,1008.0,50.0,1012.2,128.59
11.87,25.377,1080.3,4.2179,0.0,0.0,0.0,1011.0,7.7,1008.0,128.59
12.037,25.817,1078.0,4.4871,0.0,0.0,0.0,1011.0,0.0,1012.0,128.6
11.78,23.296,1073.6,3.2895,0.0,0.0,0.0,1029.3,44.0,1021.2,128.6
11.867,25.615,1080.3,4.1307,854.4,3.1,9.0,1005.7,24.6,1015.7,128.6
11.811,25.284,1079.1,4.1247,0.8,0.0,0.0,1006.9,0.0,1006.0,128.6
11.591,23.203,1072.9,3.2872,0.0,0.0,0.0,1015.6,0.0,1022.1,128.6
11.697,24.148,1074.3,3.992,4.7,0.0,0.0,1004.0,87.9,1005.0,128.6
11.904,25.164,1078.9,3.8803,0.0,0.0,0.0,1013.3,89.0,1006.1,128.6
11.957,25.376,1079.6,4.1832,251.5,0.9,3.0,1007.5,85.3,1006.3,128.6
11.691,23.573,1075.2,3.214,548.3,2.0,5.0,1020.2,48.7,1019.2,128.61
11.819,24.725,1078.8,4.5261,347.3,1.3,3.0,1016.6,80.8,1023.0,128.61
11.859,24.852,1077.8,3.9668,10.2,0.0,0.0,1010.5,52.2,1007.8,128.61
11.776,24.64,1077.0,3.9096,0.0,0.0,0.0,1008.1,0.0,1015.9,128.61
12.029,25.683,1081.3,4.2228,678.3,2.4,7.0,1007.7,43.8,1012.9,128.61
11.757,24.874,1077.4,3.9589,0.0,0.0,0.0,1011.6,42.9,1015.9,128.61
11.923,25.17,1078.8,3.8983,471.3,1.7,5.0,1010.9,0.0,1014.0,128.61
11.673,23.584,1075.9,3.2898,76.2,0.3,1.0,1020.1,89.1,1013.0,128.61
11.898,24.285,1078.3,3.8483,101.1,0.4,1.0,1015.8,43.6,1015.8,128.61
11.57,23.209,1074.1,3.2243,229.6,0.8,2.0,1018.1,52.2,1012.1,128.62
11.757,23.95,1077.2,3.7508,326.4,1.2,3.0,1016.0,23.9,1016.8,128.62
11.809,25.057,1077.4,4.0912,6.5,0.0,0.0,1004.3,43.6,1009.9,128.62
11.952,25.424,1080.4,3.9674,538.9,1.9,5.0,1010.8,8.2,1014.0,128.62
11.897,25.756,1081.1,4.1505,727.2,2.6,7.0,1008.5,55.9,1009.1,128.62
11.85,25.188,1078.6,3.9836,800.8,2.9,8.0,1003.9,87.9,1015.8,128.63
11.898,24.962,1078.5,3.9303,597.6,2.2,6.0,1012.1,77.6,1015.0,128.63
11.798,25.311,1079.8,4.0706,632.7,2.3,6.0,1009.9,28.3,1007.7,128.63
11.835,24.974,1077.2,3.9184,101.7,0.4,1.0,1003.7,25.2,1016.0,128.63
11.787,25.214,1078.7,4.1802,0.0,0.0,0.0,1004.1,0.6,1005.8,128.63
11.824,24.225,1077.4,3.8053,355.3,1.3,4.0,1007.5,89.1,1008.3,128.63
11.865,25.211,1079.0,4.0195,0.0,0.0,0.0,1006.3,38.3,1016.0,128.63
11.841,25.011,1078.9,3.8286,779.3,2.8,8.0,1011.1,27.7,1014.8,128.63
11.551,22.541,1071.5,3.1361,0.0,0.0,0.0,1021.9,86.9,1026.1,128.64
11.888,24.663,1078.6,4.5181,264.1,1.0,3.0,1016.5,81.7,1023.0,128.64
11.956,25.681,1081.1,4.2447,39.6,0.1,0.0,1008.8,40.0,1010.0,128.64
11.853,25.518,1080.0,4.2449,0.0,0.0,0.0,1004.3,1.2,1005.0,128.65
11.657,23.567,1072.6,3.3703,24.8,0.1,0.0,1030.4,87.9,1004.0,128.65
11.92,25.299,1078.7,4.1374,72.4,0.3,1.0,1005.8,85.3,1009.7,128.65
11.505,22.643,1073.1,3.3503,0.0,0.0,0.0,1028.6,2.3,1032.3,128.65
11.68,23.246,1075.5,3.2592,0.0,0.0,0.0,1030.9,8.8,1021.3,128.65
11.955,26.042,1082.8,4.3119,825.9,3.0,8.0,1008.7,48.2,1006.1,128.65
11.661,23.214,1074.7,3.1906,0.0,0.0,0.0,1019.2,80.0,1019.0,128.65
11.787,25.306,1078.8,4.1491,0.0,0.0,0.0,1002.5,1.5,1011.8,128.66
11.557,23.3,1073.5,3.2982,0.0,0.0,0.0,1016.0,0.0,1028.1,128.66
11.846,25.245,1079.2,4.0261,0.0,0.0,0.0,1006.3,81.8,1016.0,128.66
11.901,25.423,1080.6,4.1053,716.3,2.6,7.0,1009.6,29.6,1007.8,128.66
11.802,25.483,1079.8,4.1535,714.7,2.6,7.0,1006.7,51.2,1008.9,128.66
11.781,25.246,1078.8,4.0534,0.0,0.0,0.0,1005.7,0.0,1003.7,128.66
11.677,24.015,1075.7,3.2333,413.6,1.5,4.0,1012.9,0.0,1015.8,128.67
11.665,27.873,1073.5,3.0595,93.2,0.3,1.0,1010.6,51.3,1011.3,128.67
12.037,25.801,1081.8,4.3429,27.0,0.1,0.0,1005.6,28.1,1010.9,128.67
11.794,23.993,1077.3,3.3637,573.8,2.1,6.0,1019.2,82.9,1011.0,128.68
11.934,25.956,1082.4,4.2745,881.1,3.2,9.0,1008.3,48.2,1006.0,128.68
11.673,28.525,1073.9,3.356,362.7,1.3,4.0,993.91,55.7,1017.3,128.68
11.838,25.605,1080.3,4.2249,0.0,0.0,0.0,1008.6,40.0,1009.9,128.68
11.548,23.077,1072.3,3.238,0.0,0.0,0.0,1015.6,0.0,1028.3,128.68
11.871,24.743,1077.7,4.0047,12.2,0.0,0.0,1009.8,0.0,1010.8,128.68
11.951,25.978,1082.2,4.2833,305.6,1.1,3.0,1007.1,51.2,1007.9,128.68
11.552,28.254,1072.6,3.1519,685.3,2.5,7.0,1014.6,23.9,1028.3,128.69
11.87,24.897,1077.7,4.1033,877.7,3.2,9.0,1004.6,43.3,1012.8,128.69
11.74,23.288,1074.7,3.3405,309.2,1.1,3.0,1031.8,89.1,1025.1,128.69
11.7,24.776,1076.5,3.9116,0.0,0.0,0.0,1003.4,24.6,1016.8,128.69
11.95,25.815,1081.6,4.1977,550.6,2.0,6.0,1003.5,44.0,1015.8,128.69
11.693,24.722,1077.0,3.8964,604.9,2.2,6.0,1013.0,82.1,1013.8,128.69
11.585,25.974,1074.2,3.1361,26.0,0.1,0.0,1030.5,0.0,1023.2,128.69
12.03,25.955,1082.0,4.3238,293.3,1.1,3.0,1003.5,44.0,1013.8,128.7
11.815,25.055,1078.8,4.0102,846.4,3.0,8.0,1008.4,0.0,1002.9,128.7
11.774,24.788,1077.3,3.9143,0.0,0.0,0.0,1008.2,5.2,1015.9,128.7
11.703,23.829,1074.8,3.2635,0.0,0.0,0.0,1007.4,86.9,1017.2,128.7
11.935,25.197,1079.1,4.1236,323.7,1.2,3.0,1012.0,0.0,1006.8,128.7
11.86,25.16,1078.7,3.884,366.8,1.3,4.0,1012.2,83.4,1013.8,128.7
11.837,25.286,1080.0,4.0208,871.9,3.1,9.0,1013.1,23.9,1009.8,128.7
11.945,25.7,1081.1,4.0233,753.4,2.7,8.0,1010.3,50.0,1016.8,128.7
11.7,23.685,1075.4,3.4683,0.0,0.0,0.0,1007.3,0.0,1009.1,128.7
11.722,25.171,1071.8,3.8934,0.0,0.0,0.0,1006.7,89.1,1006.2,128.71
11.886,24.472,1078.7,3.7444,519.7,1.9,5.0,1015.2,0.0,1013.7,128.71
12.049,25.842,1081.7,4.25,0.0,0.0,0.0,1006.9,54.3,1009.0,128.71
11.99,25.627,1081.5,4.1274,860.8,3.1,9.0,1009.5,48.3,1008.8,128.71
12.028,25.843,1081.4,4.243,181.9,0.7,2.0,1007.0,87.8,1007.1,128.71
11.901,25.026,1078.9,3.9154,766.5,2.8,8.0,1012.9,44.0,1017.9,128.71
11.91,25.242,1078.8,4.1525,0.0,0.0,0.0,1002.3,8.2,1013.8,128.71
11.569,23.954,1073.8,3.917,0.0,0.0,0.0,1012.6,0.0,1009.0,128.71
11.812,25.164,1079.3,3.9663,1.5,0.0,0.0,1011.7,52.2,1011.9,128.72
12.064,25.634,1081.1,4.3337,511.0,1.8,5.0,1011.0,14.9,1008.8,128.72
11.769,23.614,1075.4,3.6541,0.0,0.0,0.0,1015.5,87.9,1020.1,128.72
11.54,23.946,1072.2,3.1746,21.7,0.1,0.0,1012.4,24.6,1030.2,128.72
11.939,25.27,1079.4,3.9003,346.0,1.2,3.0,1003.1,52.2,1012.7,128.73
11.787,25.293,1079.0,4.1893,0.0,0.0,0.0,1004.2,0.0,1005.0,128.73
11.958,25.635,1081.1,4.2316,798.5,2.9,8.0,1007.6,51.2,1012.9,128.73
11.62,23.71,1073.3,2.8542,160.8,0.6,2.0,1013.7,88.1,1017.1,128.73
11.837,25.212,1079.8,3.9106,57.4,0.2,1.0,1012.1,89.1,1008.9,128.74
11.624,23.074,1073.5,3.7068,30.7,0.1,0.0,1018.3,24.0,1018.2,128.74
11.877,24.49,1078.3,3.801,31.8,0.1,0.0,1011.3,32.5,1013.9,128.74
11.57,22.622,1072.3,3.2954,0.0,0.0,0.0,1023.7,5.3,1027.3,128.74
11.614,25.395,1073.0,3.0534,270.7,1.0,3.0,1008.4,89.1,1011.9,128.75
12.076,25.815,1082.0,4.3281,523.8,1.9,5.0,1009.5,48.2,1006.8,128.75
11.821,25.211,1079.2,3.9231,0.0,0.0,0.0,1016.0,32.0,1011.8,128.75
11.685,23.633,1075.4,3.2471,173.5,0.6,2.0,1019.8,87.8,1017.1,128.75
11.469,23.99,1070.8,3.3643,184.4,0.7,2.0,1012.1,89.1,1021.1,128.75
11.974,25.446,1080.9,4.0954,835.2,3.0,8.0,1011.4,43.8,1014.1,128.75
11.958,25.331,1079.6,4.0863,794.7,2.9,8.0,1005.2,24.0,1005.8,128.75
11.979,25.875,1081.6,4.2705,116.5,0.4,1.0,1003.7,50.0,1012.9,128.75
11.686,24.986,1077.4,4.1122,0.0,0.0,0.0,1004.3,6.6,1011.8,128.75
11.895,25.081,1078.9,3.9267,459.4,1.7,5.0,1015.4,30.3,1010.9,128.75
11.954,25.299,1071.9,4.2699,26.0,0.1,0.0,1015.8,29.0,1015.7,128.75
11.785,24.766,1077.2,4.0171,79.9,0.3,1.0,1007.4,52.3,1011.8,128.76
11.722,24.594,1077.0,4.3764,0.0,0.0,0.0,1010.7,0.0,1014.0,128.76
11.824,25.349,1079.5,4.2068,0.0,0.0,0.0,1008.5,0.0,1007.8,128.76
11.787,24.902,1077.4,3.8633,0.0,0.0,0.0,1011.5,44.8,1011.9,128.76
11.837,25.448,1080.0,4.0262,80.0,0.3,1.0,1009.3,0.8,1017.1,128.76
11.886,24.971,1078.2,4.0702,102.0,0.4,1.0,1008.4,24.6,1011.9,128.76
11.913,25.741,1080.8,4.2549,0.0,0.0,0.0,1005.6,40.0,1009.9,128.77
11.846,24.946,1077.9,4.0211,322.3,1.2,3.0,1007.6,85.4,1011.0,128.77
11.891,25.467,1081.0,4.0903,723.2,2.6,7.0,1011.6,5.2,1014.0,128.77
11.897,25.696,1081.2,4.2015,843.7,3.0,8.0,1005.6,0.0,1006.9,128.77
11.904,25.702,1080.9,4.0701,738.4,2.7,7.0,1005.4,8.8,1015.8,128.77
11.694,23.546,1074.7,3.4441,0.0,0.0,0.0,1007.9,0.0,1011.0,128.78
11.871,24.848,1080.3,3.9137,338.9,1.2,3.0,1011.4,89.1,1014.7,128.78
11.703,28.27,1073.8,3.2861,354.8,1.3,4.0,991.4,89.1,1008.2,128.78
11.735,23.492,1074.8,3.2422,0.0,0.0,0.0,1023.1,14.9,1026.0,128.78
11.94,25.493,1079.8,4.1827,617.9,2.2,6.0,1002.8,5.2,1012.9,128.78
11.743,23.944,1076.4,3.2563,0.0,0.0,0.0,1018.5,86.9,1021.3,128.78
11.606,26.44,1073.6,3.0759,367.1,1.3,4.0,1009.7,52.3,1012.2,128.78
11.918,25.29,1080.2,4.0172,832.6,3.0,8.0,1011.5,81.3,1015.0,128.78
11.851,25.546,1079.3,4.0225,810.2,2.9,8.0,1002.2,48.3,1014.9,128.78
11.734,24.113,1076.4,4.3593,0.0,0.0,0.0,1019.7,52.3,1020.0,128.79
11.775,24.338,1076.5,3.8547,476.4,1.7,5.0,1014.1,43.8,1016.8,128.79
11.813,23.896,1076.6,3.285,136.0,0.5,1.0,1018.0,89.1,1018.3,128.79
11.431,24.857,1071.1,2.9997,0.0,0.0,0.0,1012.8,90.6,1026.6,128.79
11.73,25.002,1077.2,3.9436,13.2,0.0,0.0,1003.6,25.2,1016.0,128.8
11.78,24.727,1076.6,3.7949,466.7,1.7,5.0,1003.8,87.9,1008.7,128.8
11.765,24.89,1078.2,3.875,0.0,0.0,0.0,1012.0,89.0,1010.0,128.8
11.542,25.421,1072.0,3.0467,103.8,0.4,1.0,1005.2,90.3,1024.2,128.8
11.804,23.886,1077.0,3.7004,2.6,0.0,0.0,1016.4,50.0,1019.0,128.8
11.661,23.202,1075.3,3.2559,0.0,0.0,0.0,1030.8,0.0,1022.1,128.8
11.649,23.589,1075.7,3.2887,3.9,0.0,0.0,1023.4,76.9,1022.1,128.81
11.593,27.525,1072.2,3.102,381.2,1.4,4.0,1020.9,0.0,1022.1,128.81
11.979,25.385,1081.2,4.062,835.5,3.0,8.0,1016.6,50.0,1014.9,128.81
11.7,24.336,1076.5,3.8374,653.5,2.4,7.0,1013.9,44.0,1016.8,128.81
11.734,25.062,1077.1,3.9714,0.0,0.0,0.0,1000.8,0.0,1014.9,128.81
11.842,24.732,1077.2,4.0211,0.0,0.0,0.0,1006.8,50.0,1012.9,128.81
11.895,25.099,1078.3,4.1314,0.0,0.0,0.0,1007.9,0.8,1008.0,128.81
11.71,24.621,1076.9,4.0061,0.0,0.0,0.0,1008.5,39.1,1011.1,128.82
11.782,24.854,1078.4,3.8604,881.2,3.2,9.0,1013.1,44.0,1017.8,128.82
11.761,24.834,1077.8,3.7628,371.1,1.3,4.0,1012.9,89.1,1011.0,128.82
11.733,24.113,1075.3,3.8347,0.0,0.0,0.0,1012.1,43.6,1014.9,128.82
11.581,25.752,1072.3,3.1224,0.0,0.0,0.0,1021.3,65.3,1014.1,128.82
11.873,25.232,1079.4,3.8879,0.0,0.0,0.0,1013.5,89.0,1006.1,128.82
11.968,25.216,1079.5,3.8402,521.3,1.9,5.0,1012.3,89.1,1008.3,128.82
11.77,24.523,1076.0,3.9166,84.5,0.3,1.0,1008.4,0.0,1010.7,128.82
11.744,23.558,1075.7,3.2486,0.0,0.0,0.0,1020.4,53.3,1007.1,128.83
11.672,23.128,1074.4,3.1831,0.0,0.0,0.0,1018.8,80.0,1020.1,128.83
11.641,22.953,1073.0,3.1685,0.7,0.0,0.0,1019.3,89.1,1006.1,128.83
11.619,24.616,1072.3,3.1218,1.1,0.0,0.0,1013.7,44.5,1032.2,128.83
11.716,23.974,1075.9,3.4557,248.1,0.9,2.0,1004.0,53.3,1019.2,128.83
11.788,24.684,1078.8,3.8218,363.9,1.3,4.0,1011.4,51.3,1011.9,128.83
11.88,24.46,1078.3,3.8281,0.0,0.0,0.0,1012.5,87.9,1019.1,128.84
11.675,26.619,1074.7,3.1437,176.2,0.6,2.0,1030.2,8.7,1023.2,128.84
11.805,24.548,1076.7,3.9717,0.0,0.0,0.0,1007.6,0.0,1006.7,128.84
11.541,23.14,1073.2,3.2245,29.3,0.1,0.0,1018.8,0.0,1025.0,128.84
11.967,25.579,1080.7,4.1813,605.5,2.2,6.0,1006.9,84.5,1008.7,128.84
11.785,24.645,1076.4,3.8637,0.0,0.0,0.0,1012.3,89.0,1007.8,128.84
11.853,23.956,1077.2,3.7226,220.9,0.8,2.0,1016.0,29.5,1018.9,128.84
11.832,24.8,1079.1,4.549,340.5,1.2,3.0,1016.9,81.9,1023.1,128.84
11.679,24.359,1075.4,4.1152,138.5,0.5,1.0,1004.4,84.3,1005.9,128.84
11.553,26.73,1073.8,3.067,456.3,1.6,5.0,1009.4,51.1,1012.1,128.84
11.972,25.776,1081.3,4.0076,841.4,3.0,8.0,1009.3,43.6,1014.0,128.84
11.801,25.347,1079.0,4.0644,0.0,0.0,0.0,1006.9,89.0,1011.9,128.84
11.79,25.291,1079.4,3.8461,588.7,2.1,6.0,1011.9,87.1,1013.9,128.84
11.806,24.835,1077.5,4.0113,209.9,0.8,2.0,1007.7,52.3,1011.0,128.84
11.909,25.615,1080.5,4.1661,221.5,0.8,2.0,1004.5,8.8,1014.9,128.85
11.374,23.054,1068.0,3.186,0.0,0.0,0.0,1009.6,46.0,1018.1,128.85
11.912,25.279,1079.1,4.107,351.1,1.3,4.0,1008.5,32.0,1011.9,128.85
11.833,25.163,1079.9,4.2181,0.0,0.0,0.0,1011.7,40.0,1007.8,128.85
11.735,23.831,1074.9,3.2707,9.8,0.0,0.0,1007.4,87.9,1018.0,128.85
12.043,24.817,1080.8,3.8791,0.0,0.0,0.0,1018.0,0.4,1015.9,128.85
11.443,22.711,1069.9,2.9907,0.0,0.0,0.0,1010.6,89.1,999.0,128.86
11.875,25.327,1080.2,4.0971,840.9,3.0,8.0,1008.5,44.5,1011.7,128.86
11.936,24.677,1078.5,4.5042,306.0,1.1,3.0,1016.4,80.6,1022.9,128.86
11.612,25.324,1072.9,3.028,156.0,0.6,2.0,1007.7,89.1,1012.0,128.86
11.738,25.041,1077.6,4.1202,0.0,0.0,0.0,1004.0,5.6,1011.9,128.86
11.971,26.0,1082.3,4.3113,859.6,3.1,9.0,1006.5,47.8,1009.8,128.86
11.628,28.446,1072.4,3.2482,0.0,0.0,0.0,997.0,55.7,1015.2,128.87
11.783,24.09,1077.5,3.3111,414.4,1.5,4.0,1017.2,83.3,1019.1,128.87
11.934,25.938,1082.0,4.28,649.5,2.3,6.0,1004.9,25.2,1011.0,128.87
11.707,23.349,1074.6,3.2441,127.1,0.5,1.0,1011.7,89.1,1019.1,128.87
11.911,25.69,1081.4,4.2612,860.0,3.1,9.0,1003.8,25.2,1010.8,128.87
11.913,25.92,1081.8,4.2506,69.0,0.2,1.0,1000.6,0.0,1014.1,128.88
11.956,25.552,1080.6,4.1583,545.7,2.0,5.0,1008.1,43.3,1004.8,128.88
11.798,24.725,1077.5,3.7719,391.7,1.4,4.0,1013.3,89.1,1011.1,128.88
11.794,30.525,1076.6,3.3131,554.3,2.0,6.0,1017.1,50.0,1020.0,128.88
11.859,25.169,1078.2,4.0741,440.2,1.6,4.0,1006.4,83.3,1011.0,128.88
11.579,22.873,1072.5,3.1824,0.0,0.0,0.0,1020.5,6.7,1015.2,128.89
11.545,25.527,1071.0,3.0722,0.0,0.0,0.0,1006.4,87.9,996.0,128.89
11.989,25.684,1080.9,4.225,39.5,0.1,0.0,1008.0,50.0,1012.0,128.89
11.54,26.38,1072.3,3.0744,187.5,0.7,2.0,1024.0,85.5,1019.4,128.89
12.067,25.72,1081.8,4.2333,42.8,0.2,0.0,1010.3,0.0,1006.9,128.89
11.769,24.018,1076.2,3.5042,0.0,0.0,0.0,1002.2,15.7,1016.9,128.89
11.723,24.97,1077.4,3.8522,0.0,0.0,0.0,1006.6,0.0,1009.0,128.9
11.948,25.281,1079.8,4.182,0.0,0.0,0.0,1010.8,6.1,1008.0,128.9
11.871,25.415,1080.0,4.0148,0.0,0.0,0.0,1012.2,0.0,1014.8,128.9
11.915,25.766,1082.0,4.366,667.7,2.4,7.0,1010.8,25.2,1008.7,128.9
11.84,25.063,1078.8,4.0031,916.7,3.3,9.0,1008.6,0.0,1002.8,128.9
11.933,25.258,1078.6,3.9733,599.3,2.2,6.0,1004.1,85.5,1015.7,128.9
11.514,22.843,1071.4,3.1716,0.0,0.0,0.0,1013.7,85.5,1017.3,128.9
11.777,24.755,1076.9,3.9495,0.0,0.0,0.0,1008.5,39.1,1010.6,128.9
11.803,23.973,1076.4,3.336,0.0,0.0,0.0,1016.0,11.9,1021.2,128.91
11.996,25.488,1080.6,3.9645,588.5,2.1,6.0,1011.0,31.5,1014.0,128.91
11.92,25.682,1081.9,4.1394,801.7,2.9,8.0,1009.6,48.3,1008.9,128.91
11.689,23.189,1073.8,3.2105,134.9,0.5,1.0,1021.4,89.1,1009.3,128.91
11.485,22.966,1071.9,3.0042,0.0,0.0,0.0,1010.0,61.9,1016.2,128.91
11.836,25.48,1080.2,4.1098,0.5,0.0,0.0,1008.9,50.0,1012.8,128.91
11.803,23.737,1075.6,3.3214,290.3,1.0,3.0,1018.3,89.1,1022.1,128.92
12.125,25.628,1083.9,4.1805,80.0,0.3,1.0,1008.1,50.0,1016.0,128.92
11.663,23.191,1073.3,3.1914,0.0,0.0,0.0,1018.0,43.4,1035.2,128.92
11.711,24.661,1076.5,3.796,0.0,0.0,0.0,1011.6,89.0,1010.2,128.92
11.782,24.764,1078.0,3.8733,923.1,3.3,9.0,1013.4,44.0,1017.8,128.92
11.846,24.988,1077.9,3.9337,9.4,0.0,0.0,1011.9,52.2,1015.0,128.92
12.02,25.443,1080.7,4.0641,870.1,3.1,9.0,1011.4,80.1,1014.9,128.92
11.877,25.325,1080.2,3.8846,656.4,2.4,7.0,1011.5,28.3,1016.7,128.93
11.823,24.167,1076.8,3.5536,32.1,0.1,0.0,1003.3,21.0,1013.2,128.93
11.752,24.015,1076.8,3.6783,0.0,0.0,0.0,1013.8,43.6,1012.8,128.93
11.521,25.955,1071.2,3.0632,0.0,0.0,0.0,1005.9,87.9,996.2,128.93
11.922,25.758,1081.6,4.1816,910.6,3.3,9.0,1005.3,0.0,1006.9,128.93
11.962,25.766,1081.6,4.2372,730.5,2.6,7.0,1007.7,43.3,1005.0,128.93
11.808,23.986,1077.4,3.7444,408.7,1.5,4.0,1015.7,51.2,1017.6,128.93
11.777,24.271,1075.9,3.7448,0.0,0.0,0.0,1016.3,53.8,1011.9,128.93
11.618,26.931,1072.4,3.1241,108.0,0.4,1.0,1016.0,33.5,1027.5,128.94
11.796,24.381,1077.3,3.7727,348.0,1.3,3.0,1007.6,43.6,1008.8,128.94
11.872,25.177,1079.3,3.8809,437.2,1.6,4.0,1012.0,87.9,1012.1,128.94
11.993,26.109,1082.8,4.3912,428.7,1.5,4.0,1005.1,82.2,1011.7,128.94
11.717,24.661,1075.5,3.8182,0.0,0.0,0.0,1006.5,54.8,1014.0,128.94
12.11,26.012,1082.9,4.2912,713.4,2.6,7.0,1010.5,0.0,1009.7,128.94
11.894,25.182,1079.0,4.181,0.0,0.0,0.0,1003.9,6.1,1006.0,128.95
11.711,23.297,1074.4,3.2823,0.0,0.0,0.0,1015.0,23.9,1020.2,128.95
11.537,28.428,1073.1,3.1355,328.9,1.2,3.0,1020.5,46.0,1016.1,128.95
11.691,24.354,1073.2,3.3596,103.6,0.4,1.0,1016.2,94.2,1022.2,128.95
12.132,26.174,1083.3,4.3692,169.9,0.6,2.0,1005.3,27.5,1009.9,128.95
11.814,24.105,1077.7,3.7627,0.0,0.0,0.0,1017.1,50.0,1019.0,128.95
11.875,25.484,1080.7,4.176,395.1,1.4,4.0,1008.7,82.0,1009.9,128.95
11.928,25.516,1081.5,4.0723,834.8,3.0,8.0,1015.0,45.0,1018.7,128.96
11.903,24.791,1078.5,4.5297,467.0,1.7,5.0,1015.8,89.1,1022.0,128.96
11.832,24.672,1078.0,4.5478,402.7,1.4,4.0,1012.0,85.5,1019.0,128.96
11.769,25.005,1077.9,3.7986,504.0,1.8,5.0,1006.0,86.4,1011.8,128.96
11.8,24.537,1079.2,3.7237,33.3,0.1,0.0,1012.0,25.2,1013.9,128.96
11.828,24.093,1077.5,3.3271,252.8,0.9,3.0,1017.9,80.8,1022.2,128.96
11.871,25.459,1080.3,4.1157,0.5,0.0,0.0,1009.9,81.3,1006.0,128.96
11.751,23.734,1075.0,3.726,0.0,0.0,0.0,1007.1,40.0,1010.2,128.97
11.892,25.034,1078.7,3.9834,931.5,3.4,9.0,1008.7,0.0,1002.0,128.97
11.943,25.901,1082.5,4.3077,860.5,3.1,9.0,1004.0,25.2,1010.9,128.97
11.914,25.365,1078.9,4.1016,0.0,0.0,0.0,1002.4,0.0,1011.0,128.97
11.824,25.496,1080.4,3.9519,748.3,2.7,7.0,1011.2,48.8,1016.7,128.97
11.838,25.528,1080.3,4.1974,808.0,2.9,8.0,1002.4,24.6,1013.0,128.97
11.591,24.801,1074.3,3.1305,0.0,0.0,0.0,1030.9,0.0,1022.5,128.97
11.691,23.628,1075.5,3.2115,66.4,0.2,1.0,1019.7,89.1,1017.1,128.98
12.103,26.047,1082.4,4.3597,808.6,2.9,8.0,1004.4,23.9,1004.8,128.98
11.587,22.664,1072.1,3.1442,0.0,0.0,0.0,1026.2,44.0,1021.1,128.98
11.697,23.25,1074.6,3.2287,0.0,0.0,0.0,1019.2,8.8,1022.1,128.98
11.727,25.042,1078.0,4.1307,0.0,0.0,0.0,1007.7,0.2,1008.7,128.98
11.98,25.294,1079.8,3.8566,1.4,0.0,0.0,1013.8,89.1,1006.1,128.98
11.697,23.465,1075.3,3.33,0.0,0.0,0.0,1019.6,0.0,1023.3,128.99
11.647,23.588,1075.0,3.2762,234.6,0.8,2.0,1010.9,86.9,1020.2,128.99
11.81,25.295,1079.1,4.1653,0.0,0.0,0.0,1002.8,30.0,1013.0,128.99
11.897,25.158,1078.6,4.0297,0.0,0.0,0.0,1005.4,0.0,1004.8,128.99
11.992,25.954,1081.9,4.2673,0.0,0.0,0.0,1005.7,30.0,1010.0,128.99
11.751,24.972,1076.8,3.9331,0.0,0.0,0.0,1000.6,0.0,1015.0,128.99
11.844,25.139,1078.6,3.9598,0.0,0.0,0.0,1006.3,5.3,1009.0,128.99
11.833,24.605,1077.8,4.5146,246.2,0.9,2.0,1019.7,89.1,1020.1,128.99
11.805,25.269,1078.9,4.1475,0.0,0.0,0.0,1003.9,9.0,1006.6,129.0
11.95,25.392,1080.1,4.2069,160.0,0.6,2.0,1011.9,50.0,1008.0,129.0
11.869,25.416,1079.1,4.186,0.0,0.0,0.0,1004.1,4.6,1011.8,129.0
11.705,23.388,1074.2,3.2152,154.8,0.6,2.0,1018.9,0.0,1025.1,129.01
11.584,22.826,1071.8,2.9979,0.0,0.0,0.0,1018.0,51.2,1004.1,129.01
11.801,24.456,1076.3,3.8311,0.0,0.0,0.0,1013.6,80.0,1014.7,129.01
11.89,24.841,1078.8,4.5471,447.5,1.6,4.0,1015.4,85.3,1022.0,129.01
11.798,24.429,1075.8,3.9491,408.1,1.5,4.0,1004.5,83.3,1005.9,129.02
11.611,22.644,1072.5,3.3023,0.0,0.0,0.0,1023.7,5.3,1028.2,129.02
11.944,25.029,1079.2,3.9543,2.3,0.0,0.0,1012.8,24.0,1018.0,129.03
11.8,24.893,1077.9,3.8959,0.0,0.0,0.0,1011.6,89.1,1010.9,129.03
11.719,23.528,1069.6,3.3181,0.0,0.0,0.0,1031.2,89.1,1002.1,129.03
11.465,22.67,1070.2,3.0024,0.0,0.0,0.0,1007.5,58.1,1022.3,129.03
11.848,25.129,1077.9,4.0833,99.6,0.4,1.0,1004.5,43.8,1009.8,129.03
11.668,25.992,1073.7,3.0407,137.0,0.5,1.0,1018.4,89.1,1009.0,129.03
11.841,24.427,1078.8,3.7385,337.4,1.2,3.0,1015.1,0.0,1013.0,129.03
11.738,24.817,1077.2,3.8023,0.0,0.0,0.0,1002.0,84.0,1010.8,129.03
11.93,25.319,1079.0,4.0673,77.2,0.3,1.0,1004.4,43.6,1011.8,129.04
11.728,24.65,1076.4,3.895,0.0,0.0,0.0,1003.4,5.2,1015.1,129.04
11.866,25.515,1081.1,4.2022,55.2,0.2,1.0,1009.8,48.7,1006.0,129.04
11.852,24.883,1078.0,3.9534,270.8,1.0,3.0,1008.8,0.0,1002.1,129.04
11.638,27.326,1073.1,3.1828,233.8,0.8,2.0,1011.4,80.0,1024.0,129.04
11.752,23.988,1076.9,3.2707,0.0,0.0,0.0,1018.6,86.9,1021.4,129.04
11.646,24.441,1075.7,3.9801,278.6,1.0,3.0,1004.4,85.5,1005.9,129.04
11.898,24.794,1078.7,3.6531,393.3,1.4,4.0,1008.4,23.9,1008.9,129.04
11.782,27.562,1076.4,3.3386,70.8,0.3,1.0,1010.8,0.0,1016.9,129.04
11.798,24.191,1077.6,3.3145,309.5,1.1,3.0,1017.1,85.5,1019.2,129.04
11.624,27.527,1072.8,3.187,309.3,1.1,3.0,999.71,11.4,1017.2,129.04
11.585,28.424,1073.2,3.1795,698.2,2.5,7.0,1014.1,43.3,1028.1,129.04
11.868,25.146,1079.6,3.8558,421.3,1.5,4.0,1012.1,87.9,1012.1,129.04
11.569,27.337,1074.8,3.3487,99.5,0.4,1.0,1006.3,50.0,1025.1,129.04
12.022,25.591,1080.6,3.9706,3.3,0.0,0.0,1007.1,0.0,1009.0,129.04
11.848,25.263,1079.5,4.0251,0.0,0.0,0.0,1009.7,80.0,1005.9,129.05
11.948,25.781,1080.4,4.2104,0.0,0.0,0.0,1007.0,89.0,1011.8,129.05
11.899,25.154,1078.5,3.972,15.6,0.1,0.0,1008.5,0.0,1015.8,129.05
11.531,24.412,1071.3,3.3736,322.1,1.2,3.0,1000.2,6.4,1020.1,129.05
11.822,24.032,1077.1,3.3629,112.9,0.4,1.0,1015.2,31.1,1022.1,129.05
11.915,25.093,1078.2,4.0526,226.3,0.8,2.0,1006.6,81.0,1011.0,129.05
11.839,24.134,1077.7,3.7322,0.0,0.0,0.0,1017.5,8.7,1019.0,129.05
11.964,25.114,1079.5,3.8926,22.5,0.1,0.0,1012.4,89.3,1009.0,129.06
11.646,24.385,1075.5,4.0187,33.0,0.1,0.0,1005.0,85.5,1005.9,129.06
11.762,24.931,1078.6,3.802,436.5,1.6,4.0,1018.1,23.9,1012.8,129.06
11.796,24.712,1076.5,3.9367,0.0,0.0,0.0,1006.6,89.0,1011.2,129.06
11.811,25.177,1079.6,3.967,771.5,2.8,8.0,1011.7,76.4,1015.0,129.06
11.595,23.963,1073.1,3.5511,0.4,0.0,0.0,1006.8,89.1,1014.0,129.06
11.751,24.047,1077.6,3.7525,262.7,0.9,3.0,1016.1,54.8,1017.7,129.07
11.705,23.565,1074.6,3.2879,298.3,1.1,3.0,1010.6,89.1,1020.1,129.07
11.954,25.294,1079.5,4.167,90.2,0.3,1.0,1005.4,5.2,1010.7,129.07
11.949,25.583,1079.9,4.1999,93.5,0.3,1.0,1002.5,0.0,1012.8,129.07
11.904,24.948,1078.1,3.9719,122.2,0.4,1.0,1008.8,0.0,1003.0,129.07
11.636,26.968,1072.8,3.1178,0.0,0.0,0.0,1017.3,89.1,1023.3,129.07
11.956,24.903,1081.0,4.0007,331.1,1.2,3.0,1013.7,48.8,1017.1,129.07
11.948,25.971,1082.3,4.218,848.1,3.1,8.0,1008.6,89.1,1009.7,129.07
11.635,23.558,1074.6,3.2856,353.5,1.3,4.0,1010.6,89.1,1020.2,129.08
11.923,24.909,1081.3,3.903,629.4,2.3,6.0,1016.3,0.0,1016.0,129.08
12.009,25.578,1081.0,4.2593,337.4,1.2,3.0,1011.3,14.9,1008.0,129.08
11.718,24.852,1076.4,3.8494,0.0,0.0,0.0,1001.8,84.0,1010.0,129.08
11.402,23.509,1068.6,3.2464,0.0,0.0,0.0,997.59,89.1,1019.0,129.08
11.515,27.644,1073.3,3.1698,368.0,1.3,4.0,1014.3,89.1,1016.3,129.08
11.863,25.43,1079.6,3.9516,0.0,0.0,0.0,1008.1,0.0,1009.8,129.08
11.947,25.642,1081.2,4.165,786.3,2.8,8.0,1008.9,86.8,1007.0,129.08
11.777,23.947,1076.4,3.5155,0.0,0.0,0.0,1004.2,0.0,1013.3,129.08
11.993,25.507,1081.2,4.1191,51.5,0.2,1.0,1010.3,8.9,1010.0,129.09
11.659,24.058,1074.5,3.3856,0.0,0.0,0.0,996.62,88.2,1020.4,129.09
11.812,24.803,1076.8,3.8772,11.3,0.0,0.0,1002.2,87.9,1008.9,129.09
11.857,25.396,1079.9,4.0139,0.0,0.0,0.0,1011.6,0.0,1013.9,129.09
11.803,24.064,1077.1,3.7555,10.1,0.0,0.0,1008.2,87.9,1011.1,129.09
11.84,24.364,1078.1,3.8223,0.0,0.0,0.0,1013.7,23.9,1015.9,129.09
11.667,24.796,1076.4,3.8517,0.0,0.0,0.0,1001.4,82.7,1010.0,129.09
12.024,25.993,1082.6,4.3831,125.5,0.5,1.0,1005.4,28.7,1011.0,129.1
11.917,25.354,1079.7,4.0634,640.1,2.3,6.0,1005.3,23.9,1005.0,129.1
11.548,26.289,1073.7,3.0504,470.0,1.7,5.0,1009.2,51.1,1012.0,129.1
11.81,24.062,1076.5,3.5168,0.0,0.0,0.0,1002.2,14.9,1018.2,129.1
11.608,24.59,1073.4,3.0228,0.0,0.0,0.0,1016.2,43.6,1010.0,129.1
11.779,24.153,1077.2,3.3834,250.9,0.9,3.0,1016.0,50.0,1014.8,129.1
11.809,24.698,1077.2,3.8939,80.4,0.3,1.0,1013.5,48.8,1013.8,129.1
11.852,25.172,1079.1,3.8781,164.0,0.6,2.0,1012.6,87.1,1014.8,129.1
11.948,25.354,1080.4,4.0346,2.0,0.0,0.0,1012.6,0.0,1012.0,129.1
11.77,23.777,1075.6,3.4057,34.9,0.1,0.0,1016.3,3.6,1027.0,129.1
11.838,24.333,1078.0,3.8088,388.5,1.4,4.0,1007.3,89.1,1009.0,129.11
12.041,26.038,1082.6,4.2951,222.0,0.8,2.0,1000.4,0.0,1014.8,129.11
12.078,26.019,1082.9,4.3145,494.6,1.8,5.0,1005.1,25.2,1011.0,129.11
11.673,23.542,1075.3,3.1818,0.0,0.0,0.0,1019.6,89.1,1017.1,129.12
11.624,23.953,1070.8,3.3769,0.0,0.0,0.0,1004.9,0.0,1019.1,129.12
11.6,23.564,1074.6,3.2057,33.4,0.1,0.0,1017.9,49.8,1034.3,129.12
11.603,23.783,1075.0,3.6962,0.0,0.0,0.0,1007.5,50.0,1010.2,129.12
11.976,26.014,1082.8,4.3283,621.3,2.2,6.0,1007.0,51.2,1009.8,129.12
11.665,24.313,1075.8,4.9655,0.0,0.0,0.0,1014.1,78.2,1021.9,129.12
11.768,24.089,1076.6,3.5426,0.0,0.0,0.0,1002.2,15.7,1017.3,129.13
11.825,24.024,1077.1,3.6533,0.0,0.0,0.0,1013.8,43.6,1013.0,129.13
11.827,24.252,1077.8,3.7459,0.0,0.0,0.0,1014.8,0.0,1016.1,129.13
11.984,25.583,1080.1,4.1979,252.1,0.9,3.0,1002.4,0.0,1012.7,129.13
11.879,24.579,1077.9,3.6322,0.1,0.0,0.0,1008.7,40.0,1008.9,129.13
11.657,23.144,1074.9,3.3594,0.0,0.0,0.0,1031.3,9.0,1034.4,129.13
11.645,23.496,1074.6,3.2409,0.0,0.0,0.0,1016.0,38.2,1022.0,129.13
11.827,25.265,1079.2,4.0399,280.6,1.0,3.0,1005.9,0.0,1004.8,129.14
11.853,24.341,1077.4,4.4139,0.0,0.0,0.0,1016.4,86.3,1023.8,129.14
12.088,25.892,1082.2,4.2687,168.3,0.6,2.0,1006.0,40.0,1011.0,129.14
11.538,24.152,1072.7,3.1404,0.0,0.0,0.0,1013.6,45.0,1032.3,129.14
11.718,24.451,1076.3,3.7202,0.0,0.0,0.0,1016.4,53.8,1011.9,129.14
11.785,25.346,1078.8,4.0702,1.3,0.0,0.0,1004.3,25.2,1015.9,129.14
11.57,23.516,1074.1,3.382,0.0,0.0,0.0,1012.4,74.8,1019.4,129.14
11.997,25.538,1080.1,3.9683,0.0,0.0,0.0,1007.6,0.0,1009.0,129.14
11.781,25.246,1078.4,4.1472,0.0,0.0,0.0,1004.2,7.8,1011.8,129.14
11.465,23.806,1070.1,3.3722,9.5,0.0,0.0,1003.3,11.9,1009.0,129.14
12.104,25.916,1082.5,4.3171,186.4,0.7,2.0,1010.9,0.0,1009.8,129.14
11.985,25.766,1081.4,4.2453,24.6,0.1,0.0,1003.5,1.5,1012.9,129.15
11.715,24.83,1076.9,3.8846,0.0,0.0,0.0,1001.7,76.9,1009.0,129.15
11.801,25.284,1078.7,4.0818,9.2,0.0,0.0,1004.2,23.9,1011.8,129.16
11.66,23.936,1076.2,3.4583,0.0,0.0,0.0,1003.5,0.0,1013.1,129.16
11.934,25.56,1079.9,4.2012,5.4,0.0,0.0,1002.5,0.0,1013.6,129.16
11.675,23.67,1075.2,3.31,9.9,0.0,0.0,1011.2,87.9,1020.0,129.16
11.59,29.097,1074.0,3.2996,331.6,1.2,3.0,991.8,89.1,1009.0,129.17
11.97,25.231,1079.8,3.9737,562.5,2.0,6.0,1014.6,23.9,1010.7,129.17
11.925,25.175,1079.0,4.1426,2.3,0.0,0.0,1009.6,50.0,1007.8,129.17
11.581,22.953,1073.3,3.1476,310.3,1.1,3.0,1022.9,85.5,1024.1,129.17
11.772,23.753,1076.0,3.334,311.3,1.1,3.0,1019.6,0.0,1026.1,129.17
11.814,25.408,1079.8,4.2097,0.0,0.0,0.0,1002.7,50.0,1005.0,129.17
11.657,26.306,1072.5,3.0772,224.3,0.8,2.0,1010.8,89.1,995.4,129.18
12.063,26.054,1082.8,4.3436,506.8,1.8,5.0,1001.5,25.2,1013.0,129.18
11.672,23.221,1075.1,3.3201,0.0,0.0,0.0,1030.3,0.0,1034.2,129.18
11.826,24.1,1077.7,3.3031,469.7,1.7,5.0,1017.5,85.8,1019.1,129.18
11.665,23.635,1074.8,3.4179,0.0,0.0,0.0,1006.3,0.0,1012.2,129.18
11.803,23.714,1075.9,3.2565,0.0,0.0,0.0,1023.3,16.7,1026.1,129.18
12.025,25.71,1082.0,4.1535,909.3,3.3,9.0,1009.4,48.3,1008.7,129.18
11.82,24.161,1077.3,3.7818,62.6,0.2,1.0,1011.7,24.0,1009.0,129.19
11.691,23.939,1075.4,3.38,0.0,0.0,0.0,1002.0,0.0,1012.1,129.19
11.926,26.027,1082.8,4.2492,748.0,2.7,7.0,1008.6,88.1,1009.0,129.19
12.021,25.817,1081.8,4.1894,678.6,2.4,7.0,1004.8,84.5,1012.6,129.19
11.716,24.828,1077.2,3.8442,0.0,0.0,0.0,1010.5,53.6,1005.1,129.19
12.055,25.47,1081.7,4.0003,405.3,1.5,4.0,1016.6,47.5,1014.9,129.19
11.724,23.623,1076.2,3.2686,130.3,0.5,1.0,1018.9,89.1,1010.1,129.19
11.836,25.487,1080.1,4.19,0.0,0.0,0.0,1003.3,30.0,1013.8,129.19
11.831,24.955,1077.5,3.8512,0.0,0.0,0.0,1006.4,6.4,1014.1,129.19
11.862,24.67,1079.8,3.8155,827.5,3.0,8.0,1015.4,0.0,1015.0,129.2
11.815,25.473,1080.4,4.094,0.0,0.0,0.0,1009.9,60.0,1006.0,129.2
11.895,25.639,1081.3,4.0398,581.2,2.1,6.0,1005.6,8.8,1015.7,129.2
11.908,25.646,1081.3,4.2339,822.0,3.0,8.0,1003.8,24.6,1010.8,129.2
11.617,23.497,1074.8,3.2455,0.0,0.0,0.0,1015.4,0.0,1022.1,129.21
11.912,24.89,1078.5,3.9034,455.8,1.6,5.0,1012.2,43.6,1015.0,129.21
11.603,26.62,1073.1,3.097,0.0,0.0,0.0,1021.8,0.0,1013.2,129.21
12.028,25.766,1081.4,4.1905,404.0,1.5,4.0,1004.9,5.3,1015.0,129.21
11.656,28.463,1073.7,3.2276,401.1,1.4,4.0,994.03,0.0,1016.2,129.21
11.927,25.807,1081.8,4.2273,709.1,2.6,7.0,1006.8,88.1,1008.8,129.21
11.826,24.973,1077.2,3.8749,90.4,0.3,1.0,1002.7,87.9,1008.8,129.21
11.797,24.025,1076.9,3.6808,0.0,0.0,0.0,1013.9,43.6,1012.1,129.21
11.899,25.356,1075.1,4.4054,0.0,0.0,0.0,1010.9,87.3,1006.9,129.21
11.554,23.304,1071.9,3.1546,61.9,0.2,1.0,1011.2,84.3,1009.2,129.21
11.82,23.891,1077.0,3.325,48.1,0.2,0.0,1019.3,89.1,1012.0,129.22
11.641,24.183,1076.0,3.8856,0.0,0.0,0.0,1015.5,0.0,1020.9,129.22
11.794,24.139,1076.8,3.5562,0.0,0.0,0.0,1002.5,0.0,1015.2,129.22
12.079,26.16,1083.6,4.3496,724.9,2.6,7.0,1006.7,54.7,1007.9,129.22
11.456,24.006,1069.0,3.3976,0.0,0.0,0.0,1001.6,0.0,1018.1,129.22
11.613,24.651,1074.3,2.8888,144.6,0.5,1.0,1014.6,87.5,1022.1,129.22
11.516,23.153,1072.4,3.1257,0.0,0.0,0.0,1006.7,90.6,1026.4,129.22
11.774,25.324,1079.0,4.1618,4.0,0.0,0.0,1005.6,82.9,1009.9,129.23
11.888,25.72,1081.2,3.9706,779.4,2.8,8.0,1010.9,48.8,1016.7,129.23
11.9,25.772,1081.2,4.2136,557.0,2.0,6.0,1006.4,84.3,1010.9,129.23
11.515,23.108,1072.6,3.0187,0.0,0.0,0.0,1016.4,89.0,1013.1,129.23
11.935,25.121,1078.6,4.1406,0.0,0.0,0.0,1009.2,0.0,1010.9,129.23
11.688,23.829,1074.6,3.455,0.0,0.0,0.0,999.54,0.0,1007.0,129.23
11.889,24.199,1077.7,3.6782,30.1,0.1,0.0,1014.5,43.3,1017.0,129.23
11.774,23.629,1075.9,3.3163,0.0,0.0,0.0,1020.9,44.0,1028.2,129.23
11.817,23.89,1076.3,3.3411,0.0,0.0,0.0,1016.0,8.8,1022.0,129.24
11.523,22.638,1072.7,3.1425,0.0,0.0,0.0,1021.2,49.8,1028.0,129.24
11.639,22.828,1072.6,3.283,15.8,0.1,0.0,1029.7,0.0,1030.3,129.24
11.955,25.443,1079.9,4.1953,249.7,0.9,2.0,1005.4,0.0,1010.8,129.25
11.872,24.637,1079.1,3.8991,44.9,0.2,0.0,1013.2,5.3,1013.0,129.25
11.428,23.543,1069.8,3.5017,0.0,0.0,0.0,1018.7,99.6,1021.1,129.25
12.127,26.115,1083.4,4.3176,557.3,2.0,6.0,1010.6,0.0,1009.8,129.25
11.939,25.977,1082.7,4.271,906.7,3.3,9.0,1010.5,23.9,1009.0,129.25
11.984,24.828,1079.7,4.5619,322.1,1.2,3.0,1019.4,89.1,1020.0,129.25
11.681,24.046,1074.4,3.1067,0.0,0.0,0.0,1030.9,0.0,1022.4,129.25
11.517,24.009,1073.0,3.0954,320.1,1.2,3.0,1027.5,85.5,1018.3,129.25
11.717,23.473,1074.6,3.2493,294.0,1.1,3.0,1019.1,5.2,1025.1,129.25
11.643,24.132,1074.7,3.6032,179.8,0.6,2.0,1011.4,82.2,1020.8,129.25
11.503,25.942,1072.7,3.1771,0.0,0.0,0.0,1001.8,83.1,1016.3,129.26
11.621,22.972,1072.9,3.1826,0.0,0.0,0.0,1018.7,0.0,1025.1,129.26
11.536,27.475,1073.2,3.095,199.6,0.7,2.0,1005.3,90.3,1024.1,129.26
12.004,24.758,1080.3,3.8375,817.8,2.9,8.0,1015.4,0.0,1015.8,129.26
11.549,25.407,1073.4,3.0282,41.9,0.2,0.0,1007.1,89.1,1012.0,129.26
11.547,25.591,1071.8,3.0944,1.4,0.0,0.0,1007.7,87.9,996.0,129.26
11.637,23.779,1075.2,3.7334,0.0,0.0,0.0,1007.1,0.0,1010.1,129.27
11.999,26.082,1083.2,4.3194,650.5,2.3,7.0,1006.5,54.7,1008.6,129.27
11.874,24.259,1077.6,3.6629,0.0,0.0,0.0,1014.1,78.2,1014.9,129.27
11.425,23.728,1069.7,3.2781,299.8,1.1,3.0,1014.2,41.3,1021.1,129.27
11.839,25.521,1080.7,4.1411,328.4,1.2,3.0,1007.6,48.3,1008.7,129.27
11.799,24.148,1076.8,3.5403,0.0,0.0,0.0,1002.7,0.0,1013.2,129.27
11.813,24.094,1077.4,3.2912,0.0,0.0,0.0,1019.1,26.8,1021.1,129.27
11.868,25.568,1080.4,4.1283,919.4,3.3,9.0,1006.0,23.9,1015.7,129.28
12.006,24.875,1081.1,3.9856,221.8,0.8,2.0,1014.1,50.6,1016.8,129.28
12.095,25.911,1082.7,4.2707,185.1,0.7,2.0,1010.1,0.0,1006.9,129.28
12.107,26.018,1082.9,4.3423,339.8,1.2,3.0,1005.6,14.9,1011.0,129.28
11.682,23.155,1074.2,3.2908,98.8,0.4,1.0,1025.9,87.9,1028.0,129.28
11.842,24.437,1077.8,3.8245,33.9,0.1,0.0,1008.6,50.8,1014.0,129.29
11.672,23.642,1076.1,3.2606,0.0,0.0,0.0,1020.2,53.3,1007.2,129.29
11.673,23.689,1074.7,3.3294,157.0,0.6,2.0,1012.1,24.0,1019.2,129.29
11.778,23.778,1076.0,3.3338,65.1,0.2,1.0,1018.1,45.0,1022.2,129.29
11.679,28.908,1074.3,3.2948,125.8,0.5,1.0,992.29,90.3,1002.4,129.29
11.587,28.983,1073.5,3.1975,429.7,1.5,4.0,1014.6,89.1,1015.4,129.29
11.982,25.748,1082.1,4.4954,9.9,0.0,0.0,1008.9,0.0,1015.0,129.29
11.997,25.369,1080.9,4.6873,522.6,1.9,5.0,1009.5,86.9,1017.0,129.29
11.819,24.057,1077.6,3.2983,247.5,0.9,2.0,1018.1,87.9,1019.1,129.3
11.674,23.245,1073.4,3.2222,0.0,0.0,0.0,1017.7,49.3,1035.2,129.3
11.821,25.223,1079.1,4.1389,9.0,0.0,0.0,1009.0,0.0,1010.8,129.3
12.028,25.802,1079.7,4.1772,0.0,0.0,0.0,1009.6,0.0,1010.0,129.3
11.732,23.603,1074.9,3.5847,20.4,0.1,0.0,1004.2,86.4,1017.1,129.31
12.022,25.985,1083.0,4.3279,715.9,2.6,7.0,1010.2,89.1,1008.4,129.31
11.793,24.398,1078.2,3.7891,0.0,0.0,0.0,1013.4,43.6,1015.9,129.31
11.915,25.401,1079.4,4.1037,222.6,0.8,2.0,1005.0,42.9,1011.0,129.31
12.006,24.708,1080.4,3.9326,360.2,1.3,4.0,1016.2,25.7,1018.0,129.31
11.879,24.929,1078.0,3.8649,10.9,0.0,0.0,1008.0,0.0,1015.0,129.31
11.55,22.869,1071.3,2.9918,0.0,0.0,0.0,1011.0,88.1,999.0,129.31
11.825,24.681,1078.2,4.4697,0.0,0.0,0.0,1015.7,40.0,1021.0,129.31
11.834,24.321,1078.0,4.3954,0.0,0.0,0.0,1019.7,84.3,1020.0,129.31
11.855,24.552,1077.6,3.8408,789.7,2.8,8.0,1013.8,44.0,1016.9,129.31
11.789,23.896,1077.1,3.3362,57.3,0.2,1.0,1019.1,89.1,1011.1,129.31
11.724,23.404,1074.7,3.2601,0.0,0.0,0.0,1011.6,87.9,1020.1,129.32
11.561,22.442,1071.7,3.2007,0.0,0.0,0.0,1032.5,40.0,1019.3,129.32
12.012,27.331,1052.4,3.406,0.0,0.0,0.0,1019.9,85.5,1022.0,129.32
12.053,25.731,1082.1,4.0229,219.6,0.8,2.0,1009.9,20.8,1015.9,129.32
11.693,24.056,1076.7,3.4376,0.0,0.0,0.0,1012.0,74.8,1019.2,129.32
11.689,23.599,1076.2,3.2583,89.3,0.3,1.0,1019.5,89.4,1013.1,129.32
11.902,24.186,1077.9,3.754,427.9,1.5,4.0,1014.8,5.2,1015.7,129.32
11.911,25.536,1080.3,4.2361,0.0,0.0,0.0,1002.3,0.9,1011.8,129.32
11.61,22.684,1072.0,3.2755,0.0,0.0,0.0,1031.4,0.0,1027.2,129.33
11.796,24.089,1076.2,3.4789,51.5,0.2,1.0,1002.8,87.9,1019.1,129.33
11.611,23.547,1074.9,3.2819,252.3,0.9,3.0,1011.5,89.1,1019.2,129.33
11.958,24.903,1080.8,3.8435,243.7,0.9,2.0,1011.3,57.0,1014.8,129.33
11.528,26.74,1073.0,3.1022,154.7,0.6,2.0,1021.7,11.9,1012.1,129.33
11.594,22.958,1073.1,3.2549,84.7,0.3,1.0,1019.1,49.8,1010.0,129.33
11.805,24.297,1078.0,3.7589,0.0,0.0,0.0,1014.1,23.9,1016.0,129.33
11.695,23.606,1075.0,3.2894,300.0,1.1,3.0,1010.9,89.1,1020.0,129.33
11.566,28.362,1073.6,3.1944,483.4,1.7,5.0,1015.1,89.1,1015.3,129.34
11.604,22.655,1072.8,3.2275,0.0,0.0,0.0,1031.5,84.5,1020.3,129.34
11.542,24.135,1073.6,3.1769,78.1,0.3,1.0,1006.0,87.9,1018.2,129.34
11.789,24.047,1076.8,4.3433,0.0,0.0,0.0,1019.3,52.3,1020.0,129.34
11.721,23.708,1076.7,3.2846,98.9,0.4,1.0,1019.3,89.4,1013.1,129.34
11.967,24.628,1080.5,3.8962,414.6,1.5,4.0,1019.6,48.3,1023.2,129.34
11.85,25.645,1080.5,4.156,0.0,0.0,0.0,1005.5,12.4,1010.8,129.35
11.548,22.952,1071.8,3.1865,0.0,0.0,0.0,1013.2,85.5,1017.3,129.35
11.874,25.174,1079.7,3.8952,650.5,2.3,7.0,1011.0,23.9,1014.7,129.35
11.486,23.904,1068.4,3.4528,0.0,0.0,0.0,1012.3,0.0,1017.1,129.35
11.595,23.959,1074.5,3.1212,0.0,0.0,0.0,1017.7,87.9,1008.9,129.35
12.056,25.722,1082.2,4.1627,360.5,1.3,4.0,1010.1,42.9,1009.8,129.36
11.667,23.33,1073.7,3.2931,0.0,0.0,0.0,1014.4,9.0,1021.3,129.36
11.671,27.99,1073.8,3.1618,520.6,1.9,5.0,994.76,0.0,1017.0,129.36
11.516,23.06,1072.3,3.0177,401.6,1.4,4.0,1017.3,56.0,1003.2,129.36
11.465,25.119,1072.0,3.0584,66.1,0.2,1.0,1022.8,83.0,1020.1,129.36
11.993,25.577,1081.7,4.0984,197.2,0.7,2.0,1012.2,2.1,1013.0,129.36
11.762,25.264,1079.0,4.1957,561.5,2.0,6.0,1005.5,24.0,1010.8,129.36
12.081,26.029,1083.0,4.2933,356.5,1.3,4.0,1008.8,87.9,1008.8,129.36
12.001,26.174,1083.1,4.3592,435.8,1.6,4.0,1003.4,50.0,1013.8,129.36
11.962,25.196,1080.0,4.5917,5.4,0.0,0.0,1010.1,87.5,1017.0,129.37
11.902,24.977,1077.5,3.8844,0.0,0.0,0.0,1006.8,10.7,1014.0,129.37
11.749,23.78,1076.7,3.27,310.9,1.1,3.0,1020.1,48.7,1020.1,129.37
11.93,25.465,1079.7,4.1109,398.3,1.4,4.0,1005.4,75.7,1011.8,129.37
11.962,25.722,1081.5,4.2523,0.0,0.0,0.0,1006.7,30.0,1010.9,129.37
11.889,24.825,1079.0,4.53,456.2,1.6,5.0,1016.3,89.1,1022.0,129.37
11.932,25.667,1080.6,4.1579,531.6,1.9,5.0,1006.8,89.1,1011.3,129.37
11.59,24.008,1074.5,3.1279,0.0,0.0,0.0,1030.8,0.0,1023.1,129.38
11.874,24.953,1077.8,3.9849,0.0,0.0,0.0,1008.7,50.0,1009.0,129.38
11.965,25.687,1081.9,4.1536,882.3,3.2,9.0,1009.4,48.3,1008.7,129.38
11.715,24.206,1077.3,3.3209,555.3,2.0,6.0,1013.6,48.8,1023.1,129.38
11.917,25.131,1078.6,3.8561,112.7,0.4,1.0,1007.6,8.8,1014.7,129.38
11.875,25.63,1080.6,4.2046,707.9,2.5,7.0,1002.6,24.0,1012.9,129.39
11.77,23.741,1076.9,3.3039,147.7,0.5,1.0,1020.7,87.9,1009.9,129.39
11.979,25.617,1080.5,4.1148,202.8,0.7,2.0,1004.4,25.2,1015.9,129.39
11.786,23.985,1077.0,3.7735,10.1,0.0,0.0,1012.3,89.1,1018.4,129.39
12.122,25.604,1083.2,4.0938,0.0,0.0,0.0,1009.1,30.0,1015.2,129.39
11.922,24.438,1079.0,3.7119,689.7,2.5,7.0,1017.1,23.9,1019.8,129.39
11.956,25.304,1080.3,3.9179,58.9,0.2,1.0,1012.3,89.0,1009.0,129.39
11.788,23.792,1076.8,3.3114,162.1,0.6,2.0,1019.0,89.1,1011.0,129.39
11.681,26.45,1074.0,3.1976,356.4,1.3,4.0,1015.7,88.1,1015.4,129.39
11.809,24.615,1077.1,3.7656,0.0,0.0,0.0,1016.6,51.3,1011.7,129.4
11.549,23.271,1072.3,3.1352,0.2,0.0,0.0,1010.8,89.4,1029.4,129.4
11.705,23.251,1074.6,3.2471,32.2,0.1,0.0,1021.7,89.1,1007.3,129.4
11.626,23.594,1075.8,3.2363,116.7,0.4,1.0,1018.8,89.1,1009.0,129.4
11.692,23.361,1074.6,3.5549,263.7,0.9,3.0,1018.2,0.0,1018.3,129.4
11.872,25.336,1080.2,3.9438,0.0,0.0,0.0,1018.5,0.0,1013.8,129.41
11.643,23.343,1074.5,3.674,138.5,0.5,1.0,1018.3,23.9,1018.2,129.41
11.658,24.858,1073.1,3.1183,565.6,2.0,6.0,1014.2,27.8,1016.3,129.41
11.944,24.954,1081.4,4.0032,538.6,1.9,5.0,1013.4,48.8,1017.1,129.42
11.965,24.828,1080.0,4.0048,35.7,0.1,0.0,1008.4,0.0,1009.2,129.42
11.472,24.975,1070.3,2.9979,0.0,0.0,0.0,1001.4,46.0,1029.5,129.42
11.771,24.034,1077.0,3.7157,0.0,0.0,0.0,1011.9,60.0,1013.8,129.42
11.661,28.313,1073.7,3.1816,598.2,2.2,6.0,1013.7,43.8,1027.3,129.42
11.71,25.023,1077.7,3.8624,0.0,0.0,0.0,1006.3,5.1,1014.0,129.42
12.008,25.565,1081.2,4.0712,3.3,0.0,0.0,1012.6,8.7,1015.0,129.42
11.821,23.851,1076.6,3.2626,0.0,0.0,0.0,1017.3,89.1,1016.1,129.42
11.608,23.406,1073.1,3.2211,0.0,0.0,0.0,997.32,89.4,1021.5,129.42
11.71,23.57,1076.0,3.616,0.0,0.0,0.0,1018.9,89.0,1023.9,129.43
11.69,24.263,1075.5,3.7866,0.0,0.0,0.0,1012.0,33.3,1012.1,129.43
11.985,25.227,1081.6,3.9709,540.2,1.9,5.0,1009.4,83.4,1013.9,129.43
11.969,25.793,1081.6,4.2134,0.0,0.0,0.0,1005.9,30.0,1010.0,129.43
11.855,24.999,1080.4,4.0045,486.9,1.8,5.0,1007.1,0.0,1009.9,129.43
11.991,25.445,1076.7,3.7931,0.0,0.0,0.0,1013.0,0.0,1013.0,129.43
11.779,24.129,1077.9,3.7393,0.0,0.0,0.0,1016.9,50.0,1019.0,129.43
11.708,28.235,1074.7,3.4019,540.9,1.9,5.0,993.62,0.0,1009.9,129.43
11.5,22.976,1071.7,2.9962,3.7,0.0,0.0,1010.6,95.2,995.1,129.43
11.948,25.927,1082.5,4.2553,775.9,2.8,8.0,1006.8,88.1,1008.7,129.44
11.687,28.408,1074.8,3.3672,262.1,0.9,3.0,993.92,87.9,1018.1,129.44
11.576,22.786,1073.3,3.3264,0.0,0.0,0.0,1031.0,0.0,1033.4,129.44
11.757,23.321,1075.5,3.1933,0.0,0.0,0.0,1018.9,80.0,1020.0,129.44
11.815,23.558,1076.6,3.6606,14.8,0.1,0.0,1023.4,89.1,1025.1,129.44
11.585,28.059,1073.1,3.1108,559.4,2.0,6.0,1020.6,0.0,1022.1,129.45
11.955,25.014,1081.8,3.8409,537.4,1.9,5.0,1014.8,47.5,1019.0,129.45
11.837,25.295,1080.0,3.8606,383.2,1.4,4.0,1012.2,87.9,1012.1,129.45
11.6,24.158,1071.2,3.5104,0.0,0.0,0.0,1013.0,0.0,1017.0,129.45
11.787,24.192,1076.4,3.4731,3.2,0.0,0.0,1002.5,81.9,1019.0,129.45
11.932,26.046,1082.4,4.2892,790.2,2.8,8.0,1004.5,25.2,1011.7,129.46
11.981,25.327,1079.8,4.1527,109.3,0.4,1.0,1010.8,23.9,1007.7,129.46
11.578,28.58,1073.6,3.1473,637.5,2.3,6.0,1018.3,0.0,1019.1,129.46
11.626,23.247,1074.7,3.1974,405.2,1.5,4.0,1023.2,88.1,1024.0,129.46
11.558,22.659,1071.7,3.1563,0.0,0.0,0.0,1025.4,53.3,1010.4,129.46
11.694,22.937,1073.8,3.1621,222.0,0.8,2.0,1027.7,49.8,1021.0,129.47
11.679,23.865,1075.9,3.3843,0.0,0.0,0.0,1007.4,0.0,1017.1,129.47
11.983,25.581,1080.9,4.1379,357.0,1.3,4.0,1010.1,44.9,1006.8,129.47
11.683,28.427,1074.9,3.3335,381.8,1.4,4.0,994.44,87.9,1017.3,129.47
11.806,24.764,1078.5,4.5435,376.4,1.4,4.0,1012.1,85.5,1018.9,129.47
11.553,26.029,1073.0,3.0937,240.0,0.9,2.0,1015.8,89.1,1014.2,129.47
11.582,27.707,1073.0,3.1243,426.4,1.5,4.0,1022.8,89.1,1020.2,129.48
11.911,24.569,1079.3,3.7168,154.1,0.6,2.0,1018.3,0.0,1020.6,129.48
11.766,24.126,1077.3,3.7204,0.0,0.0,0.0,1013.8,49.4,1016.9,129.49
11.73,23.916,1077.3,3.2838,0.0,0.0,0.0,1018.6,89.1,1015.1,129.49
11.706,23.677,1075.0,3.4007,0.0,0.0,0.0,1007.3,0.0,1012.2,129.49
11.696,23.827,1075.4,3.4676,0.0,0.0,0.0,1005.5,0.0,1013.2,129.49
11.682,25.279,1074.2,3.1249,0.0,0.0,0.0,1007.1,89.1,1018.1,129.49
11.891,24.758,1078.8,4.5885,291.3,1.0,3.0,1011.3,87.9,1018.1,129.5
11.792,23.821,1076.3,3.372,0.5,0.0,0.0,1018.6,43.4,1022.2,129.5
12.033,25.675,1081.2,4.1505,471.9,1.7,5.0,1009.7,48.7,1006.9,129.5
11.953,25.478,1080.6,4.0379,0.0,0.0,0.0,1012.2,0.0,1015.8,129.5
11.676,28.939,1073.6,3.1357,776.6,2.8,8.0,1019.5,0.0,1021.2,129.5
11.813,24.726,1077.0,3.8991,0.0,0.0,0.0,1012.4,89.1,1007.0,129.5
11.496,22.556,1072.2,3.195,0.0,0.0,0.0,1033.1,40.0,1018.3,129.5
11.509,22.773,1071.3,2.9794,0.0,0.0,0.0,1014.9,46.0,1030.5,129.5
12.025,25.747,1082.5,4.16,187.8,0.7,2.0,1010.2,8.9,1010.0,129.51
11.939,25.941,1082.3,4.243,802.9,2.9,8.0,1004.5,83.4,1012.0,129.51
11.923,25.736,1080.8,4.1818,200.6,0.7,2.0,1008.8,5.3,1011.9,129.51
11.775,23.903,1077.2,3.2911,0.0,0.0,0.0,1018.5,89.1,1014.2,129.52
11.458,23.197,1072.3,3.0397,0.0,0.0,0.0,1014.9,89.0,999.1,129.52
11.827,24.41,1078.0,3.4372,311.4,1.1,3.0,1011.2,86.9,1022.2,129.52
11.977,24.748,1080.1,3.7592,171.9,0.6,2.0,1012.4,30.1,1013.7,129.52
11.779,23.926,1077.2,3.2934,0.0,0.0,0.0,1017.9,89.1,1015.2,129.53
11.699,23.806,1074.2,3.1105,0.0,0.0,0.0,1017.9,87.9,1007.2,129.53
11.658,23.403,1076.7,3.5629,0.0,0.0,0.0,1031.5,15.7,1028.4,129.53
11.833,24.151,1076.9,3.4056,175.8,0.6,2.0,1010.5,49.5,1013.8,129.53
11.903,25.649,1081.0,4.2136,667.0,2.4,7.0,1004.0,24.0,1010.0,129.53
11.582,24.04,1074.0,3.2218,225.1,0.8,2.0,996.82,90.6,1022.6,129.53
11.935,25.415,1081.0,4.1094,748.9,2.7,7.0,1008.8,25.2,1010.9,129.53
11.566,22.955,1072.5,3.2149,0.0,0.0,0.0,1019.4,50.0,1007.9,129.53
11.855,24.023,1077.3,3.3415,0.0,0.0,0.0,1020.2,0.0,1017.1,129.53
11.752,23.69,1076.7,3.3181,354.5,1.3,4.0,1019.1,46.0,1022.3,129.53
11.88,24.623,1078.6,3.8508,531.8,1.9,5.0,1007.6,76.9,1008.1,129.53
11.691,23.361,1074.9,3.3496,286.7,1.0,3.0,1028.6,44.5,1032.2,129.54
11.662,22.85,1073.5,3.3185,0.0,0.0,0.0,1030.8,0.0,1033.4,129.54
11.718,23.703,1076.7,3.2878,18.1,0.1,0.0,1020.2,89.1,1013.0,129.54
11.559,27.856,1073.4,3.2111,574.5,2.1,6.0,1012.1,80.0,1023.0,129.55
11.998,25.544,1080.2,4.1014,534.8,1.9,5.0,1005.9,85.4,1011.9,129.55
11.648,24.289,1072.0,3.3737,540.6,1.9,5.0,1013.8,50.0,1013.3,129.55
11.905,24.598,1079.7,3.7997,0.0,0.0,0.0,1012.6,71.1,1016.1,129.55
11.773,23.76,1076.2,3.3118,354.7,1.3,4.0,1019.8,85.9,1033.1,129.55
11.551,28.343,1073.3,3.16,482.3,1.7,5.0,1018.0,0.0,1018.2,129.55
11.911,24.59,1079.4,3.8511,552.0,2.0,6.0,1014.7,25.2,1014.9,129.55
11.845,24.061,1077.9,3.734,0.0,0.0,0.0,1016.4,43.8,1020.0,129.55
11.829,24.649,1079.7,3.8723,0.0,0.0,0.0,1014.4,26.2,1018.0,129.55
11.595,25.521,1074.4,3.1666,129.1,0.5,1.0,1015.7,89.1,1025.1,129.55
12.015,24.868,1079.4,3.847,777.4,2.8,8.0,1015.5,0.0,1014.8,129.56
11.775,24.762,1078.8,4.502,295.5,1.1,3.0,1015.0,30.0,1020.9,129.56
11.895,24.25,1077.1,3.4175,305.6,1.1,3.0,1018.5,83.3,1010.8,129.56
11.636,23.775,1070.9,3.6939,0.0,0.0,0.0,1023.3,0.0,1023.0,129.57
11.89,25.725,1081.2,4.1331,0.0,0.0,0.0,1009.9,86.9,1007.9,129.57
11.703,23.774,1076.7,3.3006,81.6,0.3,1.0,1023.2,83.4,1022.3,129.57
11.844,25.597,1080.8,4.2004,0.0,0.0,0.0,1003.8,30.0,1012.9,129.58
12.009,25.68,1080.7,4.2129,450.8,1.6,5.0,1002.6,0.0,1012.8,129.58
11.857,25.127,1080.4,4.7025,383.0,1.4,4.0,1011.1,84.5,1018.8,129.58
11.784,24.805,1078.8,4.4865,132.7,0.5,1.0,1015.1,48.7,1020.8,129.58
11.66,26.461,1073.4,3.1268,0.0,0.0,0.0,1021.4,0.0,1013.1,129.58
11.876,24.314,1077.4,3.5892,24.6,0.1,0.0,1002.1,30.0,1013.0,129.58
11.733,28.403,1074.9,3.3763,320.2,1.2,3.0,993.82,90.3,1006.3,129.58
11.848,24.03,1077.8,3.7271,0.0,0.0,0.0,1015.6,43.8,1020.2,129.58
11.708,24.187,1077.7,3.7094,0.0,0.0,0.0,1016.2,30.0,1018.0,129.58
11.55,23.849,1072.7,3.076,9.6,0.0,0.0,1013.6,89.1,995.9,129.58
11.901,25.178,1081.4,3.9532,405.6,1.5,4.0,1009.8,84.5,1014.0,129.59
11.793,23.495,1075.9,3.3528,349.9,1.3,3.0,1031.7,53.3,1024.3,129.59
11.572,23.098,1072.6,3.0442,373.7,1.3,4.0,1016.8,89.1,1002.1,129.59
11.531,25.677,1072.1,3.1012,0.0,0.0,0.0,1007.0,87.9,996.0,129.59
11.681,28.451,1074.1,3.2106,460.8,1.7,5.0,994.33,0.0,1016.2,129.59
11.765,26.165,1076.0,3.2239,376.3,1.4,4.0,1017.5,80.0,1011.0,129.59
11.645,24.178,1075.1,3.0995,35.4,0.1,0.0,1017.6,87.9,1009.0,129.59
11.545,27.169,1073.0,3.1353,300.8,1.1,3.0,1021.8,85.5,1020.1,129.59
11.687,23.41,1075.5,3.2379,0.0,0.0,0.0,1019.2,8.8,1022.1,129.6
11.932,24.598,1079.4,3.8005,0.0,0.0,0.0,1013.0,71.1,1016.0,129.6
11.895,24.649,1079.8,3.9078,0.0,0.0,0.0,1015.7,50.0,1015.9,129.6
11.662,23.363,1074.8,3.2269,287.6,1.0,3.0,1018.1,54.7,1031.1,129.6
11.683,23.156,1073.5,3.2003,0.0,0.0,0.0,1018.8,0.0,1025.1,129.6
11.798,23.917,1076.0,3.3526,0.0,0.0,0.0,1009.3,87.9,1020.1,129.61
11.567,24.266,1071.8,3.4865,0.0,0.0,0.0,1009.0,54.1,1021.3,129.61
11.807,24.521,1077.9,4.4562,0.0,0.0,0.0,1015.4,87.2,1021.1,129.61
11.535,22.776,1073.6,3.2952,0.0,0.0,0.0,1030.9,0.0,1033.4,129.61
11.843,25.248,1079.8,3.8688,335.6,1.2,3.0,1012.4,87.9,1011.9,129.61
11.794,23.831,1076.9,3.3414,319.9,1.2,3.0,1018.0,89.1,1022.1,129.62
11.79,23.948,1077.0,3.2785,0.0,0.0,0.0,1023.3,8.2,1025.2,129.62
12.04,26.091,1083.1,4.1396,504.8,1.8,5.0,1005.8,50.0,1014.8,129.62
11.763,23.978,1076.9,3.4679,149.4,0.5,1.0,1010.9,23.9,1018.2,129.62
12.012,25.032,1080.7,4.009,231.6,0.8,2.0,1007.2,23.3,1009.9,129.63
11.575,24.606,1074.1,3.0183,0.0,0.0,0.0,1010.6,89.1,1011.1,129.63
11.657,23.452,1074.7,3.3275,485.7,1.7,5.0,1017.7,24.6,1019.3,129.63
11.667,28.69,1074.6,3.1824,654.0,2.4,7.0,1021.0,48.6,1017.1,129.63
11.699,28.89,1074.4,3.2508,421.8,1.5,4.0,993.76,30.0,1011.9,129.63
11.659,24.831,1073.7,3.1849,477.2,1.7,5.0,1015.2,82.7,1029.0,129.63
11.514,25.517,1073.5,3.1861,90.0,0.3,1.0,1011.2,60.0,1023.3,129.63
11.638,23.237,1073.3,3.0864,173.0,0.6,2.0,1028.0,84.5,1018.3,129.64
11.584,22.992,1072.1,3.0801,0.0,0.0,0.0,1021.7,89.1,1020.0,129.64
11.689,28.075,1073.7,3.1622,589.3,2.1,6.0,1021.4,50.0,1013.2,129.64
11.918,24.405,1078.7,3.8712,162.5,0.6,2.0,1012.6,89.1,1017.5,129.64
11.761,23.308,1075.8,3.3343,13.8,0.0,0.0,1030.5,0.0,1034.2,129.64
11.797,24.58,1078.6,3.9499,0.0,0.0,0.0,1012.9,5.3,1013.0,129.64
11.615,23.952,1074.0,3.0314,0.0,0.0,0.0,1011.9,89.1,1008.2,129.65
11.814,24.19,1077.5,3.3622,8.2,0.0,0.0,1015.4,89.1,1014.9,129.65
11.514,23.781,1073.6,2.8254,6.3,0.0,0.0,1023.1,89.1,1025.2,129.65
11.731,23.804,1076.5,3.8484,0.0,0.0,0.0,1015.4,0.0,1019.1,129.65
11.834,24.095,1077.5,3.3184,0.0,0.0,0.0,1018.4,86.9,1021.4,129.65
11.724,23.563,1075.2,3.2631,0.0,0.0,0.0,1016.3,54.7,1022.0,129.65
11.707,23.434,1076.8,3.273,86.1,0.3,1.0,1029.8,81.0,1022.9,129.65
11.571,27.033,1073.6,3.1409,0.0,0.0,0.0,1016.9,89.1,1023.4,129.65
11.794,24.511,1078.3,3.3582,361.0,1.3,4.0,1010.0,84.5,1020.9,129.66
11.886,24.866,1078.1,4.0113,14.3,0.1,0.0,1007.9,0.0,1005.9,129.66
11.567,22.742,1072.5,3.2671,0.0,0.0,0.0,1031.5,0.0,1027.3,129.66
11.945,25.067,1079.6,4.5634,550.3,2.0,6.0,1015.4,54.7,1022.1,129.66
11.832,29.659,1078.5,3.3787,863.4,3.1,9.0,1016.2,50.0,1019.9,129.66
11.479,27.809,1071.5,3.0788,486.7,1.8,5.0,1000.6,50.8,1029.6,129.66
12.047,25.013,1081.7,4.0048,188.4,0.7,2.0,1013.1,81.0,1012.1,129.66
11.634,23.193,1074.5,3.2021,363.7,1.3,4.0,1022.9,55.9,1024.0,129.66
11.747,23.801,1076.1,3.288,195.9,0.7,2.0,1018.8,89.1,1022.0,129.66
11.839,25.422,1079.5,4.2039,720.7,2.6,7.0,1005.4,43.3,1011.7,129.66
11.923,24.737,1079.6,4.4808,202.6,0.7,2.0,1020.4,89.1,1020.1,129.67
12.062,25.382,1083.9,3.9687,473.1,1.7,5.0,1018.5,0.0,1021.0,129.67
11.702,24.227,1077.3,3.5261,0.0,0.0,0.0,1003.9,18.9,1013.3,129.67
11.983,25.003,1081.0,3.9358,84.6,0.3,1.0,1011.5,89.1,1014.9,129.67
11.824,25.271,1079.5,3.9005,0.0,0.0,0.0,1013.2,89.1,1006.9,129.67
11.798,24.757,1078.9,4.5818,348.9,1.3,3.0,1011.5,87.9,1018.9,129.67
11.973,25.174,1079.3,4.169,0.0,0.0,0.0,1009.7,6.1,1008.0,129.68
11.825,23.928,1077.2,3.3544,0.0,0.0,0.0,1018.9,77.2,1029.0,129.68
11.573,25.826,1074.4,3.04,143.0,0.5,1.0,1017.4,85.5,1008.1,129.68
12.106,25.943,1082.4,4.2997,38.2,0.1,0.0,1006.2,1.5,1010.9,129.69
11.572,26.369,1074.0,3.1346,0.0,0.0,0.0,1015.9,89.1,1026.1,129.69
11.678,23.574,1074.8,3.2959,30.3,0.1,0.0,1013.0,24.0,1020.0,129.69
11.692,23.709,1076.7,3.2842,0.0,0.0,0.0,1024.3,43.8,1021.2,129.69
11.667,29.522,1075.7,3.2294,152.3,0.5,2.0,1014.9,89.1,1025.1,129.7
12.016,24.72,1080.5,3.9425,60.9,0.2,1.0,1015.9,32.5,1016.0,129.7
11.491,22.973,1071.3,3.0151,0.0,0.0,0.0,1007.4,90.3,1022.3,129.7
11.572,22.826,1071.9,3.0099,0.0,0.0,0.0,1010.8,25.3,996.1,129.7
11.858,25.088,1078.1,3.8523,9.5,0.0,0.0,1007.0,14.0,1013.9,129.7
11.813,23.846,1077.0,3.3372,0.0,0.0,0.0,1019.6,45.0,1028.9,129.7
11.932,24.995,1079.3,4.5903,0.0,0.0,0.0,1011.1,0.0,1016.9,129.71
11.729,24.948,1077.5,3.8588,0.0,0.0,0.0,1002.0,84.0,1010.7,129.71
11.56,23.473,1071.9,3.0048,0.0,0.0,0.0,1011.1,89.5,998.2,129.71
11.901,25.052,1078.7,4.1415,5.0,0.0,0.0,1005.5,0.0,1010.0,129.71
11.746,24.167,1077.5,3.4492,21.7,0.1,0.0,1011.0,78.2,1019.1,129.71
11.746,23.587,1075.8,3.2762,34.8,0.1,0.0,1025.7,6.7,1025.2,129.71
11.825,24.287,1078.7,3.4303,0.0,0.0,0.0,1017.4,77.2,1021.1,129.71
11.788,24.381,1077.8,3.5861,259.9,0.9,3.0,1002.0,89.1,1013.2,129.71
11.777,24.414,1076.2,3.7495,8.4,0.0,0.0,1012.7,89.1,1011.9,129.71
11.978,24.784,1080.0,3.9115,125.4,0.5,1.0,1011.0,89.0,1013.9,129.72
11.858,24.284,1078.4,3.7805,1.4,0.0,0.0,1015.8,8.7,1016.9,129.72
11.65,23.509,1074.3,3.2689,0.0,0.0,0.0,1015.8,0.0,1029.1,129.72
11.532,26.042,1072.4,3.0766,19.0,0.1,0.0,1008.3,87.9,995.9,129.72
11.671,23.433,1074.0,3.2595,0.0,0.0,0.0,1015.6,0.0,1029.0,129.72
11.726,23.178,1074.7,3.2974,164.5,0.6,2.0,1026.0,87.9,1028.2,129.72
11.958,25.439,1081.3,4.6408,72.1,0.3,1.0,1012.8,3.6,1016.1,129.72
11.834,24.168,1077.4,4.3494,0.0,0.0,0.0,1019.3,69.9,1020.9,129.73
11.717,24.133,1077.1,4.3895,0.0,0.0,0.0,1017.9,87.8,1021.9,129.73
11.779,24.596,1078.3,4.4678,0.0,0.0,0.0,1014.9,87.6,1022.0,129.73
11.875,24.101,1077.4,3.7747,0.0,0.0,0.0,1010.4,0.0,1009.9,129.74
12.033,24.887,1080.9,3.8417,87.3,0.3,1.0,1011.7,48.9,1014.9,129.74
11.902,24.162,1078.1,3.3082,311.1,1.1,3.0,1017.9,85.5,1019.1,129.74
11.841,23.946,1076.4,3.3152,262.0,0.9,3.0,1013.2,79.8,1022.8,129.74
11.706,24.2,1077.3,3.2876,588.4,2.1,6.0,1013.5,47.6,1023.0,129.74
12.01,24.991,1080.5,3.864,10.9,0.0,0.0,1011.0,0.0,1012.9,129.74
11.781,23.996,1077.2,3.2852,0.0,0.0,0.0,1017.5,89.1,1016.1,129.74
11.691,26.377,1073.7,3.1734,0.0,0.0,0.0,1020.6,15.8,1016.1,129.74
11.522,24.354,1073.8,3.0189,0.0,0.0,0.0,1017.2,87.9,1009.9,129.74
11.815,24.313,1078.4,3.3527,455.6,1.6,5.0,1017.1,84.5,1022.0,129.74
11.589,27.052,1073.7,3.2068,21.3,0.1,0.0,1001.3,55.0,1016.3,129.75
11.954,25.28,1080.2,3.9618,779.8,2.8,8.0,1012.3,79.8,1019.0,129.75
11.803,23.621,1076.5,3.3045,0.0,0.0,0.0,1024.9,43.8,1021.1,129.75
11.691,23.978,1075.5,3.2912,4.1,0.0,0.0,1012.1,60.0,1008.0,129.75
12.081,26.182,1083.8,4.3139,836.5,3.0,8.0,1010.5,23.9,1009.0,129.75
11.966,25.12,1079.9,3.9449,0.0,0.0,0.0,1012.9,0.0,1018.0,129.75
11.745,24.038,1077.9,3.7912,359.4,1.3,4.0,1014.3,86.9,1016.1,129.75
12.017,25.034,1080.2,4.5486,261.8,0.9,3.0,1019.5,89.1,1019.1,129.76
11.71,24.216,1077.3,3.8083,0.0,0.0,0.0,1008.8,14.9,1013.0,129.76
12.039,25.878,1082.1,4.3265,560.3,2.0,6.0,1004.2,89.1,1006.0,129.76
11.826,24.514,1078.6,3.823,373.0,1.3,4.0,1007.3,86.9,1013.9,129.76
11.77,23.331,1076.0,3.3494,252.7,0.9,3.0,1030.5,0.0,1034.1,129.76
11.655,23.352,1074.7,3.2198,0.0,0.0,0.0,1017.6,89.1,1009.3,129.76
11.637,26.557,1073.0,3.1558,0.0,0.0,0.0,1016.2,42.6,1026.3,129.76
11.577,28.214,1074.1,3.1708,744.9,2.7,7.0,1018.7,0.0,1020.0,129.77
11.888,24.927,1080.3,4.5904,219.1,0.8,2.0,1019.0,89.1,1019.9,129.77
11.631,23.149,1072.7,3.0358,191.8,0.7,2.0,1016.3,88.1,1000.4,129.77
12.026,25.021,1080.6,4.5574,298.6,1.1,3.0,1019.8,89.1,1019.1,129.77
11.602,22.687,1073.3,3.1957,0.0,0.0,0.0,1031.6,85.9,1020.3,129.77
11.704,24.365,1076.0,3.9889,29.5,0.1,0.0,1005.4,89.1,1005.3,129.77
11.631,28.879,1073.9,3.1533,792.9,2.9,8.0,1019.1,0.0,1020.3,129.78
11.861,24.164,1077.3,4.4015,0.0,0.0,0.0,1017.5,87.8,1021.8,129.78
11.591,23.449,1073.9,4.1873,0.0,0.0,0.0,1016.9,77.0,1020.2,129.78
12.149,26.577,1082.4,4.45,534.1,1.9,5.0,1004.4,23.9,1004.8,129.78
11.905,25.037,1078.6,4.0082,296.6,1.1,3.0,1008.3,23.9,1005.7,129.78
11.748,23.809,1076.1,3.353,1.7,0.0,0.0,1018.0,83.1,1034.2,129.78
11.847,24.412,1077.7,4.4136,0.0,0.0,0.0,1015.0,55.9,1022.8,129.78
11.883,24.423,1078.6,4.4163,0.0,0.0,0.0,1019.7,55.7,1020.0,129.79
11.596,22.858,1073.2,3.0974,0.0,0.0,0.0,1028.0,85.5,1019.1,129.79
11.758,23.39,1076.2,3.24,0.0,0.0,0.0,1026.0,50.0,1021.2,129.79
11.621,25.915,1073.3,3.1016,258.5,0.9,3.0,1015.8,87.9,1014.2,129.79
11.854,24.808,1078.7,4.4921,0.0,0.0,0.0,1015.7,0.0,1021.7,129.79
11.768,23.653,1075.6,3.4114,451.9,1.6,5.0,1017.6,7.4,1020.4,129.79
11.515,24.066,1073.4,3.0875,0.0,0.0,0.0,1006.1,89.1,1014.1,129.79
11.913,25.664,1081.3,4.1442,879.0,3.2,9.0,1008.5,43.3,1011.8,129.79
11.687,23.899,1076.2,3.401,0.1,0.0,0.0,1016.5,2.4,1026.1,129.79
11.667,23.196,1074.5,3.4252,0.0,0.0,0.0,1017.9,23.3,1018.1,129.79
11.611,23.144,1072.9,3.0307,275.3,1.0,3.0,1017.6,50.0,1004.2,129.79
11.591,25.76,1074.3,3.0549,376.6,1.4,4.0,1009.0,52.3,1011.2,129.79
11.637,23.24,1074.9,3.3497,86.9,0.3,1.0,1033.2,87.9,1022.2,129.8
11.967,25.841,1082.0,4.2811,0.0,0.0,0.0,1010.7,0.0,1006.8,129.8
11.851,24.066,1077.5,3.7505,0.0,0.0,0.0,1016.0,43.3,1018.1,129.8
11.824,24.726,1079.4,4.4953,246.4,0.9,2.0,1017.6,87.9,1022.1,129.8
11.82,25.344,1079.6,4.0456,0.0,0.0,0.0,1005.7,0.0,1004.9,129.81
11.636,22.807,1072.9,3.3,0.0,0.0,0.0,1025.0,0.0,1032.3,129.81
12.004,25.011,1079.7,4.5113,0.0,0.0,0.0,1023.0,0.0,1015.0,129.81
11.588,25.766,1073.9,3.1428,0.0,0.0,0.0,1016.5,89.1,1023.3,129.81
11.885,24.026,1077.4,3.7506,0.0,0.0,0.0,1015.6,8.7,1018.1,129.81
11.983,25.009,1080.7,4.5615,239.9,0.9,2.0,1020.0,89.1,1020.0,129.81
11.722,25.769,1074.6,3.3158,0.0,0.0,0.0,996.36,89.4,1020.3,129.82
12.132,25.889,1083.2,4.192,530.1,1.9,5.0,1010.0,48.8,1009.8,129.82
11.939,25.97,1082.5,4.3788,0.0,0.0,0.0,1009.1,0.0,1013.9,129.82
11.892,25.634,1081.0,4.2503,0.0,0.0,0.0,1003.1,50.6,1005.6,129.82
11.823,24.485,1079.4,3.8231,695.9,2.5,7.0,1014.7,24.0,1015.9,129.82
11.973,24.737,1080.3,3.939,117.4,0.4,1.0,1013.0,80.6,1018.0,129.82
11.64,23.676,1075.9,3.3222,0.0,0.0,0.0,1015.1,23.9,1020.1,129.82
11.751,28.925,1075.2,3.4232,267.3,1.0,3.0,992.86,90.3,1003.3,129.82
11.58,23.092,1071.8,3.0822,0.0,0.0,0.0,1018.3,0.0,1018.1,129.83
11.693,23.123,1074.1,3.316,0.0,0.0,0.0,1019.3,40.0,1009.1,129.83
11.666,23.471,1074.6,3.1982,0.0,0.0,0.0,1017.8,82.0,1035.2,129.83
11.936,24.732,1080.0,3.8449,0.0,0.0,0.0,1012.8,87.8,1017.9,129.83
11.886,25.105,1078.9,4.1551,86.2,0.3,1.0,1005.7,24.0,1010.6,129.83
11.87,24.329,1078.2,3.3433,419.3,1.5,4.0,1013.8,47.6,1023.1,129.83
11.979,24.733,1080.5,3.9299,0.4,0.0,0.0,1017.1,5.2,1018.0,129.83
11.932,24.843,1080.5,3.8932,120.9,0.4,1.0,1014.0,89.1,1016.9,129.83
11.598,23.229,1074.3,3.3569,7.9,0.0,0.0,1024.6,32.0,1026.2,129.83
11.718,23.583,1076.2,3.218,241.6,0.9,2.0,1018.9,41.7,1018.0,129.84
11.581,23.081,1074.0,3.2612,118.9,0.4,1.0,1029.4,23.3,1030.4,129.84
11.674,24.196,1074.5,3.1874,476.8,1.7,5.0,1014.0,48.6,1032.2,129.84
11.832,24.837,1079.9,4.5386,167.4,0.6,2.0,1018.7,87.1,1019.9,129.84
11.72,23.257,1074.6,3.2058,0.6,0.0,0.0,1019.8,89.1,1013.3,129.85
11.721,23.868,1077.6,3.3238,136.2,0.5,1.0,1019.4,89.4,1013.2,129.85
11.688,27.453,1073.8,3.1794,152.8,0.6,2.0,1000.5,22.6,1017.2,129.85
11.811,24.486,1076.3,3.9223,271.1,1.0,3.0,1005.6,89.1,1006.1,129.85
11.697,23.073,1074.1,3.1987,0.0,0.0,0.0,1019.2,89.1,1006.9,129.85
11.749,24.095,1077.8,3.3203,93.7,0.3,1.0,1013.1,87.9,1016.2,129.85
11.62,23.887,1075.5,3.546,0.0,0.0,0.0,998.82,0.0,1008.0,129.85
11.666,23.322,1074.0,3.1816,0.0,0.0,0.0,1017.9,81.5,1035.2,129.85
11.874,24.728,1079.0,3.6025,48.7,0.2,0.0,1008.9,40.0,1008.9,129.85
11.889,24.435,1079.1,3.7834,0.0,0.0,0.0,1012.8,83.4,1018.1,129.85
11.92,24.659,1079.3,3.8238,0.0,0.0,0.0,1011.2,52.2,1015.0,129.85
11.721,23.722,1075.1,3.2966,27.2,0.1,0.0,1015.6,23.9,1028.2,129.85
11.937,25.499,1080.1,4.1602,0.0,0.0,0.0,1002.4,0.9,1011.8,129.85
11.6,23.396,1074.2,4.0423,0.0,0.0,0.0,1018.6,77.0,1020.2,129.86
11.805,24.303,1078.7,3.7774,0.7,0.0,0.0,1014.6,29.3,1018.9,129.86
11.991,25.954,1082.6,4.1968,924.6,3.3,9.0,1005.4,5.2,1006.8,129.86
11.907,25.378,1079.3,4.5262,108.7,0.4,1.0,1014.3,86.4,1021.8,129.86
11.625,23.199,1073.2,3.1966,0.0,0.0,0.0,1014.7,20.3,1018.0,129.86
11.739,24.109,1077.5,3.2811,225.8,0.8,2.0,1016.8,86.9,1021.0,129.86
11.731,24.1,1077.3,3.368,161.3,0.6,2.0,1017.1,21.2,1019.2,129.86
11.549,22.859,1073.5,3.6911,0.0,0.0,0.0,1028.7,87.9,1026.3,129.86
11.708,24.094,1077.4,3.496,451.5,1.6,5.0,1007.9,43.6,1017.2,129.86
11.683,23.409,1075.8,3.355,0.0,0.0,0.0,1031.4,66.0,1034.4,129.86
11.75,23.534,1074.9,3.2567,145.9,0.5,1.0,1015.4,87.9,1018.1,129.86
11.908,24.38,1078.2,4.4256,0.0,0.0,0.0,1018.7,86.7,1021.1,129.86
11.673,28.041,1075.3,3.3232,366.9,1.3,4.0,994.63,55.7,1017.1,129.86
11.535,22.874,1071.6,3.0302,0.0,0.0,0.0,1023.1,89.1,1019.2,129.86
12.236,25.936,1085.4,4.2054,222.2,0.8,2.0,1007.6,82.6,1016.1,129.86
11.833,24.2,1077.5,3.7881,0.0,0.0,0.0,1014.2,14.9,1014.0,129.86
11.875,25.831,1081.6,4.2561,0.0,0.0,0.0,1006.9,30.0,1010.8,129.86
11.678,24.919,1073.5,3.088,100.5,0.4,1.0,1012.9,87.9,995.2,129.87
11.849,24.785,1079.8,3.816,0.0,0.0,0.0,1012.4,85.4,1018.2,129.87
11.774,23.819,1075.7,3.2919,0.0,0.0,0.0,1012.7,42.9,1023.0,129.87
11.621,24.682,1074.1,3.1727,1.7,0.0,0.0,1016.0,89.1,1024.1,129.87
11.81,23.759,1077.0,3.3146,103.0,0.4,1.0,1019.3,32.1,1022.1,129.87
12.049,25.202,1081.6,3.9317,444.2,1.6,4.0,1009.5,83.4,1013.1,129.87
11.647,25.085,1073.0,3.1048,321.5,1.2,3.0,1003.6,49.8,1008.2,129.87
11.701,23.776,1076.8,3.2956,222.1,0.8,2.0,1023.2,84.5,1023.1,129.87
11.677,27.011,1074.5,3.1804,563.6,2.0,6.0,1013.4,79.8,1029.3,129.87
11.605,23.187,1075.3,3.2649,0.0,0.0,0.0,1032.3,44.0,1020.5,129.88
11.93,24.155,1078.5,3.7746,0.0,0.0,0.0,1016.5,50.0,1019.0,129.88
11.822,24.03,1076.8,3.4575,0.0,0.0,0.0,1008.2,0.0,1017.2,129.88
11.73,24.201,1077.4,4.3664,0.0,0.0,0.0,1019.7,87.8,1020.0,129.88
11.698,24.178,1075.2,3.1173,0.0,0.0,0.0,1018.0,89.0,1007.9,129.88
11.581,23.163,1073.4,3.0783,17.2,0.1,0.0,1009.4,90.0,1016.0,129.88
11.913,24.695,1079.6,3.849,0.0,0.0,0.0,1011.3,51.2,1014.8,129.88
11.924,24.678,1080.8,3.8951,294.9,1.1,3.0,1020.8,28.3,1024.0,129.88
11.623,22.902,1073.8,3.3083,0.0,0.0,0.0,1026.5,87.9,1027.3,129.89
11.704,25.527,1071.4,3.1661,162.3,0.6,2.0,1026.4,86.8,1018.2,129.89
11.67,23.175,1074.0,3.241,0.0,0.0,0.0,1018.1,0.0,1019.1,129.89
11.716,23.79,1076.1,3.4475,0.2,0.0,0.0,1010.9,20.9,1017.3,129.89
11.664,23.488,1075.0,3.286,0.0,0.0,0.0,1014.0,23.9,1020.0,129.89
11.832,24.577,1078.3,3.7279,0.0,0.0,0.0,1008.0,23.9,1010.8,129.89
11.783,24.303,1077.1,3.7815,0.0,0.0,0.0,1006.3,77.9,1009.9,129.89
11.618,25.612,1073.4,3.1691,0.0,0.0,0.0,1002.1,83.1,1016.2,129.89
11.596,25.724,1074.2,3.1815,653.7,2.4,7.0,1014.1,82.2,1029.1,129.89
11.961,24.791,1079.8,3.8294,0.0,0.0,0.0,1012.3,89.0,1018.9,129.89
11.974,24.78,1079.6,3.8599,0.0,0.0,0.0,1012.4,89.0,1018.9,129.89
11.822,24.107,1077.7,3.7667,54.4,0.2,1.0,1012.3,89.1,1018.3,129.89
11.719,26.316,1074.8,3.0671,332.4,1.2,3.0,1018.0,87.9,1008.2,129.9
11.881,24.055,1077.6,3.7802,0.0,0.0,0.0,1014.2,24.6,1014.8,129.9
11.845,24.258,1077.7,3.8068,0.0,0.0,0.0,1010.7,51.2,1012.9,129.9
12.009,24.909,1080.2,3.616,838.7,3.0,8.0,1013.2,50.0,1019.9,129.9
11.855,24.193,1077.9,3.5308,235.7,0.8,2.0,1009.0,75.6,1018.2,129.9
11.609,23.033,1074.2,3.3163,0.0,0.0,0.0,1025.3,48.3,1025.4,129.91
11.696,26.117,1074.5,3.1768,577.5,2.1,6.0,1013.6,79.8,1029.1,129.91
11.676,23.487,1074.7,3.9606,0.0,0.0,0.0,1018.9,77.0,1020.1,129.91
11.764,23.997,1077.8,3.7249,0.0,0.0,0.0,1016.6,24.9,1018.0,129.91
11.6,22.733,1072.8,3.0583,0.0,0.0,0.0,1027.7,85.5,1019.3,129.91
11.866,23.806,1077.3,3.3275,235.0,0.8,2.0,1019.2,46.0,1022.3,129.91
11.901,24.449,1078.4,4.4272,0.0,0.0,0.0,1019.8,52.3,1020.1,129.91
11.731,28.384,1074.3,3.2582,508.0,1.8,5.0,998.81,77.9,1017.0,129.91
11.621,23.734,1071.6,3.3859,0.0,0.0,0.0,1021.2,0.0,1013.1,129.91
11.795,23.977,1076.9,3.4454,0.0,0.0,0.0,1009.5,0.0,1018.0,129.91
11.675,28.782,1075.2,3.1723,469.4,1.7,5.0,1013.4,90.0,1021.2,129.91
11.855,23.906,1077.2,3.249,0.0,0.0,0.0,1017.3,89.1,1016.2,129.91
11.891,24.749,1079.4,3.8774,543.5,2.0,5.0,1007.7,52.2,1009.8,129.92
11.81,23.951,1077.0,3.3393,472.4,1.7,5.0,1019.1,5.2,1026.1,129.92
11.903,24.652,1079.3,3.8101,12.6,0.0,0.0,1008.6,0.0,1012.7,129.92
11.845,24.851,1079.7,4.5193,151.4,0.5,2.0,1016.3,80.6,1023.0,129.92
11.775,23.762,1076.0,3.2884,119.1,0.4,1.0,1019.3,89.1,1022.1,129.92
11.551,23.167,1073.8,3.199,0.0,0.0,0.0,1018.0,0.0,1019.0,129.92
11.583,23.966,1072.5,3.7267,0.0,0.0,0.0,1002.0,89.1,1012.0,129.92
11.83,24.29,1077.6,4.4604,0.0,0.0,0.0,1015.0,0.0,1021.0,129.92
11.667,23.548,1075.8,3.1993,0.0,0.0,0.0,1014.3,83.3,1017.1,129.92
11.67,24.112,1077.1,3.3193,371.6,1.3,4.0,1016.7,49.8,1035.0,129.93
11.606,23.139,1074.2,3.2859,15.1,0.1,0.0,1019.2,82.9,1009.2,129.93
11.914,25.488,1080.6,4.0762,475.7,1.7,5.0,1005.5,24.0,1004.9,129.93
11.803,23.91,1076.7,3.5098,0.0,0.0,0.0,1007.7,0.0,1010.1,129.93
11.761,24.343,1078.0,3.4483,107.8,0.4,1.0,1011.9,85.5,1022.2,129.93
12.015,25.039,1081.9,4.0206,336.2,1.2,3.0,1014.2,51.2,1016.9,129.93
11.632,28.931,1074.7,3.2076,591.6,2.1,6.0,1020.8,48.1,1017.0,129.93
11.611,22.814,1072.2,2.9681,364.8,1.3,4.0,1008.0,87.9,992.1,129.93
12.003,26.116,1083.4,4.3518,69.5,0.3,1.0,1004.5,89.1,1007.9,129.93
11.738,24.037,1077.1,3.3939,379.1,1.4,4.0,1019.2,84.0,1022.0,129.93
11.84,24.004,1077.0,3.465,0.0,0.0,0.0,1010.0,0.0,1018.0,129.94
11.874,24.357,1078.4,3.5897,0.0,0.0,0.0,1009.2,43.6,1021.2,129.94
11.849,23.952,1077.0,3.3823,421.2,1.5,4.0,1019.3,0.0,1026.1,129.94
11.921,26.696,1079.6,4.5323,371.0,1.3,4.0,1014.2,86.9,1021.0,129.94
11.476,23.111,1072.3,2.9977,0.0,0.0,0.0,1010.5,90.3,1022.4,129.94
11.512,26.705,1073.0,3.0972,126.2,0.5,1.0,1008.6,89.1,996.2,129.94
11.915,24.382,1079.5,3.415,202.9,0.7,2.0,1023.3,89.1,1019.2,129.94
11.491,23.183,1072.4,3.0411,0.0,0.0,0.0,1021.3,89.0,1019.9,129.94
11.794,24.038,1077.7,3.7437,0.0,0.0,0.0,1015.8,43.3,1018.1,129.95
11.845,24.016,1077.5,3.3014,0.0,0.0,0.0,1017.6,89.1,1016.1,129.95
11.879,24.969,1079.8,4.641,0.0,0.0,0.0,1011.5,56.9,1017.1,129.95
11.603,23.447,1075.3,3.2321,0.0,0.0,0.0,1022.7,83.1,1023.3,129.95
11.443,22.659,1071.4,2.9256,317.9,1.1,3.0,1022.1,86.8,1019.9,129.95
11.644,23.879,1075.9,3.4477,285.8,1.0,3.0,1004.5,87.9,1019.2,129.95
11.923,24.855,1079.0,4.5661,319.8,1.2,3.0,1011.9,85.4,1019.0,129.95
11.851,24.315,1077.8,3.5724,0.0,0.0,0.0,1002.6,0.0,1014.1,129.95
11.927,25.193,1078.8,4.4978,0.0,0.0,0.0,1015.8,97.2,1021.9,129.95
11.903,24.495,1078.1,4.4643,0.0,0.0,0.0,1015.1,0.0,1021.0,129.95
11.518,22.746,1072.0,2.9584,268.1,1.0,3.0,1008.1,87.9,992.1,129.95
12.001,25.348,1080.7,4.5977,0.0,0.0,0.0,1012.8,0.0,1015.2,129.95
11.896,25.702,1081.5,4.2367,674.4,2.4,7.0,1011.4,27.8,1007.7,129.96
11.739,24.21,1078.0,3.471,227.7,0.8,2.0,1019.2,85.9,1024.1,129.96
11.572,24.198,1072.0,3.4701,0.0,0.0,0.0,1009.5,54.1,1021.3,129.96
11.924,24.776,1079.8,3.7943,659.4,2.4,7.0,1010.5,0.0,1010.1,129.96
11.964,24.903,1079.6,4.5391,432.6,1.6,4.0,1015.2,50.0,1021.0,129.96
11.727,28.502,1075.3,3.3529,276.2,1.0,3.0,993.42,90.3,1005.1,129.96
11.823,25.529,1079.9,4.1149,0.0,0.0,0.0,1002.4,1.5,1011.8,129.96
11.979,25.307,1079.8,4.1854,0.0,0.0,0.0,1009.6,20.2,1008.0,129.96
11.685,24.062,1076.4,3.4497,253.3,0.9,3.0,1006.1,87.9,1021.1,129.96
11.689,23.194,1074.3,3.3135,0.0,0.0,0.0,1019.4,32.6,1008.9,129.96
11.985,25.041,1080.8,4.0007,130.5,0.5,1.0,1007.7,0.0,1010.0,129.97
11.589,22.908,1073.4,3.1118,1.8,0.0,0.0,1028.3,85.5,1018.4,129.97
11.585,22.833,1072.1,2.9663,134.2,0.5,1.0,1008.1,87.9,992.1,129.97
11.7,24.672,1076.7,3.7364,0.0,0.0,0.0,1009.1,2.8,1016.8,129.97
11.546,23.101,1072.9,3.3111,0.0,0.0,0.0,1029.1,2.4,1031.5,129.97
11.832,24.34,1077.4,4.4361,0.0,0.0,0.0,1014.8,1.5,1020.8,129.97
11.64,22.926,1073.9,3.2394,20.8,0.1,0.0,1034.1,50.0,1021.2,129.98
11.55,23.699,1071.5,2.8852,493.8,1.8,5.0,1018.5,87.9,1009.9,129.98
11.822,24.145,1076.0,3.5244,229.2,0.8,2.0,999.25,85.4,1006.2,129.98
11.683,24.476,1073.5,3.3804,32.3,0.1,0.0,1006.8,13.2,1019.0,129.98
11.759,23.79,1075.6,3.3243,148.9,0.5,1.0,1015.5,23.9,1028.2,129.98
11.635,22.996,1074.0,3.2434,0.0,0.0,0.0,1033.3,52.3,1018.2,129.98
11.891,24.631,1078.8,3.8594,0.0,0.0,0.0,1006.0,85.5,1011.1,129.98
11.93,24.284,1078.9,3.3371,121.7,0.4,1.0,1018.3,85.5,1021.3,129.98
11.784,23.876,1076.8,3.3213,177.6,0.6,2.0,1020.1,85.9,1033.3,129.99
11.676,28.113,1073.9,3.2451,0.0,0.0,0.0,997.63,87.9,1015.2,129.99
11.741,23.96,1076.2,3.2883,0.0,0.0,0.0,1006.1,55.7,1018.0,129.99
11.811,24.007,1077.2,3.414,0.0,0.0,0.0,1019.2,5.4,1022.2,129.99
11.908,24.149,1078.5,3.7556,0.0,0.0,0.0,1015.9,50.0,1019.9,129.99
12.009,24.893,1080.5,3.9217,207.4,0.7,2.0,1010.9,85.5,1014.0,129.99
11.707,28.591,1074.2,3.1942,460.9,1.7,5.0,1015.6,0.0,1028.4,130.0
11.903,24.953,1079.7,4.5847,0.0,0.0,0.0,1011.0,48.7,1017.1,130.0
11.87,24.367,1078.6,3.7902,249.6,0.9,2.0,1014.8,5.2,1015.7,130.0
11.987,24.814,1081.1,3.7691,768.7,2.8,8.0,1014.2,24.0,1016.9,130.0
11.801,23.926,1077.4,3.2668,0.0,0.0,0.0,1017.2,89.1,1017.1,130.0
11.552,22.58,1071.4,2.9342,159.0,0.6,2.0,1021.9,54.8,1020.0,130.0
11.776,23.58,1076.6,3.3832,283.6,1.0,3.0,1031.9,87.9,1024.3,130.0
12.097,25.436,1084.1,3.977,288.8,1.0,3.0,1018.7,0.0,1020.9,130.0
11.567,25.671,1072.7,3.0722,96.4,0.3,1.0,1018.6,50.0,1018.1,130.0
11.558,24.674,1073.9,3.0791,183.4,0.7,2.0,1006.5,89.4,1023.5,130.0
11.648,22.869,1073.9,3.31,0.0,0.0,0.0,1030.1,24.0,1032.4,130.0
11.789,24.093,1077.0,4.393,0.0,0.0,0.0,1014.7,99.0,1021.1,130.0
12.052,25.724,1076.1,3.6564,2.3,0.0,0.0,1008.1,83.0,1014.0,130.0
11.889,24.559,1078.4,4.4607,0.0,0.0,0.0,1015.0,87.6,1022.8,130.0
12.051,26.12,1079.1,4.4263,0.0,0.0,0.0,1013.5,0.4,1007.8,130.01
11.854,23.71,1077.4,3.6769,100.2,0.4,1.0,1022.1,89.1,1025.1,130.01
11.676,23.379,1073.2,3.0998,0.0,0.0,0.0,1004.9,89.1,1002.3,130.01
11.682,22.876,1073.4,3.3276,0.0,0.0,0.0,1030.0,0.0,1030.2,130.01
11.994,25.391,1081.6,4.721,415.3,1.5,4.0,1011.2,78.2,1013.9,130.01
11.674,24.567,1073.5,3.0897,257.2,0.9,3.0,1015.9,85.5,1015.2,130.01
11.815,24.9,1078.1,3.9555,0.0,0.0,0.0,1012.0,86.3,1013.4,130.01
11.611,26.984,1074.3,3.1948,255.3,0.9,3.0,1014.3,89.1,1017.1,130.01
12.059,25.748,1082.1,4.0396,676.4,2.4,7.0,1010.7,88.1,1011.9,130.01
12.064,24.951,1081.6,4.0002,332.6,1.2,3.0,1015.6,85.4,1015.9,130.02
11.832,24.868,1079.4,4.5421,224.5,0.8,2.0,1016.2,54.4,1022.1,130.02
11.667,28.379,1074.1,3.2623,0.0,0.0,0.0,998.07,89.1,1015.1,130.02
12.074,25.935,1082.6,4.2711,0.0,0.0,0.0,1006.4,28.1,1010.9,130.02
11.882,24.584,1077.5,3.8523,127.9,0.5,1.0,1016.2,0.0,1020.7,130.02
11.929,25.028,1080.0,4.6238,21.8,0.1,0.0,1013.3,49.3,1021.9,130.02
11.777,23.366,1075.6,3.2404,0.7,0.0,0.0,1019.0,8.8,1022.0,130.02
11.629,29.093,1074.4,3.1807,434.4,1.6,4.0,1011.9,80.0,1023.2,130.02
12.095,25.482,1083.1,4.081,0.0,0.0,0.0,1009.3,0.0,1015.2,130.03
11.74,23.65,1074.8,3.3111,0.0,0.0,0.0,1008.8,60.0,1022.0,130.03
11.787,23.973,1077.6,3.2575,0.0,0.0,0.0,1019.7,8.8,1020.0,130.03
11.618,24.862,1073.0,3.1112,0.5,0.0,0.0,1014.2,89.1,1018.4,130.03
11.849,24.305,1078.5,3.5635,0.0,0.0,0.0,1009.9,0.0,1021.1,130.03
11.717,24.113,1072.4,3.5284,44.2,0.2,0.0,1019.7,93.7,1022.2,130.03
11.774,23.364,1075.1,3.3872,233.4,0.8,2.0,1024.1,15.8,1026.5,130.03
11.81,24.636,1079.5,3.8389,0.0,0.0,0.0,1013.4,0.0,1015.1,130.03
11.728,28.678,1074.5,3.2125,497.6,1.8,5.0,994.25,0.0,1017.2,130.03
12.012,24.863,1080.8,3.8957,46.7,0.2,0.0,1013.8,89.0,1016.9,130.04
11.878,24.108,1077.6,3.4777,22.0,0.1,0.0,1005.6,0.0,1013.3,130.04
11.61,22.692,1072.4,2.758,0.0,0.0,0.0,1023.1,89.3,1025.9,130.04
11.686,23.492,1074.7,3.6395,0.0,0.0,0.0,1019.6,0.0,1020.1,130.04
11.629,23.413,1075.7,3.3182,16.1,0.1,0.0,1031.8,56.9,1018.2,130.04
11.62,28.523,1074.9,3.1342,32.6,0.1,0.0,1015.6,89.1,1026.0,130.04
11.744,29.178,1075.6,3.4193,267.5,1.0,3.0,990.81,89.1,1008.1,130.04
12.11,26.37,1084.8,4.3831,579.8,2.1,6.0,1006.9,52.2,1007.9,130.04
11.519,23.429,1068.7,3.2115,12.3,0.0,0.0,1023.3,87.9,1026.1,130.04
11.765,24.31,1078.9,3.4103,0.0,0.0,0.0,1017.0,77.2,1021.0,130.04
11.627,24.426,1073.3,3.2689,301.0,1.1,3.0,1016.4,2.6,1020.1,130.05
11.646,23.734,1074.3,3.1035,0.0,0.0,0.0,1017.9,89.1,1007.2,130.05
11.526,24.528,1073.2,3.0759,14.8,0.1,0.0,1004.8,90.3,1024.3,130.05
11.891,24.464,1078.9,3.759,0.0,0.0,0.0,1013.9,24.0,1017.0,130.05
11.811,23.869,1076.8,3.3707,0.0,0.0,0.0,1021.3,1.4,1023.3,130.05
11.745,23.761,1075.1,3.3754,0.0,0.0,0.0,1008.2,65.3,1021.2,130.05
11.897,25.479,1081.7,4.7311,220.4,0.8,2.0,1009.4,89.1,1016.2,130.05
11.99,25.147,1081.3,3.9265,380.8,1.4,4.0,1009.8,81.7,1013.8,130.05
11.514,23.506,1072.3,3.1557,0.0,0.0,0.0,1012.4,0.0,1026.1,130.05
11.654,23.484,1074.4,3.3463,0.0,0.0,0.0,1013.3,74.8,1020.3,130.05
11.625,28.118,1073.6,3.1326,487.8,1.8,5.0,1023.3,84.3,1020.2,130.05
11.771,24.87,1078.7,3.9178,0.0,0.0,0.0,1012.0,24.0,1021.0,130.06
11.82,24.681,1078.9,3.7427,120.8,0.4,1.0,1008.4,53.1,1009.9,130.06
11.605,25.116,1074.2,3.0236,0.0,0.0,0.0,1013.2,50.0,1010.1,130.06
11.957,24.868,1079.7,3.647,184.1,0.7,2.0,1009.2,0.0,1009.9,130.06
11.765,24.149,1076.7,3.7304,16.0,0.1,0.0,1007.8,45.0,1010.0,130.06
11.584,25.209,1074.6,3.1374,225.7,0.8,2.0,1014.0,26.2,1032.0,130.06
11.618,22.643,1072.8,3.1804,0.0,0.0,0.0,1031.4,77.2,1020.3,130.06
11.59,24.81,1074.7,3.1681,382.0,1.4,4.0,1013.8,49.6,1032.2,130.06
11.764,24.004,1077.1,3.7766,0.0,0.0,0.0,1010.8,43.8,1013.1,130.07
11.875,24.439,1078.9,3.7232,18.0,0.1,0.0,1014.6,0.0,1012.8,130.07
11.874,23.899,1077.3,3.2553,0.0,0.0,0.0,1017.1,89.1,1016.3,130.07
11.791,24.043,1076.1,3.2999,198.4,0.7,2.0,1007.2,89.1,1018.1,130.07
11.891,24.196,1078.6,3.7566,0.0,0.0,0.0,1016.0,43.8,1019.2,130.07
11.598,27.393,1073.4,3.0815,172.2,0.6,2.0,1008.8,89.1,996.2,130.07
11.53,27.529,1073.5,3.1528,296.3,1.1,3.0,1018.1,40.0,1018.2,130.07
11.637,23.686,1076.2,3.2618,0.0,0.0,0.0,1013.9,83.3,1017.1,130.07
11.68,23.162,1074.5,3.3641,209.5,0.8,2.0,1024.6,85.5,1031.4,130.07
11.856,24.612,1080.1,3.8895,0.0,0.0,0.0,1015.6,11.9,1016.0,130.07
11.859,24.945,1080.5,4.5657,276.3,1.0,3.0,1018.8,88.1,1019.9,130.08
11.617,24.792,1074.5,3.1845,0.0,0.0,0.0,1021.2,89.4,1023.3,130.08
11.68,24.093,1072.0,3.412,0.0,0.0,0.0,1011.0,86.6,1022.2,130.08
11.524,22.791,1073.5,3.2608,0.0,0.0,0.0,1025.1,8.8,1025.5,130.08
11.768,23.711,1075.9,3.264,0.0,0.0,0.0,1010.5,87.9,1021.0,130.08
11.886,25.878,1079.7,4.586,497.7,1.8,5.0,1015.0,88.1,1021.9,130.08
11.976,24.954,1081.2,3.7901,396.9,1.4,4.0,1012.9,68.9,1013.7,130.08
11.995,25.329,1083.1,3.8998,704.5,2.5,7.0,1013.6,49.5,1017.8,130.08
11.693,27.958,1075.4,3.3905,404.3,1.5,4.0,994.34,23.9,1008.0,130.08
11.916,25.537,1082.0,4.728,392.5,1.4,4.0,1009.4,89.1,1016.9,130.09
11.635,28.625,1074.5,3.3406,423.7,1.5,4.0,993.51,5.3,1017.2,130.09
11.913,24.374,1078.8,3.7764,332.3,1.2,3.0,1017.9,43.8,1021.8,130.09
11.653,27.657,1075.0,3.0671,0.0,0.0,0.0,1012.5,84.1,1011.0,130.09
11.647,23.591,1074.0,3.1349,188.2,0.7,2.0,1015.5,30.0,1015.3,130.09
11.703,23.624,1076.2,3.2895,50.4,0.2,1.0,1020.7,8.8,1030.2,130.09
11.828,24.34,1079.0,3.4648,149.2,0.5,1.0,1017.1,89.1,1022.2,130.09
11.534,22.88,1072.1,3.0406,0.0,0.0,0.0,1010.1,88.1,999.1,130.09
11.782,23.862,1076.0,3.7092,0.0,0.0,0.0,1007.0,0.0,1010.1,130.09
11.872,24.804,1080.7,3.962,0.0,0.0,0.0,1013.2,0.0,1015.1,130.09
11.814,24.057,1076.3,3.763,0.0,0.0,0.0,1007.1,40.0,1010.1,130.09
11.664,24.038,1077.0,3.3401,340.4,1.2,3.0,1016.9,48.8,1034.2,130.09
12.07,25.133,1082.2,4.0057,664.1,2.4,7.0,1013.2,43.4,1017.1,130.09
11.754,23.902,1076.6,3.3092,465.2,1.7,5.0,1019.1,0.0,1025.3,130.09
11.527,24.151,1072.0,3.4535,0.0,0.0,0.0,1010.1,53.1,1022.0,130.09
11.726,23.362,1074.8,3.2154,0.0,0.0,0.0,1022.9,9.0,1025.2,130.1
11.748,24.137,1078.0,3.6317,0.0,0.0,0.0,1016.4,0.0,1020.8,130.1
12.091,25.813,1082.4,4.0867,78.1,0.3,1.0,1012.7,8.7,1015.1,130.1
11.66,23.229,1074.4,3.2129,112.4,0.4,1.0,1017.5,50.8,1032.0,130.1
11.872,24.919,1079.5,4.5735,391.1,1.4,4.0,1011.8,87.9,1019.0,130.11
11.88,25.018,1081.0,3.9129,329.8,1.2,3.0,1010.2,50.7,1013.8,130.11
11.913,24.827,1076.7,3.8951,0.0,0.0,0.0,1008.3,83.1,1008.1,130.11
11.849,24.084,1077.0,3.3011,419.8,1.5,4.0,1013.3,79.3,1022.1,130.11
11.628,24.052,1075.3,3.112,0.0,0.0,0.0,1018.2,84.1,1007.2,130.11
11.872,24.264,1077.5,3.5785,14.4,0.1,0.0,1011.7,83.1,1022.2,130.11
11.917,24.564,1079.3,3.8267,0.7,0.0,0.0,1014.0,24.0,1016.8,130.11
11.878,25.517,1080.1,3.9367,318.0,1.1,3.0,1009.7,46.2,1016.0,130.11
11.947,25.016,1080.4,4.5578,333.5,1.2,3.0,1017.5,81.9,1022.9,130.11
11.886,24.772,1078.7,4.4688,0.0,0.0,0.0,1015.6,86.6,1021.8,130.11
11.741,24.479,1076.3,3.7641,78.5,0.3,1.0,1011.7,30.0,1008.0,130.11
11.912,24.953,1081.5,3.9923,0.0,0.0,0.0,1014.1,44.0,1012.9,130.12
11.849,23.741,1077.6,3.6962,298.9,1.1,3.0,1021.9,87.9,1025.0,130.12
11.831,24.538,1078.5,3.819,207.0,0.7,2.0,1007.4,43.6,1008.8,130.12
11.63,23.2,1073.7,3.2466,0.0,0.0,0.0,1019.6,50.0,1008.1,130.12
11.82,25.223,1079.4,3.8915,0.0,0.0,0.0,1012.8,89.0,1007.0,130.12
11.753,23.406,1076.0,3.3579,131.0,0.5,1.0,1031.8,0.0,1036.2,130.12
11.922,24.314,1079.2,3.7888,430.6,1.6,4.0,1015.5,51.2,1016.9,130.12
11.734,23.516,1076.0,3.2557,0.0,0.0,0.0,1019.1,8.8,1022.1,130.12
11.922,25.067,1082.0,4.0119,0.1,0.0,0.0,1013.7,48.8,1012.2,130.12
11.902,24.834,1079.7,3.7652,506.3,1.8,5.0,1010.3,0.0,1010.0,130.13
11.571,23.56,1071.8,3.0328,0.0,0.0,0.0,1022.4,43.6,1021.1,130.13
11.729,24.292,1072.8,3.2662,230.8,0.8,2.0,1019.6,49.8,1022.0,130.13
11.843,24.71,1079.6,4.4592,53.0,0.2,1.0,1019.5,89.1,1019.8,130.13
11.857,23.982,1077.6,3.286,5.5,0.0,0.0,1017.4,89.1,1017.2,130.13
11.777,24.246,1078.1,3.4687,292.3,1.1,3.0,1019.1,88.1,1023.2,130.13
11.761,23.8,1076.6,3.37,0.0,0.0,0.0,1015.1,0.0,1019.1,130.13
11.993,24.927,1081.5,3.9889,307.1,1.1,3.0,1015.4,84.8,1016.0,130.13
11.628,25.499,1074.8,2.995,0.9,0.0,0.0,1017.2,55.7,1009.1,130.13
11.587,22.882,1073.6,3.195,0.0,0.0,0.0,1033.3,52.3,1018.4,130.13
11.642,23.971,1076.3,3.4619,0.0,0.0,0.0,1012.3,0.0,1019.2,130.13
11.592,22.94,1072.4,2.9614,456.6,1.6,5.0,1008.1,87.9,992.2,130.13
11.985,25.214,1081.1,3.9441,0.0,0.0,0.0,1009.1,78.2,1014.2,130.13
